{
  "type": "FeatureCollection",
  "features": [
    {
      "type": "Feature",
      "properties": {
        "name": "Миссисипская низменность",
        "name_en": "Mississippi Alluvial Plain",
        "description": "Лёгкая волнистость рельефа объясняется древними ледниковыми и водно-ледниковыми процессами."
      },
      "geometry": {
        "coordinates": [
          [
            [
              -90.19352521521849,
              29.477617917836298
            ],
            [
              -88.47880490038706,
              32.41827078014174
            ],
            [
              -88.15439835433796,
              35.643622460253894
            ],
            [
              -88.24708593892335,
              37.02488725852882
            ],
            [
              -89.59105591541272,
              37.20966025818204
            ],
            [
              -91.07405726878042,
              36.355980218054256
            ],
            [
              -92.88146516819724,
              33.73852522939822
            ],
            [
              -93.0204965450751,
              30.640801647720707
            ],
            [
              -90.19352521521849,
              29.477617917836298
            ]
          ]
        ],
        "type": "Polygon"
      }
    },
    {
      "type": "Feature",
      "properties": {
        "name": "Амазонская низменность",
        "name_en": "Amazon Basin",
        "description": "Просторная равнинная территория с густой речной сетью и благоприятными условиями для земледелия."
      },
      "geometry": {
        "type": "MultiPolygon",
        "coordinates": [
          [
            [
              [
                -59.96367346913502,
                2.876349188275327
              ],
              [
                -59.89305579335374,
                2.48834869999412
              ],
              [
                -59.700961248619706,
                1.829738832334499
              ],
              [
                -59.64610755116627,
                1.64166901249412
              ],
              [
                -58.64067542225996,
                1.377081610150327
              ],
              [
                -57.74503682698921,
                1.708799608398735
              ],
              [
                -57.21190344960374,
                1.906256414837813
              ],
              [
                -56.1818287775296,
                1.906256414837813
              ],
              [
                -55.94194495351002,
                1.906256414837813
              ],
              [
                -56.06058555472413,
                2.380818819694454
              ],
              [
                -56.068754615466815,
                2.413495062665078
              ],
              [
                -56.10069739491624,
                2.54126618046287
              ],
              [
                -55.86534420499842,
                2.551804927268947
              ],
              [
                -55.71141233874468,
                2.558697754871588
              ],
              [
                -54.91893469960377,
                2.594183660931606
              ],
              [
                -54.40733801991624,
                2.117926336712856
              ],
              [
                -52.97862708241621,
                2.276678778119077
              ],
              [
                -52.65170101893858,
                2.33612923106547
              ],
              [
                -52.59062659413502,
                2.347235418744063
              ],
              [
                -52.34361731679127,
                3.193915106244077
              ],
              [
                -51.753067347291676,
                4.046886319398936
              ],
              [
                -51.66376444592112,
                4.175872532343618
              ],
              [
                -51.65933435432241,
                4.182271212896491
              ],
              [
                -51.6532714843749,
                4.138769531250034
              ],
              [
                -51.65810546875002,
                4.098486328125034
              ],
              [
                -51.652539062499955,
                4.061279296875057
              ],
              [
                -51.5578124999999,
                4.233789062500023
              ],
              [
                -51.547070312499955,
                4.31088867187492
              ],
              [
                -51.48336334901375,
                4.313034054777759
              ],
              [
                -51.422724774612774,
                4.288077572498344
              ],
              [
                -51.3270996093749,
                4.224755859374966
              ],
              [
                -51.2199218749999,
                4.093603515625091
              ],
              [
                -51.18376122590681,
                3.987395436490638
              ],
              [
                -51.071843421415686,
                3.599413714254789
              ],
              [
                -51.052392578124966,
                3.281835937500091
              ],
              [
                -50.994140625,
                3.077539062500023
              ],
              [
                -50.82719726562493,
                2.65185546875
              ],
              [
                -50.81650390624998,
                2.573046875000102
              ],
              [
                -50.78969726562502,
                2.477783203125057
              ],
              [
                -50.73696289062502,
                2.376757812500102
              ],
              [
                -50.67875976562499,
                2.21035156250008
              ],
              [
                -50.67656249999999,
                2.179443359375
              ],
              [
                -50.71440429687493,
                2.134033203125
              ],
              [
                -50.658935546875,
                2.130957031250091
              ],
              [
                -50.60869140624999,
                2.104101562499977
              ],
              [
                -50.575878906249955,
                1.998583984374932
              ],
              [
                -50.53442382812494,
                1.92724609375
              ],
              [
                -50.45888671875002,
                1.82958984375
              ],
              [
                -50.30429687499998,
                1.797656250000045
              ],
              [
                -50.18759765624992,
                1.785986328124977
              ],
              [
                -50.0546875,
                1.730712890625114
              ],
              [
                -49.95712890624998,
                1.659863281250068
              ],
              [
                -49.9068019085084,
                1.500001053129672
              ],
              [
                -49.90186346669287,
                1.303394830389109
              ],
              [
                -49.90169992528531,
                1.296884019974573
              ],
              [
                -49.90625,
                1.26904296875
              ],
              [
                -49.8988769531249,
                1.16298828125008
              ],
              [
                -49.937939453124955,
                1.121435546874977
              ],
              [
                -50.04721679687492,
                1.051953125000011
              ],
              [
                -50.070996093749955,
                1.015087890625125
              ],
              [
                -50.29443359375,
                0.835742187499989
              ],
              [
                -50.34326171875,
                0.751025390624989
              ],
              [
                -50.46298828124998,
                0.637304687500091
              ],
              [
                -50.58154296875,
                0.420507812499977
              ],
              [
                -50.7550781249999,
                0.222558593750136
              ],
              [
                -50.816357421874955,
                0.172558593750068
              ],
              [
                -50.91015624999994,
                0.160986328125034
              ],
              [
                -50.96708984374999,
                0.130273437500023
              ],
              [
                -51.10195312500002,
                -0.03125
              ],
              [
                -51.282910156249955,
                -0.085205078124943
              ],
              [
                -51.299560546875,
                -0.178808593749977
              ],
              [
                -51.40415039062498,
                -0.392675781249977
              ],
              [
                -51.4962890624999,
                -0.509472656249955
              ],
              [
                -51.55502929687498,
                -0.549121093749932
              ],
              [
                -51.70263671875,
                -0.76230468749992
              ],
              [
                -51.72153320312498,
                -0.85546875
              ],
              [
                -51.72060546875002,
                -1.018457031249966
              ],
              [
                -51.81914062499993,
                -1.117773437499977
              ],
              [
                -51.92163085937494,
                -1.180859374999955
              ],
              [
                -51.93447265625002,
                -1.320312499999943
              ],
              [
                -51.98081054687492,
                -1.367968749999989
              ],
              [
                -52.02045898437501,
                -1.399023437499977
              ],
              [
                -52.229248046875,
                -1.3625
              ],
              [
                -52.553417968749955,
                -1.514062499999966
              ],
              [
                -52.66416015624998,
                -1.5517578125
              ],
              [
                -52.310302734375,
                -1.5595703125
              ],
              [
                -52.19667968750002,
                -1.64013671875
              ],
              [
                -51.94755859374999,
                -1.586718749999932
              ],
              [
                -51.64628906249999,
                -1.394335937499989
              ],
              [
                -51.5312011718749,
                -1.354101562499977
              ],
              [
                -51.29736328124994,
                -1.223535156250023
              ],
              [
                -51.202343749999955,
                -1.136523437499989
              ],
              [
                -51.02895507812502,
                -1.032128906250023
              ],
              [
                -50.99204101562492,
                -0.986328125
              ],
              [
                -50.894921874999966,
                -0.937597656249977
              ],
              [
                -50.84228515625,
                -0.999609374999977
              ],
              [
                -50.83818359374993,
                -1.038867187499989
              ],
              [
                -50.91787109375002,
                -1.115234375
              ],
              [
                -50.897167968749955,
                -1.164453124999966
              ],
              [
                -50.84458007812492,
                -1.226269531249955
              ],
              [
                -50.82553710937492,
                -1.311425781249966
              ],
              [
                -50.81865234374999,
                -1.376269531249989
              ],
              [
                -50.7861328125,
                -1.489941406249955
              ],
              [
                -50.678955078125,
                -1.643847656249932
              ],
              [
                -50.67529296875,
                -1.694726562500023
              ],
              [
                -50.69003906249998,
                -1.76171875
              ],
              [
                -50.63876953124998,
                -1.817089843749955
              ],
              [
                -50.58559570312502,
                -1.849902343749989
              ],
              [
                -50.403222656249966,
                -2.015527343750023
              ],
              [
                -50.260449218749955,
                -1.922949218749977
              ],
              [
                -50.17270507812498,
                -1.896191406250011
              ],
              [
                -50.11660156250002,
                -1.857519531249977
              ],
              [
                -49.9992187499999,
                -1.831835937499989
              ],
              [
                -49.90297851562502,
                -1.870605468749943
              ],
              [
                -49.71953124999993,
                -1.926367187499977
              ],
              [
                -49.585351562499966,
                -1.8671875
              ],
              [
                -49.313671874999955,
                -1.731738281249989
              ],
              [
                -49.398632812499955,
                -1.971582031250023
              ],
              [
                -49.460156249999955,
                -2.191503906249977
              ],
              [
                -49.50698242187502,
                -2.2802734375
              ],
              [
                -49.55336914062502,
                -2.519921874999966
              ],
              [
                -49.599316406249955,
                -2.583886718749966
              ],
              [
                -49.63652343749999,
                -2.656933593750011
              ],
              [
                -49.5758789062499,
                -2.631445312499977
              ],
              [
                -49.52392578125,
                -2.596875
              ],
              [
                -49.45751953124994,
                -2.504589843749955
              ],
              [
                -49.4076660156249,
                -2.34433593749992
              ],
              [
                -49.21103515624992,
                -1.91650390625
              ],
              [
                -49.15478515625,
                -1.878515624999977
              ],
              [
                -48.99130859374992,
                -1.829785156250011
              ],
              [
                -48.71000976562499,
                -1.487695312500023
              ],
              [
                -48.6,
                -1.48876953125
              ],
              [
                -48.52958984374999,
                -1.56748046874992
              ],
              [
                -48.46293945312493,
                -1.613964843750011
              ],
              [
                -48.44584960937499,
                -1.520410156250023
              ],
              [
                -48.349804687499955,
                -1.482128906249955
              ],
              [
                -48.45146484374999,
                -1.435839843749932
              ],
              [
                -48.46806640624999,
                -1.393847656249989
              ],
              [
                -48.4777343749999,
                -1.32382812499992
              ],
              [
                -48.40859375000002,
                -1.229199218750011
              ],
              [
                -48.44980468749992,
                -1.145507812499943
              ],
              [
                -48.30649414062492,
                -1.039843749999989
              ],
              [
                -48.317578124999955,
                -0.96054687499992
              ],
              [
                -48.26645507812498,
                -0.89511718749992
              ],
              [
                -48.20175781249992,
                -0.827929687499989
              ],
              [
                -48.12846679687499,
                -0.795214843749989
              ],
              [
                -48.11589718905315,
                -0.740991207088133
              ],
              [
                -48.004491065842174,
                -0.730380225920472
              ],
              [
                -47.9609375,
                -0.76962890624992
              ],
              [
                -47.91208799967257,
                -0.721579208824643
              ],
              [
                -47.7573417779619,
                -0.706840259142055
              ],
              [
                -47.73829290012462,
                -0.705025930825348
              ],
              [
                -47.73149414062493,
                -0.710449218749943
              ],
              [
                -47.68710937499998,
                -0.724804687500011
              ],
              [
                -47.6510742187499,
                -0.71875
              ],
              [
                -47.59930742510647,
                -0.691788128310655
              ],
              [
                -47.54588782460377,
                -0.686700128130951
              ],
              [
                -47.570493068559784,
                -0.783486241742494
              ],
              [
                -47.57605686673608,
                -0.805371755390411
              ],
              [
                -47.80243068067017,
                -1.695825908712706
              ],
              [
                -48.075001594135045,
                -2.767998956255951
              ],
              [
                -47.79277503163502,
                -4.355523370318394
              ],
              [
                -46.734425422260045,
                -5.184624932818366
              ],
              [
                -46.68250200271146,
                -5.296591298753086
              ],
              [
                -46.170033332416295,
                -6.401665948443423
              ],
              [
                -46.98137366444749,
                -9.188531182818366
              ],
              [
                -46.98137366444749,
                -12.046075128130923
              ],
              [
                -47.157765266010045,
                -15.009454034380937
              ],
              [
                -47.70844923037197,
                -15.820183204135986
              ],
              [
                -48.42778479725996,
                -16.879205010943423
              ],
              [
                -49.39676246641088,
                -17.047726035566015
              ],
              [
                -51.67332923085371,
                -17.443658135943394
              ],
              [
                -52.48466956288502,
                -18.50200774531845
              ],
              [
                -53.61357581288496,
                -18.50200774531845
              ],
              [
                -53.98991607295679,
                -18.000220731889314
              ],
              [
                -53.995721155348036,
                -17.992480622034407
              ],
              [
                -54.35442053944749,
                -17.51421477656838
              ],
              [
                -54.46025550038496,
                -15.820855401568451
              ],
              [
                -54.022400357719704,
                -14.473608808752076
              ],
              [
                -54.00163733632249,
                -14.40972258906838
              ],
              [
                -54.30150305897877,
                -13.915826104693394
              ],
              [
                -54.91881262929124,
                -13.704156182818437
              ],
              [
                -56.68272864491624,
                -14.02166106563088
              ],
              [
                -57.40518473130672,
                -14.30179709912926
              ],
              [
                -57.79983625739038,
                -14.454825241896387
              ],
              [
                -58.41136634022877,
                -14.691949151568423
              ],
              [
                -59.36388098866624,
                -16.03252532344341
              ],
              [
                -59.36797962395491,
                -16.253851629030834
              ],
              [
                -59.37930899960392,
                -16.865637914077382
              ],
              [
                -59.38152014882249,
                -16.985039971880894
              ],
              [
                -58.97581946522874,
                -18.007989190630937
              ],
              [
                -60.54570471913502,
                -17.67290618281838
              ],
              [
                -61.17698309448704,
                -17.770745408552855
              ],
              [
                -61.27211526561854,
                -17.785489550486716
              ],
              [
                -61.79802405507249,
                -17.866997979693394
              ],
              [
                -62.64470374257249,
                -19.242852471880894
              ],
              [
                -63.029396459960424,
                -19.695353838415613
              ],
              [
                -63.08372861736555,
                -19.759262964742547
              ],
              [
                -63.12762225867996,
                -19.810893608576436
              ],
              [
                -63.13807226413712,
                -19.82318560563256
              ],
              [
                -63.244435187885045,
                -19.948296807818394
              ],
              [
                -64.02049719960377,
                -20.12468840938095
              ],
              [
                -65.1494034496038,
                -19.63079192500588
              ],
              [
                -65.42466239076262,
                -19.336567161676882
              ],
              [
                -65.42637644037472,
                -19.33473501105047
              ],
              [
                -66.17253577382249,
                -18.537163995318423
              ],
              [
                -66.63109290272877,
                -17.302544854693423
              ],
              [
                -67.33661347668743,
                -16.65749747278835
              ],
              [
                -67.4523569274379,
                -16.551674889245092
              ],
              [
                -67.8658341136663,
                -16.17363860469338
              ],
              [
                -69.64473696250582,
                -14.491713912984892
              ],
              [
                -69.65379253537463,
                -14.48315201112753
              ],
              [
                -69.80608069569755,
                -14.339165948443394
              ],
              [
                -70.31685961983095,
                -14.161956933948133
              ],
              [
                -70.54576093057938,
                -14.082542193484343
              ],
              [
                -71.53471839101005,
                -13.739434503130937
              ],
              [
                -73.72191321522874,
                -12.68108489375588
              ],
              [
                -73.77990141940126,
                -12.617461734333574
              ],
              [
                -73.9264503095994,
                -12.456672078277052
              ],
              [
                -76.26195227772877,
                -9.894219659380937
              ],
              [
                -77.95525061757246,
                -6.719170831255951
              ],
              [
                -78.42861054625038,
                -4.96979718179395
              ],
              [
                -78.50214228796744,
                -4.698049440665613
              ],
              [
                -78.55915789157274,
                -4.487339601254845
              ],
              [
                -78.59026038319752,
                -4.372395610467677
              ],
              [
                -78.76665198475999,
                -3.720513604693437
              ],
              [
                -78.70814651116115,
                -3.394568997577579
              ],
              [
                -78.70672748024856,
                -3.386663318931895
              ],
              [
                -78.27275550038499,
                -0.968926690630894
              ],
              [
                -77.32024085194752,
                0.72443268436912
              ],
              [
                -77.08080264577,
                0.87232098818464
              ],
              [
                -76.96794014417887,
                0.942030180343821
              ],
              [
                -76.12077796132249,
                1.465277410931563
              ],
              [
                -74.95665442616627,
                2.52362702030662
              ],
              [
                -74.46391000474591,
                2.487127433534695
              ],
              [
                -74.00413977772877,
                2.453070379681549
              ],
              [
                -73.99877491467967,
                2.451997407071758
              ],
              [
                -73.78077476664723,
                2.408397377465349
              ],
              [
                -73.7103138340783,
                2.394305190951542
              ],
              [
                -71.88744055897874,
                2.029730535931634
              ],
              [
                -70.68803870351005,
                1.994452215619049
              ],
              [
                -69.95450438624212,
                2.083367797002865
              ],
              [
                -68.35973059804127,
                2.276678778119077
              ],
              [
                -67.65416419179124,
                2.841131903119049
              ],
              [
                -67.33665930897871,
                2.48834869999412
              ],
              [
                -66.87804114491621,
                1.324164129681591
              ],
              [
                -66.48683517985864,
                0.908507791807935
              ],
              [
                -66.33929291193223,
                0.751744132136125
              ],
              [
                -66.31358801991624,
                0.72443268436912
              ],
              [
                -65.89024817616624,
                0.830267645306606
              ],
              [
                -65.29051673085377,
                0.936102606244077
              ],
              [
                -64.12633216054124,
                1.676947332806606
              ],
              [
                -63.42082678944752,
                2.10028717655662
              ],
              [
                -63.42082678944752,
                2.382513739056563
              ],
              [
                -63.49337764345751,
                2.405185880934681
              ],
              [
                -63.98527991444749,
                2.558905340619106
              ],
              [
                -64.1268914590205,
                3.054515121290578
              ],
              [
                -64.21203079513424,
                3.352484385202501
              ],
              [
                -64.26750647694752,
                3.54663727421287
              ],
              [
                -64.48313004884798,
                3.854709019506288
              ],
              [
                -64.7613419261663,
                4.252203680462827
              ],
              [
                -64.15905240447225,
                4.151802793074168
              ],
              [
                -64.12645423085377,
                4.146368719525341
              ],
              [
                -63.985340949603795,
                3.899420477337799
              ],
              [
                -63.13860022694749,
                3.793646551556634
              ],
              [
                -62.39781653554127,
                4.181647039837841
              ],
              [
                -61.69218909413499,
                4.216986395306549
              ],
              [
                -60.70067723244148,
                4.727713250771487
              ],
              [
                -60.52800452382246,
                4.816656805462799
              ],
              [
                -59.68138587147877,
                4.42859528202537
              ],
              [
                -59.50499426991621,
                3.899420477337799
              ],
              [
                -59.60823459542888,
                3.80767114537997
              ],
              [
                -59.82249915272874,
                3.617254949994077
              ],
              [
                -59.96367346913502,
                2.876349188275327
              ]
            ]
          ],
          [
            [
              [
                -50.508984374999955,
                2.029541015625057
              ],
              [
                -50.49101562499999,
                2.128613281249955
              ],
              [
                -50.41875,
                2.161474609375091
              ],
              [
                -50.36264648437498,
                2.15444335937508
              ],
              [
                -50.341992187499955,
                2.141748046874966
              ],
              [
                -50.29208984374998,
                1.979589843749977
              ],
              [
                -50.298974609374966,
                1.938525390624989
              ],
              [
                -50.39877929687498,
                1.892871093750102
              ],
              [
                -50.45610351562499,
                1.91049804687492
              ],
              [
                -50.508984374999955,
                2.029541015625057
              ]
            ]
          ],
          [
            [
              [
                -50.0986328125,
                0.625
              ],
              [
                -50.058837890625,
                0.638037109375034
              ],
              [
                -50.036816406249955,
                0.594824218749977
              ],
              [
                -50.04003906249994,
                0.522802734375034
              ],
              [
                -50.15292968749998,
                0.393017578125068
              ],
              [
                -50.26132812499992,
                0.359179687500102
              ],
              [
                -50.28154296874999,
                0.390820312499955
              ],
              [
                -50.2816894531249,
                0.516503906249966
              ],
              [
                -50.2511718749999,
                0.58544921875
              ],
              [
                -50.11279296874994,
                0.604736328125
              ],
              [
                -50.0986328125,
                0.625
              ]
            ]
          ],
          [
            [
              [
                -49.372314453125,
                0.001074218749977
              ],
              [
                -49.38085937499994,
                -0.055468749999989
              ],
              [
                -49.44389648437493,
                -0.112402343749977
              ],
              [
                -49.70883789062498,
                -0.14375
              ],
              [
                -49.830078125,
                -0.093896484375023
              ],
              [
                -49.802685546874955,
                -0.051855468749977
              ],
              [
                -49.712304687499966,
                0.01513671875
              ],
              [
                -49.60219726562502,
                0.062695312500068
              ],
              [
                -49.50346679687499,
                0.083691406250125
              ],
              [
                -49.40048828124998,
                0.057226562500034
              ],
              [
                -49.372314453125,
                0.001074218749977
              ]
            ]
          ],
          [
            [
              [
                -49.53520507812499,
                -0.233593749999955
              ],
              [
                -49.40288085937493,
                -0.214648437499932
              ],
              [
                -49.31425781249999,
                -0.167871093749966
              ],
              [
                -49.21508789062494,
                -0.15869140625
              ],
              [
                -49.11699218749993,
                -0.16357421875
              ],
              [
                -48.786572265624955,
                -0.215527343750011
              ],
              [
                -48.58803710937502,
                -0.231640625000011
              ],
              [
                -48.51542968749999,
                -0.248242187500011
              ],
              [
                -48.444482421874966,
                -0.271875
              ],
              [
                -48.39267578124998,
                -0.29736328125
              ],
              [
                -48.37968749999993,
                -0.352832031249932
              ],
              [
                -48.42802734374999,
                -0.441503906249977
              ],
              [
                -48.46396484374998,
                -0.534765624999977
              ],
              [
                -48.49746093750002,
                -0.664941406250023
              ],
              [
                -48.523339843749966,
                -0.69140625
              ],
              [
                -48.566650390625,
                -0.684472656249966
              ],
              [
                -48.53969726562502,
                -0.800976562500011
              ],
              [
                -48.549511718749955,
                -0.847558593749966
              ],
              [
                -48.570947265624966,
                -0.892871093749989
              ],
              [
                -48.62407226562499,
                -0.986914062499977
              ],
              [
                -48.70458984374994,
                -1.106640625000011
              ],
              [
                -48.72851562499994,
                -1.131738281249966
              ],
              [
                -48.78984374999999,
                -1.17333984375
              ],
              [
                -48.83969726562492,
                -1.226562499999943
              ],
              [
                -48.829003906249966,
                -1.276562500000011
              ],
              [
                -48.80405273437498,
                -1.326953124999932
              ],
              [
                -48.83359374999992,
                -1.390039062500023
              ],
              [
                -48.9289062499999,
                -1.482324218749966
              ],
              [
                -48.98593749999998,
                -1.504687499999932
              ],
              [
                -49.03847656250002,
                -1.514062499999966
              ],
              [
                -49.086865234374955,
                -1.505078125000011
              ],
              [
                -49.17270507812492,
                -1.41259765625
              ],
              [
                -49.18168945312499,
                -1.484960937499977
              ],
              [
                -49.2047851562499,
                -1.558984374999966
              ],
              [
                -49.23398437499998,
                -1.599511718749966
              ],
              [
                -49.34482421874998,
                -1.59521484375
              ],
              [
                -49.40659179687498,
                -1.555566406249966
              ],
              [
                -49.50664062499993,
                -1.511621093750023
              ],
              [
                -49.52568359374999,
                -1.630468749999977
              ],
              [
                -49.58789062499994,
                -1.712402343749943
              ],
              [
                -49.650585937499955,
                -1.738085937499989
              ],
              [
                -49.74877929687494,
                -1.75537109375
              ],
              [
                -49.8051269531249,
                -1.790234375000011
              ],
              [
                -49.911328124999955,
                -1.762988281249989
              ],
              [
                -50.009960937499955,
                -1.70849609375
              ],
              [
                -50.06572265624999,
                -1.703808593750011
              ],
              [
                -50.10927734375002,
                -1.747851562499989
              ],
              [
                -50.33842773437499,
                -1.755957031249977
              ],
              [
                -50.44345703124998,
                -1.800683593750023
              ],
              [
                -50.50761718749993,
                -1.787988281250023
              ],
              [
                -50.60205078125,
                -1.69775390625
              ],
              [
                -50.61718749999994,
                -1.637695312499943
              ],
              [
                -50.67338867187493,
                -1.516015625000023
              ],
              [
                -50.7238281249999,
                -1.371484374999966
              ],
              [
                -50.75976562499994,
                -1.240234374999943
              ],
              [
                -50.7294921875,
                -1.126757812499932
              ],
              [
                -50.66831054687498,
                -1.130566406250011
              ],
              [
                -50.595898437499955,
                -1.1474609375
              ],
              [
                -50.580517578124955,
                -1.139453124999932
              ],
              [
                -50.57695312499993,
                -1.103125
              ],
              [
                -50.592919921874966,
                -1.072949218750011
              ],
              [
                -50.70961914062502,
                -1.077734374999977
              ],
              [
                -50.78330078124998,
                -1.01035156249992
              ],
              [
                -50.7960937499999,
                -0.90625
              ],
              [
                -50.7809570312499,
                -0.689843750000023
              ],
              [
                -50.77138671875002,
                -0.645410156250023
              ],
              [
                -50.7199218749999,
                -0.583398437500023
              ],
              [
                -50.703076171874955,
                -0.528515625000011
              ],
              [
                -50.7158203125,
                -0.470214843749943
              ],
              [
                -50.69370117187498,
                -0.364453124999955
              ],
              [
                -50.64550781249994,
                -0.272851562499966
              ],
              [
                -50.461572265624966,
                -0.157421875000011
              ],
              [
                -50.248242187499955,
                -0.116406250000011
              ],
              [
                -49.628662109375,
                -0.229199218749955
              ],
              [
                -49.53520507812499,
                -0.233593749999955
              ]
            ]
          ],
          [
            [
              [
                -51.276318359374955,
                -1.021777343749932
              ],
              [
                -51.31010742187499,
                -1.023828125000023
              ],
              [
                -51.46513671874993,
                -1.211132812500011
              ],
              [
                -51.63769531249994,
                -1.341894531249977
              ],
              [
                -51.83251953125,
                -1.433789062499955
              ],
              [
                -51.93837890625002,
                -1.45263671875
              ],
              [
                -51.80205078124993,
                -1.202539062500023
              ],
              [
                -51.68002929687492,
                -1.086132812500011
              ],
              [
                -51.67827148437493,
                -0.85507812499992
              ],
              [
                -51.54604492187502,
                -0.649609375000011
              ],
              [
                -51.42446289062502,
                -0.56591796875
              ],
              [
                -51.25400390624992,
                -0.541406249999966
              ],
              [
                -51.16074218749992,
                -0.666699218750011
              ],
              [
                -51.276318359374955,
                -1.021777343749932
              ]
            ]
          ],
          [
            [
              [
                -50.92636718749998,
                -0.327343749999955
              ],
              [
                -51.0189941406249,
                -0.263085937500023
              ],
              [
                -51.0380859375,
                -0.225878906249989
              ],
              [
                -51.022363281249966,
                -0.188378906249966
              ],
              [
                -51.02573242187498,
                -0.17236328125
              ],
              [
                -50.995068359374955,
                -0.105273437499932
              ],
              [
                -50.842187499999966,
                -0.050195312500023
              ],
              [
                -50.76528320312502,
                -0.040869140624977
              ],
              [
                -50.6669921875,
                -0.058007812499966
              ],
              [
                -50.6505859374999,
                -0.105859374999966
              ],
              [
                -50.65288085937493,
                -0.131640624999989
              ],
              [
                -50.92636718749998,
                -0.327343749999955
              ]
            ]
          ],
          [
            [
              [
                -49.91708984374998,
                -0.023193359375
              ],
              [
                -50.00249023437493,
                -0.029296875
              ],
              [
                -50.11313476562492,
                0.033007812500102
              ],
              [
                -50.2855957031249,
                0.028564453125057
              ],
              [
                -50.33945312499998,
                0.04335937500008
              ],
              [
                -50.34511718750002,
                0.134472656249955
              ],
              [
                -50.272656249999955,
                0.231738281250045
              ],
              [
                -50.12797851562493,
                0.226513671875068
              ],
              [
                -49.87900390624992,
                0.304541015624977
              ],
              [
                -49.738232421874955,
                0.268164062500034
              ],
              [
                -49.69726562499994,
                0.215966796875023
              ],
              [
                -49.83896484374998,
                0.006884765625102
              ],
              [
                -49.91708984374998,
                -0.023193359375
              ]
            ]
          ],
          [
            [
              [
                -50.62392578125002,
                0.054394531250011
              ],
              [
                -50.61044921874992,
                0.204785156250068
              ],
              [
                -50.52622070312498,
                0.246923828124977
              ],
              [
                -50.451562499999966,
                0.326904296875114
              ],
              [
                -50.42607421874999,
                0.424951171874966
              ],
              [
                -50.42456054687494,
                0.558251953125136
              ],
              [
                -50.396875,
                0.581396484375091
              ],
              [
                -50.3727539062499,
                0.590869140625045
              ],
              [
                -50.350976562499966,
                0.581738281250125
              ],
              [
                -50.34252929687494,
                0.381591796875057
              ],
              [
                -50.332275390625,
                0.259033203125114
              ],
              [
                -50.42612304687492,
                0.139257812500034
              ],
              [
                -50.44394531249992,
                -0.00766601562492
              ],
              [
                -50.62392578125002,
                0.054394531250011
              ]
            ]
          ]
        ]
      }
    },
    {
      "type": "Feature",
      "properties": {
        "name": "Ла-Платская низменность",
        "name_en": "La Plata Basin",
        "description": "Лёгкая волнистость рельефа объясняется древними ледниковыми и водно-ледниковыми процессами."
      },
      "geometry": {
        "coordinates": [
          [
            [
              -57.10457470997737,
              -36.34494240036039
            ],
            [
              -57.36123217646947,
              -35.33438430145125
            ],
            [
              -59.377826524189416,
              -34.34131022229296
            ],
            [
              -58.681184840431996,
              -33.733644937730055
            ],
            [
              -56.004614160731194,
              -34.61333557015918
            ],
            [
              -57.104574714032424,
              -31.697816395929138
            ],
            [
              -54.757992200322434,
              -29.680048463719018
            ],
            [
              -50.028161821124456,
              -28.333319586293705
            ],
            [
              -49.588177599803345,
              -25.58856374152525
            ],
            [
              -44.08837483329495,
              -22.474788394949982
            ],
            [
              -48.671543805385426,
              -18.83890980889501
            ],
            [
              -52.30141363128142,
              -19.01232592128865
            ],
            [
              -53.54803559169018,
              -15.652859538206343
            ],
            [
              -56.29793697494476,
              -14.803798575982242
            ],
            [
              -58.31453132266468,
              -17.305277690256446
            ],
            [
              -61.76107438967665,
              -19.773191793053357
            ],
            [
              -63.37434986785274,
              -22.711748545617837
            ],
            [
              -64.36431436582446,
              -27.425863147484407
            ],
            [
              -64.03432619983435,
              -31.19734131834037
            ],
            [
              -64.76763323536828,
              -35.24460074918685
            ],
            [
              -60.88110594703454,
              -37.37169867724706
            ],
            [
              -57.10457470997737,
              -36.34494240036039
            ]
          ]
        ],
        "type": "Polygon"
      }
    },
    {
      "type": "Feature",
      "properties": {
        "name": "Прикаспийская низменность",
        "name_en": "Caspian Depression",
        "description": "Характерна мозаика почв и ландшафтов: чередование возвышенностей, пойм и заболоченных участков."
      },
      "geometry": {
        "type": "MultiPolygon",
        "coordinates": [
          [
            [
              [
                50.11866295664626,
                49.184149481244134
              ],
              [
                50.361216667583705,
                49.16327545780655
              ],
              [
                50.601939323833705,
                49.1237857117128
              ],
              [
                50.849619987896205,
                49.06201813358783
              ],
              [
                51.185191276958705,
                48.95490143436905
              ],
              [
                51.35645592539626,
                48.92346832890033
              ],
              [
                51.41944687015385,
                48.92634914343873
              ],
              [
                51.46171000830097,
                48.9282819968557
              ],
              [
                51.535288933208705,
                48.93164703983783
              ],
              [
                51.646983269146205,
                48.98065827030655
              ],
              [
                51.846202019146205,
                49.138251043744106
              ],
              [
                51.947764519146205,
                49.17932770390033
              ],
              [
                51.95748887302139,
                49.17730455317914
              ],
              [
                52.055430534771205,
                49.15692780155658
              ],
              [
                52.142710808208705,
                49.086004949994106
              ],
              [
                52.223765495708705,
                49.0013491882753
              ],
              [
                52.312388542583705,
                48.937811590619134
              ],
              [
                52.38965905039626,
                48.91669342655658
              ],
              [
                52.47461998789626,
                48.909857489056606
              ],
              [
                52.65162194102126,
                48.91132233280655
              ],
              [
                52.763560417583705,
                48.90228912968158
              ],
              [
                53.078745964458705,
                48.838812567181606
              ],
              [
                53.11939537852126,
                48.68073151249408
              ],
              [
                53.194102409771205,
                48.53284332890033
              ],
              [
                53.295909050396205,
                48.40167877811905
              ],
              [
                53.41846764414626,
                48.29364655155658
              ],
              [
                53.54017174570876,
                48.20905182499408
              ],
              [
                53.596202019146205,
                48.1616275085878
              ],
              [
                53.650157097271205,
                48.100470282025356
              ],
              [
                53.70191490977126,
                48.00897858280658
              ],
              [
                53.80616295664626,
                47.69843170780655
              ],
              [
                53.855113151958705,
                47.60022614140033
              ],
              [
                54.044510358262954,
                47.278807421653255
              ],
              [
                54.099448005019525,
                47.1855748527521
              ],
              [
                54.116831901958705,
                47.15607330936905
              ],
              [
                54.169810417583705,
                47.07904694218158
              ],
              [
                54.23023522227126,
                47.0089175476503
              ],
              [
                54.249278191021205,
                46.989813543744106
              ],
              [
                54.45691979258376,
                46.80457184452533
              ],
              [
                54.532725456646205,
                46.748175360150384
              ],
              [
                54.68970787852126,
                46.644964910931606
              ],
              [
                54.885752800396205,
                46.47803375858783
              ],
              [
                55.14051354258376,
                46.28546784061905
              ],
              [
                55.260264519146205,
                46.184149481244106
              ],
              [
                55.32459557383376,
                46.11078522343158
              ],
              [
                55.383555534771205,
                46.02301666874405
              ],
              [
                55.487315300396205,
                45.84467194218155
              ],
              [
                55.542857292583705,
                45.68848297733783
              ],
              [
                55.528330925396205,
                45.54212067265033
              ],
              [
                55.450450066021205,
                45.42011139530655
              ],
              [
                55.316416862896205,
                45.3370425476503
              ],
              [
                55.217417839458705,
                45.30939362186905
              ],
              [
                55.01417076914626,
                45.27142975468155
              ],
              [
                54.91553795664626,
                45.24140045780658
              ],
              [
                54.81714928477126,
                45.1836001648378
              ],
              [
                54.76429995479364,
                45.13798386359801
              ],
              [
                54.649912956646205,
                45.039252020306606
              ],
              [
                54.542124870708705,
                44.983099676556606
              ],
              [
                54.47335961608175,
                44.96777149455062
              ],
              [
                53.927134636333705,
                44.84601471561908
              ],
              [
                53.646250847271205,
                44.74005768436908
              ],
              [
                53.425303581646205,
                44.53284332890033
              ],
              [
                53.327159050396205,
                44.38959381718158
              ],
              [
                53.20313561289626,
                44.24512360233783
              ],
              [
                53.055186394146205,
                44.136542059369134
              ],
              [
                52.88538658945876,
                44.10101959843158
              ],
              [
                52.76026451914626,
                44.13764069218158
              ],
              [
                52.634410026958705,
                44.2122866882753
              ],
              [
                52.399546745708705,
                44.37482330936908
              ],
              [
                52.304331901958705,
                44.424139715619106
              ],
              [
                52.214121941021205,
                44.45880768436905
              ],
              [
                52.119639519146205,
                44.48016998905655
              ],
              [
                52.012339714458705,
                44.48944733280658
              ],
              [
                51.665782097271205,
                44.47675202030658
              ],
              [
                51.56568444102126,
                44.49591705936908
              ],
              [
                51.50343906070529,
                44.533458804372145
              ],
              [
                51.54355468749998,
                44.53100585937506
              ],
              [
                51.49375,
                44.577539062500136
              ],
              [
                51.431054687500136,
                44.601953125000136
              ],
              [
                51.421555963553295,
                44.60164509699883
              ],
              [
                51.340464714458705,
                44.673651434369134
              ],
              [
                51.25477135508376,
                44.72376129765033
              ],
              [
                51.14704479825475,
                44.75451197225157
              ],
              [
                51.05791015625016,
                44.81157226562499
              ],
              [
                51.02070312500001,
                44.854003906250114
              ],
              [
                51.009375,
                44.92182617187507
              ],
              [
                51.0403320312501,
                44.98032226562509
              ],
              [
                51.153710937500136,
                45.04023437500007
              ],
              [
                51.24990234375002,
                45.12167968749998
              ],
              [
                51.2835180166748,
                45.2040083377827
              ],
              [
                51.325327995708705,
                45.22821686405655
              ],
              [
                51.476573112896205,
                45.345404364056606
              ],
              [
                51.483813284601915,
                45.34962499128349
              ],
              [
                51.53964843750009,
                45.34287109375009
              ],
              [
                51.732617187500125,
                45.399462890625045
              ],
              [
                52.04873046875002,
                45.388378906250125
              ],
              [
                52.42675781249994,
                45.404638671875034
              ],
              [
                52.531054687500045,
                45.39863281250007
              ],
              [
                52.771972656250114,
                45.343505859375
              ],
              [
                52.91074218749998,
                45.319726562500136
              ],
              [
                53.0789062500001,
                45.307519531250136
              ],
              [
                53.20039062500001,
                45.33198242187501
              ],
              [
                53.0857421875001,
                45.40737304687508
              ],
              [
                52.8375,
                45.496728515625136
              ],
              [
                52.773828125000136,
                45.57275390625
              ],
              [
                52.8875,
                45.77954101562506
              ],
              [
                52.94785665658608,
                45.853303887758265
              ],
              [
                52.98646080820876,
                45.884588934369106
              ],
              [
                53.025157097271205,
                45.929327703900356
              ],
              [
                53.04969323008376,
                45.98584625858783
              ],
              [
                53.04992894988883,
                45.98776912107176
              ],
              [
                53.13525390625006,
                46.191650390625
              ],
              [
                53.108984375000034,
                46.4140625
              ],
              [
                53.09754965515953,
                46.42961471114969
              ],
              [
                53.154551628521205,
                46.637640692181634
              ],
              [
                53.15533564474682,
                46.64514782099682
              ],
              [
                53.1702148437501,
                46.66904296875009
              ],
              [
                53.16017157719827,
                46.69145294411577
              ],
              [
                53.16834557383376,
                46.769720770306606
              ],
              [
                53.04139244883376,
                46.9148013367128
              ],
              [
                52.98156229673557,
                46.92040636827025
              ],
              [
                52.916015625,
                46.9543945312501
              ],
              [
                52.67763671875008,
                46.95712890624998
              ],
              [
                52.4832031250001,
                46.99067382812507
              ],
              [
                52.42031250000008,
                46.963671875000045
              ],
              [
                52.38486328124998,
                46.922119140625114
              ],
              [
                52.340332031250114,
                46.89477539062506
              ],
              [
                52.3051921452296,
                46.88196020023357
              ],
              [
                52.219004753521205,
                46.86694977421283
              ],
              [
                52.06959069102126,
                46.86389801640033
              ],
              [
                52.050722248492335,
                46.86875723629359
              ],
              [
                52.01113281250002,
                46.9019042968751
              ],
              [
                51.9480861653478,
                46.895189269367755
              ],
              [
                51.943980339458705,
                46.896246649212856
              ],
              [
                51.775498217414025,
                46.962091634379505
              ],
              [
                51.77147184395412,
                46.963665193030806
              ],
              [
                51.75795984777474,
                46.96894585531834
              ],
              [
                51.74524786597718,
                46.97391386167263
              ],
              [
                51.690196159771205,
                46.995428778119106
              ],
              [
                51.670631494241476,
                46.999730347195666
              ],
              [
                51.65009765625001,
                47.018066406250114
              ],
              [
                51.615234375,
                47.02993164062502
              ],
              [
                51.29082031250016,
                47.09731445312508
              ],
              [
                51.1780273437501,
                47.110156250000045
              ],
              [
                50.92001953124998,
                47.04067382812508
              ],
              [
                50.73271484375016,
                46.951660156250114
              ],
              [
                50.67988281250007,
                46.938720703125114
              ],
              [
                50.58291015625002,
                46.88227539062501
              ],
              [
                50.52841796875009,
                46.873291015625114
              ],
              [
                50.472265625000034,
                46.88291015624992
              ],
              [
                50.41933593750008,
                46.87949218749998
              ],
              [
                50.30625,
                46.794921875000114
              ],
              [
                50.29778584047665,
                46.790849305878325
              ],
              [
                50.155528191021205,
                46.74658844608783
              ],
              [
                49.965830925396205,
                46.6658999695253
              ],
              [
                49.82310124691535,
                46.583504722087795
              ],
              [
                49.76054687500016,
                46.57148437500007
              ],
              [
                49.63154296875001,
                46.56757812500001
              ],
              [
                49.584375,
                46.545214843750045
              ],
              [
                49.43720703125001,
                46.53725585937502
              ],
              [
                49.347460937500045,
                46.51914062500009
              ],
              [
                49.344238281250114,
                46.48554687500001
              ],
              [
                49.34583526805891,
                46.47881422296183
              ],
              [
                49.330821159771205,
                46.4744937195253
              ],
              [
                49.274546745708705,
                46.436224676556634
              ],
              [
                49.25155184951486,
                46.4149531115093
              ],
              [
                49.20566406250009,
                46.38569335937507
              ],
              [
                49.21045612742425,
                46.376937270157
              ],
              [
                49.165415886333705,
                46.33527252811908
              ],
              [
                49.03699791758376,
                46.23761627811908
              ],
              [
                48.98609459727126,
                46.19183991093158
              ],
              [
                48.95031453020413,
                46.146671272547266
              ],
              [
                48.809960937500136,
                46.10048828125008
              ],
              [
                48.74257812500008,
                46.10073242187508
              ],
              [
                48.68369140624998,
                46.086181640625
              ],
              [
                48.68730468749999,
                46.02875976562501
              ],
              [
                48.7034179687501,
                45.976220703125136
              ],
              [
                48.72893697526843,
                45.945468411971866
              ],
              [
                48.723399284771205,
                45.94159577030658
              ],
              [
                48.62703887709684,
                45.91200073503816
              ],
              [
                48.58906250000007,
                45.934863281250045
              ],
              [
                48.53730468750001,
                45.942138671875114
              ],
              [
                48.48701171875007,
                45.934863281250045
              ],
              [
                48.36039049670913,
                45.84815820008662
              ],
              [
                48.172862175396205,
                45.80939362186905
              ],
              [
                47.87220299570876,
                45.7237612976503
              ],
              [
                47.743851536772276,
                45.67243178840358
              ],
              [
                47.70107421875002,
                45.68618164062502
              ],
              [
                47.64980468750002,
                45.65673828125006
              ],
              [
                47.63811036424923,
                45.6052209814853
              ],
              [
                47.62145218674564,
                45.59407620456244
              ],
              [
                47.574023437500045,
                45.634277343750114
              ],
              [
                47.50839843749998,
                45.67416992187509
              ],
              [
                47.479394531250136,
                45.68759765624998
              ],
              [
                47.46328125000002,
                45.679687500000114
              ],
              [
                47.524218750000045,
                45.60170898437502
              ],
              [
                47.52949218750001,
                45.53022460937507
              ],
              [
                47.51455078125002,
                45.49091796875001
              ],
              [
                47.48867187500008,
                45.455078125
              ],
              [
                47.45449218750002,
                45.433056640624955
              ],
              [
                47.413085937500114,
                45.42104492187502
              ],
              [
                47.39554759939242,
                45.32025793888285
              ],
              [
                47.342295769146205,
                45.258246160931634
              ],
              [
                47.15809166758376,
                45.008856512494106
              ],
              [
                47.10840905039626,
                44.958380438275356
              ],
              [
                46.92432701914626,
                44.848150946087856
              ],
              [
                46.74207604258376,
                44.817816473431606
              ],
              [
                46.339121941021205,
                44.85419342655655
              ],
              [
                46.04847252695876,
                44.911200262494106
              ],
              [
                45.81055748789626,
                45.027533270306606
              ],
              [
                45.59473717539626,
                45.185858465619106
              ],
              [
                45.58678723350036,
                45.19261189891509
              ],
              [
                45.14783776133376,
                45.565497137494106
              ],
              [
                44.951914909771205,
                45.7764956726503
              ],
              [
                44.86772756194259,
                45.88518444170907
              ],
              [
                44.774912956646205,
                46.00501129765033
              ],
              [
                44.608409050396205,
                46.253851629681606
              ],
              [
                44.48280557006822,
                46.497699011412095
              ],
              [
                44.436534050396205,
                46.58753082890033
              ],
              [
                44.35877526133376,
                46.927252508587856
              ],
              [
                44.431407097271205,
                47.23383209843158
              ],
              [
                44.57775729743125,
                47.35658052670587
              ],
              [
                44.710337761333705,
                47.46777985233783
              ],
              [
                44.776499870708705,
                47.50446198124405
              ],
              [
                44.90674889414626,
                47.588934637494134
              ],
              [
                44.970957878521205,
                47.61957428593155
              ],
              [
                45.059092644146205,
                47.640143133587884
              ],
              [
                45.246104362896205,
                47.654059149212856
              ],
              [
                45.337657097271205,
                47.665777899212856
              ],
              [
                45.562632683208705,
                47.724066473431634
              ],
              [
                45.78443444102126,
                47.799017645306606
              ],
              [
                45.916270378521205,
                47.859564520306606
              ],
              [
                46.28260338633376,
                48.093207098431606
              ],
              [
                46.511241081646205,
                48.1895816101503
              ],
              [
                46.615977409771205,
                48.250860907025356
              ],
              [
                46.689952019146205,
                48.345953680462856
              ],
              [
                46.714854362896205,
                48.423773504681606
              ],
              [
                46.738195512871954,
                48.54677766010914
              ],
              [
                46.74561608164626,
                48.585882879681606
              ],
              [
                46.77271569102126,
                48.663153387494134
              ],
              [
                46.86341393320876,
                48.7855288757753
              ],
              [
                46.990489128521205,
                48.88074371952533
              ],
              [
                47.136363151958705,
                48.950567938275356
              ],
              [
                47.968394401958705,
                49.18219635624408
              ],
              [
                48.317637566021205,
                49.234198309369106
              ],
              [
                48.66688073008376,
                49.20984528202533
              ],
              [
                48.703254736975026,
                49.20510767989322
              ],
              [
                48.963511589458705,
                49.17121002811908
              ],
              [
                50.11866295664626,
                49.184149481244134
              ]
            ]
          ],
          [
            [
              [
                52.659570312500136,
                45.51806640625006
              ],
              [
                52.692968750000034,
                45.4607421875001
              ],
              [
                52.68242187500016,
                45.41181640625007
              ],
              [
                52.66484375000016,
                45.40131835937507
              ],
              [
                52.598339843750125,
                45.42817382812507
              ],
              [
                52.55451744636257,
                45.473745234720816
              ],
              [
                52.61262321277163,
                45.52729300388462
              ],
              [
                52.659570312500136,
                45.51806640625006
              ]
            ]
          ]
        ]
      }
    },
    {
      "type": "Feature",
      "properties": {
        "name": "Западно-Сибирская низменность",
        "name_en": "West Siberian Plain",
        "description": "Просторная равнинная территория с густой речной сетью и благоприятными условиями для земледелия."
      },
      "geometry": {
        "type": "Polygon",
        "coordinates": [
          [
            [
              86.26929772227126,
              68.46423981327533
            ],
            [
              86.3066512378962,
              68.4118106140566
            ],
            [
              86.34864342539626,
              68.38880036015033
            ],
            [
              86.45081627695876,
              68.3625552429628
            ],
            [
              86.51307213633376,
              68.3250796570253
            ],
            [
              86.5839949878962,
              68.24860260624408
            ],
            [
              86.62855065195876,
              68.1489321960878
            ],
            [
              86.6206160816462,
              68.05329010624408
            ],
            [
              86.57496178477126,
              67.96137116093158
            ],
            [
              86.36402428477126,
              67.70569489140033
            ],
            [
              86.3188582691462,
              67.6262881531191
            ],
            [
              86.31128990977126,
              67.54938385624408
            ],
            [
              86.3380233082087,
              67.48358795780658
            ],
            [
              86.3816024097712,
              67.4357363953066
            ],
            [
              86.4356795582087,
              67.40308258671283
            ],
            [
              86.49390709727126,
              67.38275787968158
            ],
            [
              86.59815514414626,
              67.3676821960878
            ],
            [
              86.6440535816462,
              67.3677432312441
            ],
            [
              86.76111901133376,
              66.7168032898378
            ],
            [
              87.37720787852126,
              66.47601959843158
            ],
            [
              87.4724227222712,
              66.39819977421283
            ],
            [
              87.5575057300837,
              66.23529694218158
            ],
            [
              87.6071883472712,
              66.1787783874941
            ],
            [
              87.6663924488337,
              66.1400820984316
            ],
            [
              87.7286483082087,
              66.1156070007753
            ],
            [
              87.8381453785212,
              66.09693024296283
            ],
            [
              87.8857528003962,
              66.09650299686913
            ],
            [
              87.8830672535212,
              66.0885073914003
            ],
            [
              87.87501061289626,
              66.02570221561908
            ],
            [
              87.88978112070876,
              65.90393707890036
            ],
            [
              87.9603377613337,
              65.72730133671283
            ],
            [
              88.0922957691462,
              65.49835846561913
            ],
            [
              88.1345320972712,
              65.36731598515036
            ],
            [
              88.16712487070876,
              65.1080996765566
            ],
            [
              88.15015709727126,
              64.82416412968158
            ],
            [
              88.1386824878962,
              64.8032901062441
            ],
            [
              88.1184188160212,
              64.74194977421283
            ],
            [
              88.11085045664626,
              64.64234039921288
            ],
            [
              88.13697350352126,
              64.50665924686905
            ],
            [
              88.27698815195876,
              64.14465973515033
            ],
            [
              88.39734948008376,
              63.944830633587884
            ],
            [
              91.3241072925837,
              60.86994049686908
            ],
            [
              92.08509362070876,
              59.64838287968158
            ],
            [
              92.21851647227126,
              59.20538971561908
            ],
            [
              92.99500573008376,
              58.35175202030658
            ],
            [
              92.99720299570876,
              58.3519351257753
            ],
            [
              92.98316490977126,
              58.37567780155655
            ],
            [
              92.9829207691462,
              58.379156805462856
            ],
            [
              93.1790877613337,
              58.14996979374408
            ],
            [
              93.3845320972712,
              57.739142157025356
            ],
            [
              93.5367537769587,
              57.21771881718155
            ],
            [
              93.5406600269587,
              57.04169342655658
            ],
            [
              93.52381432383376,
              56.932745672650384
            ],
            [
              93.51246178477126,
              56.895453192181634
            ],
            [
              93.7839461597712,
              56.56220123905658
            ],
            [
              93.7783309253962,
              56.5531070007753
            ],
            [
              93.63929283945876,
              56.385809637494134
            ],
            [
              93.49512780039626,
              56.267279364056634
            ],
            [
              92.67582378715682,
              55.880466031784295
            ],
            [
              92.5601912769587,
              55.82587311405658
            ],
            [
              92.3783065113337,
              55.68231842655658
            ],
            [
              92.3186141285212,
              55.657294012494106
            ],
            [
              92.2706404957087,
              55.66095612186908
            ],
            [
              92.2133273634432,
              55.68946464670083
            ],
            [
              92.10523522227126,
              55.743231512494134
            ],
            [
              92.01270592539626,
              55.76117584843155
            ],
            [
              91.6563826832087,
              55.754461981244106
            ],
            [
              91.5791121753962,
              55.77094147343158
            ],
            [
              91.3781844410212,
              55.86286041874408
            ],
            [
              91.3241072925837,
              55.872259832806634
            ],
            [
              90.71058190195876,
              55.76288483280655
            ],
            [
              87.7802840503962,
              55.67133209843155
            ],
            [
              87.66883385508376,
              55.65058014530658
            ],
            [
              80.33069908945876,
              55.567145086712856
            ],
            [
              80.18763268320876,
              55.593085028119106
            ],
            [
              76.5070906910212,
              55.539618231244134
            ],
            [
              76.4464217457087,
              55.555914617962856
            ],
            [
              75.6655379566462,
              56.05292389530658
            ],
            [
              75.6668807300837,
              56.05493805546283
            ],
            [
              75.6699324878962,
              56.05768463749408
            ],
            [
              75.66541588633376,
              56.06732819218158
            ],
            [
              75.5368758472712,
              56.17926666874405
            ],
            [
              75.4458113941462,
              56.22907135624408
            ],
            [
              75.32874596445876,
              56.258673407025356
            ],
            [
              75.30396569102126,
              56.272101141400356
            ],
            [
              74.7170516285212,
              56.81604645390033
            ],
            [
              74.29725182383376,
              56.990912176556606
            ],
            [
              72.6762801441462,
              57.40228912968158
            ],
            [
              70.20106041758376,
              57.587897039837856
            ],
            [
              68.8880721363337,
              57.90350983280655
            ],
            [
              68.38599694102126,
              58.1705386414003
            ],
            [
              68.31812584727126,
              58.348089910931634
            ],
            [
              68.4067488941462,
              58.62152741093155
            ],
            [
              69.6192733082087,
              60.2692935242128
            ],
            [
              69.6998397144587,
              60.423285223431634
            ],
            [
              69.6823836597712,
              60.514654852337884
            ],
            [
              69.62024987070876,
              60.610296942181606
            ],
            [
              69.5236922535212,
              60.706061102337884
            ],
            [
              69.2666121753962,
              60.88129303593158
            ],
            [
              68.6718856128962,
              61.11102936405658
            ],
            [
              68.4440092485743,
              61.24353263802652
            ],
            [
              67.0941268238337,
              62.02844879765033
            ],
            [
              66.71729576914626,
              62.114508367962856
            ],
            [
              65.0720320972712,
              63.042059637494106
            ],
            [
              65.0733748707087,
              63.078192449994106
            ],
            [
              65.7238875660212,
              63.751776434369106
            ],
            [
              65.8127547535212,
              63.912482000775356
            ],
            [
              65.84620201914626,
              64.07453034061913
            ],
            [
              65.82313073008376,
              64.2457949890566
            ],
            [
              65.75757897227126,
              64.41870758671288
            ],
            [
              65.2155867847712,
              65.13709137577536
            ],
            [
              65.2115584644587,
              65.21942780155655
            ],
            [
              65.2556258472712,
              65.29633209843158
            ],
            [
              65.62208092539626,
              65.64221832890033
            ],
            [
              65.68885338633376,
              65.7615420593691
            ],
            [
              65.7252303394587,
              65.87964508671288
            ],
            [
              65.7347518238337,
              65.96271393436905
            ],
            [
              65.7274276050837,
              66.01892731327533
            ],
            [
              65.70191490977126,
              66.0838076843691
            ],
            [
              65.70362389414626,
              66.10895416874408
            ],
            [
              65.7282820972712,
              66.14020416874405
            ],
            [
              66.49451744883376,
              66.6304385437441
            ],
            [
              66.69410240977126,
              66.70392487186905
            ],
            [
              67.7628279957087,
              66.82477448124408
            ],
            [
              68.9648543628962,
              66.77142975468155
            ],
            [
              68.98560631602126,
              66.75867340702533
            ],
            [
              69.00171959727126,
              66.74066803593158
            ],
            [
              69.05494225352126,
              66.65131256718158
            ],
            [
              69.07447350352126,
              66.6334903015566
            ],
            [
              69.10010826914626,
              66.62110016483786
            ],
            [
              69.17050790785295,
              66.60800845208969
            ],
            [
              69.19433593750006,
              66.57866210937505
            ],
            [
              69.41201171875014,
              66.51074218750006
            ],
            [
              69.70097656250005,
              66.48457031250007
            ],
            [
              69.982421875,
              66.40141601562499
            ],
            [
              70.33945312500009,
              66.34238281250003
            ],
            [
              70.56273941194256,
              66.3491052067701
            ],
            [
              70.6088973316462,
              66.3405215515566
            ],
            [
              71.46484083704046,
              66.34620788952948
            ],
            [
              71.5057079816693,
              66.3411523584677
            ],
            [
              71.68292943628987,
              66.30300670198739
            ],
            [
              71.73493011299279,
              66.29181392651616
            ],
            [
              71.91699218750011,
              66.24672851562514
            ],
            [
              72.03232861570142,
              66.25177728923309
            ],
            [
              72.2110701832087,
              66.2511050476503
            ],
            [
              72.3985701832087,
              66.34631989140033
            ],
            [
              72.8219100269587,
              66.47809479374405
            ],
            [
              77.0955916675837,
              66.70050690311908
            ],
            [
              77.71656334727126,
              67.15729401249405
            ],
            [
              77.85951676371309,
              67.56570840389946
            ],
            [
              77.98554687500013,
              67.55917968749998
            ],
            [
              78.58955078125007,
              67.57846679687498
            ],
            [
              78.92246093750003,
              67.58911132812506
            ],
            [
              78.88759765625002,
              67.61313476562498
            ],
            [
              78.83906250000007,
              67.63120117187509
            ],
            [
              78.55908203125006,
              67.63911132812507
            ],
            [
              78.16123046875003,
              67.67836914062508
            ],
            [
              77.910226288306,
              67.71058426724414
            ],
            [
              77.9248153003962,
              67.7522647156191
            ],
            [
              78.43555748789626,
              68.25678131718155
            ],
            [
              78.7502446493975,
              68.41789379610233
            ],
            [
              79.04200280039626,
              68.56726715702536
            ],
            [
              81.22303307383376,
              69.09943268436913
            ],
            [
              81.2285262378962,
              69.09772369999413
            ],
            [
              81.22925865977126,
              69.09601471561905
            ],
            [
              81.22877037852126,
              69.09516022343155
            ],
            [
              81.24801500162701,
              69.09884395445346
            ],
            [
              84.22510826914626,
              69.6687075867128
            ],
            [
              84.4010115894587,
              69.64374420780658
            ],
            [
              84.4908553394587,
              69.6482608093691
            ],
            [
              85.15162194102126,
              69.80017731327536
            ],
            [
              85.3504744800837,
              69.8064639343691
            ],
            [
              85.4121199878962,
              69.7947451843691
            ],
            [
              85.4538680347712,
              69.7776553406191
            ],
            [
              85.4795028003962,
              69.75855133671283
            ],
            [
              85.49293053477126,
              69.7406680359316
            ],
            [
              85.4984236988337,
              69.7276065124941
            ],
            [
              85.4992781910212,
              69.72247955936905
            ],
            [
              86.1070662769587,
              69.46448395390036
            ],
            [
              86.26929772227126,
              68.46423981327533
            ]
          ]
        ]
      }
    },
    {
      "type": "Feature",
      "properties": {
        "name": "Валдайская возвышенность",
        "name_en": "Valdai Hills",
        "description": "Здесь широко распространены моренные холмы и гряды — следы последнего оледенения."
      },
      "geometry": {
        "coordinates": [
          [
            [
              35.38405276191588,
              56.74425923516074
            ],
            [
              35.857960692100164,
              57.1289247511651
            ],
            [
              35.22223054185258,
              57.59026094784463
            ],
            [
              33.93921151135467,
              57.44749352191755
            ],
            [
              33.8698591313277,
              57.078702673900125
            ],
            [
              34.26285595148033,
              56.77593858043812
            ],
            [
              35.38405276191588,
              56.74425923516074
            ]
          ]
        ],
        "type": "Polygon"
      }
    },
    {
      "type": "Feature",
      "properties": {
        "name": "Смоленско-Московская возвышенность",
        "name_en": "Smolensk–Moscow Upland",
        "description": "Возвышенная область — источник рек и родников; перепады высот создают локальные климатические различия."
      },
      "geometry": {
        "coordinates": [
          [
            [
              31.77772900051525,
              54.73410887361385
            ],
            [
              31.916433760569248,
              54.09513579008714
            ],
            [
              35.39561149192056,
              55.23154987480447
            ],
            [
              37.09474480258041,
              55.90469695596951
            ],
            [
              39.67234159358085,
              56.10504151237578
            ],
            [
              39.545195563531536,
              56.55999145874088
            ],
            [
              36.34342735228819,
              56.31076078696219
            ],
            [
              34.598059121610646,
              56.13725792643635
            ],
            [
              31.916433760569248,
              55.13255448459972
            ],
            [
              31.77772900051525,
              54.73410887361385
            ]
          ]
        ],
        "type": "Polygon"
      }
    },
    {
      "type": "Feature",
      "properties": {
        "name": "Среднерусская возвышенность",
        "name_en": "Central Russian Upland",
        "description": "Здесь широко распространены моренные холмы и гряды — следы последнего оледенения."
      },
      "geometry": {
        "coordinates": [
          [
            [
              34.3553268731207,
              53.21838249304827
            ],
            [
              33.99700624298208,
              52.5136461026743
            ],
            [
              34.5633840132017,
              51.373691650990764
            ],
            [
              37.55709508436411,
              50.639124918646274
            ],
            [
              38.48179348472334,
              51.69006951748423
            ],
            [
              38.7014093548089,
              54.91389793924654
            ],
            [
              36.12381256380752,
              55.07303914682362
            ],
            [
              34.3553268731207,
              53.21838249304827
            ]
          ]
        ],
        "type": "Polygon"
      }
    },
    {
      "type": "Feature",
      "properties": {
        "name": "Приволжская возвышенность",
        "name_en": "Volga Upland",
        "description": "Здесь широко распространены моренные холмы и гряды — следы последнего оледенения."
      },
      "geometry": {
        "type": "Polygon",
        "coordinates": [
          [
            [
              44.641368034771205,
              49.16632721561905
            ],
            [
              44.25501549570876,
              49.088385321087856
            ],
            [
              44.033824089458705,
              49.4655825867128
            ],
            [
              44.199473503521205,
              50.24371979374408
            ],
            [
              44.62732994883376,
              51.262274481244106
            ],
            [
              45.19239342539626,
              52.361090399212856
            ],
            [
              45.856089714458705,
              53.49811432499405
            ],
            [
              46.23381016016893,
              54.05063459892136
            ],
            [
              46.592295769146205,
              54.57501862186908
            ],
            [
              47.29456627695876,
              55.346686102337884
            ],
            [
              47.856577995708705,
              55.567938543744134
            ],
            [
              48.22364342539626,
              55.428900457806634
            ],
            [
              48.388926628521205,
              55.245184637494106
            ],
            [
              48.31678307383376,
              54.959662176556606
            ],
            [
              48.048351301667736,
              54.618951401750905
            ],
            [
              47.326670769146205,
              53.70294830936905
            ],
            [
              46.53687584727126,
              52.56659577030658
            ],
            [
              45.83936608164626,
              51.43036530155658
            ],
            [
              45.471934441021205,
              50.617865301556606
            ],
            [
              45.28553307383376,
              50.05383942265033
            ],
            [
              44.996836784771205,
              49.529059149212856
            ],
            [
              44.641368034771205,
              49.16632721561905
            ]
          ]
        ]
      }
    },
    {
      "type": "Feature",
      "properties": {
        "name": "Среднесибирское плоскогорье",
        "name_en": "Central Siberian Plateau",
        "description": "Район известен резкими уступами — куэстами, где породы разной твёрдости выветриваются неравномерно."
      },
      "geometry": {
        "type": "MultiPolygon",
        "coordinates": [
          [
            [
              [
                121.39905846445876,
                60.660650946087856
              ],
              [
                119.82085987002937,
                60.21136471047626
              ],
              [
                119.82312651495391,
                60.21141099717886
              ],
              [
                119.84135567458759,
                60.208444688585075
              ],
              [
                119.85512520052538,
                60.20508978949658
              ],
              [
                119.85951973007997,
                60.20281521267361
              ],
              [
                119.87179186076202,
                60.19883978949656
              ],
              [
                119.88875148963552,
                60.18907009548616
              ],
              [
                119.90499497295207,
                60.18266140407988
              ],
              [
                119.90750148240187,
                60.16551459418403
              ],
              [
                119.90496242088125,
                60.16546169704864
              ],
              [
                119.89282049848231,
                60.17171576605904
              ],
              [
                119.88637518846906,
                60.16605577256942
              ],
              [
                119.88839341685707,
                60.16338243272571
              ],
              [
                119.9008934120344,
                60.14849188910597
              ],
              [
                119.89597804934749,
                60.146373969184026
              ],
              [
                119.88637518846906,
                60.14883978949658
              ],
              [
                119.86505358211167,
                60.15181423611111
              ],
              [
                119.85479967981775,
                60.159425320095494
              ],
              [
                119.84714994318568,
                60.16738633897572
              ],
              [
                119.83132963678923,
                60.17379909939237
              ],
              [
                119.81131011326266,
                60.1675897894965
              ],
              [
                119.79806142045732,
                60.16221666124139
              ],
              [
                119.77839996970948,
                60.157173122829846
              ],
              [
                119.76131013255286,
                60.15921576605908
              ],
              [
                119.75346508349605,
                60.16325629340281
              ],
              [
                119.73608227770256,
                60.167713894314204
              ],
              [
                119.7206851482261,
                60.16739854600692
              ],
              [
                119.70922681931324,
                60.169632432725734
              ],
              [
                119.69889867291765,
                60.17664443678294
              ],
              [
                119.59091099951031,
                60.14590218707565
              ],
              [
                119.17780030541982,
                60.02829661494173
              ],
              [
                119.17192233910669,
                60.023833685980975
              ],
              [
                119.16033380191101,
                60.021011827256956
              ],
              [
                119.15597182442724,
                60.00747626410592
              ],
              [
                119.14887547299844,
                60.00504909939235
              ],
              [
                119.1293442305336,
                60.002322862413166
              ],
              [
                119.12696792936697,
                59.99986111111116
              ],
              [
                119.11039892534274,
                60.00133409288193
              ],
              [
                119.10598490493429,
                60.00785199469117
              ],
              [
                118.16102135508376,
                59.738836981244134
              ],
              [
                115.85201089076784,
                59.850494514875294
              ],
              [
                115.01408632679713,
                59.891014292341765
              ],
              [
                114.39344323008376,
                59.92102692265033
              ],
              [
                113.65306410250261,
                59.41591920874296
              ],
              [
                113.17628014414626,
                59.09064362186905
              ],
              [
                112.82340120318767,
                58.988607871911626
              ],
              [
                110.9774276050837,
                58.45484039921283
              ],
              [
                108.3960067066462,
                58.1203677429628
              ],
              [
                106.01124108164626,
                58.345404364056606
              ],
              [
                103.7601424488337,
                58.92462799686908
              ],
              [
                101.6359969410212,
                59.08960602421283
              ],
              [
                98.65162194102126,
                58.513739324994106
              ],
              [
                93.2858992847712,
                58.87921784061905
              ],
              [
                93.05574985566706,
                59.16739840269696
              ],
              [
                93.05311731164358,
                59.16766099717884
              ],
              [
                93.05275962183299,
                59.17114261040759
              ],
              [
                93.02858259896378,
                59.20141575975643
              ],
              [
                93.02697799881139,
                59.197777777777844
              ],
              [
                93.0094487086991,
                59.19901679144968
              ],
              [
                93.00267787797816,
                59.198613959418395
              ],
              [
                92.9592859676356,
                59.20215603298618
              ],
              [
                92.94903206534138,
                59.20583034939233
              ],
              [
                92.94242399497426,
                59.20942125108513
              ],
              [
                92.94268441154031,
                59.213832058376795
              ],
              [
                92.95285693365753,
                59.21322577582464
              ],
              [
                92.95712125492884,
                59.21554511176217
              ],
              [
                92.97095588500832,
                59.21769965277781
              ],
              [
                92.97465054504124,
                59.22573391384563
              ],
              [
                92.99042202333152,
                59.23060858832463
              ],
              [
                93.00432110702548,
                59.23179467666638
              ],
              [
                92.94758040228369,
                59.30284229233432
              ],
              [
                92.9391327181619,
                59.31342002162937
              ],
              [
                92.93438363349293,
                59.31361843532986
              ],
              [
                92.93414596367714,
                59.31966416360251
              ],
              [
                92.87057030326362,
                59.39927013796342
              ],
              [
                92.86739147183852,
                59.39883572048609
              ],
              [
                92.85856986065875,
                59.389324408637236
              ],
              [
                92.83239799575591,
                59.3882868109809
              ],
              [
                92.81688693403169,
                59.392829861111125
              ],
              [
                92.80515191251737,
                59.39236395941842
              ],
              [
                92.80502170423443,
                59.395694444444416
              ],
              [
                92.80547743322535,
                59.40709784613719
              ],
              [
                92.79914605545963,
                59.40734809027782
              ],
              [
                92.7956467078514,
                59.40410712348091
              ],
              [
                92.78885960109488,
                59.39677680121528
              ],
              [
                92.78031468251629,
                59.40047756618932
              ],
              [
                92.76146703353788,
                59.41155544704861
              ],
              [
                92.76099502851162,
                59.42363837348091
              ],
              [
                92.76757054680826,
                59.42594346788195
              ],
              [
                92.77639215798808,
                59.42804511176212
              ],
              [
                92.78801324725453,
                59.43419542100693
              ],
              [
                92.79315647443701,
                59.43197170681424
              ],
              [
                92.81180881099095,
                59.41183824327257
              ],
              [
                92.83840385281388,
                59.41924994574654
              ],
              [
                92.83601127561184,
                59.42474514431427
              ],
              [
                92.81965386004754,
                59.43627875434035
              ],
              [
                92.80249891874928,
                59.451439887152816
              ],
              [
                92.78215387451507,
                59.457112087673664
              ],
              [
                92.77388564853851,
                59.463443467881945
              ],
              [
                92.75437068210903,
                59.474433865017346
              ],
              [
                92.73881079227863,
                59.49236395941847
              ],
              [
                92.73809464672166,
                59.51047919379343
              ],
              [
                92.74060115617135,
                59.51579739040798
              ],
              [
                92.74673722151243,
                59.5214695909288
              ],
              [
                92.74327042597486,
                59.525587429470505
              ],
              [
                92.72828019738319,
                59.52618150499137
              ],
              [
                92.72316952227152,
                59.518751491970534
              ],
              [
                92.7279872287462,
                59.50965521918408
              ],
              [
                92.71722876935507,
                59.50719346788199
              ],
              [
                92.69725807393496,
                59.51292263454866
              ],
              [
                92.68194232463549,
                59.52586208767363
              ],
              [
                92.67435769214478,
                59.51549628363716
              ],
              [
                92.69221250296488,
                59.5049921332465
              ],
              [
                92.70287330614349,
                59.48484646267363
              ],
              [
                92.70507057092073,
                59.47794542100698
              ],
              [
                92.71192278181883,
                59.469001736111096
              ],
              [
                92.70923723597997,
                59.450943467881984
              ],
              [
                92.70684465877792,
                59.43105414496526
              ],
              [
                92.70096901000306,
                59.427945421006996
              ],
              [
                92.68592995330533,
                59.42318060980904
              ],
              [
                92.68684141128705,
                59.40005845811635
              ],
              [
                92.68234922552006,
                59.387234971788274
              ],
              [
                92.68190977256461,
                59.37628119574657
              ],
              [
                92.68653216661454,
                59.371290554470534
              ],
              [
                92.70573788837174,
                59.375308702256945
              ],
              [
                92.72466691752726,
                59.376059434678865
              ],
              [
                92.73864803192492,
                59.37382961697051
              ],
              [
                92.75599828564765,
                59.35511013454865
              ],
              [
                92.76506403735846,
                59.35847520616318
              ],
              [
                92.76919815034688,
                59.36631415473096
              ],
              [
                92.75096899071309,
                59.383204616970545
              ],
              [
                92.75417536968428,
                59.38824205186634
              ],
              [
                92.76031143502547,
                59.388486192491314
              ],
              [
                92.77801976152682,
                59.387784288194496
              ],
              [
                92.80969292639048,
                59.389039577907994
              ],
              [
                92.81757052751806,
                59.38627875434028
              ],
              [
                92.83846895695535,
                59.38427680121532
              ],
              [
                92.84981335362022,
                59.381902533637145
              ],
              [
                92.86060436508217,
                59.382329779730924
              ],
              [
                92.87382050581664,
                59.376096055772564
              ],
              [
                92.86472220203507,
                59.36557766384553
              ],
              [
                92.85938366242806,
                59.3653660753038
              ],
              [
                92.85178275390223,
                59.36938218858512
              ],
              [
                92.84055228948495,
                59.36544542100697
              ],
              [
                92.8342371877547,
                59.36344346788192
              ],
              [
                92.82255099434661,
                59.35934597439234
              ],
              [
                92.79483290608187,
                59.356941189236096
              ],
              [
                92.78221897865672,
                59.35743964301213
              ],
              [
                92.77624567366945,
                59.35099229600695
              ],
              [
                92.76927953052387,
                59.34770046657988
              ],
              [
                92.77035374885946,
                59.320436062282965
              ],
              [
                92.76340388174896,
                59.311360134548636
              ],
              [
                92.75310115134886,
                59.29306993272567
              ],
              [
                92.73453019497191,
                59.28918402777782
              ],
              [
                92.72286027759918,
                59.29536078559033
              ],
              [
                92.7111415321204,
                59.29256944444447
              ],
              [
                92.71154843300502,
                59.282242296006984
              ],
              [
                92.69644427216542,
                59.279080674913246
              ],
              [
                92.68890846778118,
                59.2830683051215
              ],
              [
                92.67907774240729,
                59.27247056749121
              ],
              [
                92.65803282865153,
                59.27648871527771
              ],
              [
                92.65407775205222,
                59.28397976345485
              ],
              [
                92.66218321767508,
                59.2957534450955
              ],
              [
                92.65261290886752,
                59.30823106553825
              ],
              [
                92.65337788253072,
                59.327603624131996
              ],
              [
                92.63846903411587,
                59.340526801215276
              ],
              [
                92.6320237241024,
                59.343572455512145
              ],
              [
                92.63239807291626,
                59.352937282986176
              ],
              [
                92.62176982180841,
                59.353358425564295
              ],
              [
                92.6048427450055,
                59.352687038845545
              ],
              [
                92.59035707351075,
                59.35545193142363
              ],
              [
                92.57136294021399,
                59.373044297960064
              ],
              [
                92.57188377334614,
                59.38614040798609
              ],
              [
                92.56856346212732,
                59.39561509874133
              ],
              [
                92.56548729143918,
                59.40532579210071
              ],
              [
                92.55930239799193,
                59.41106309678824
              ],
              [
                92.55721906546233,
                59.417610134548596
              ],
              [
                92.54888573534407,
                59.42847642686638
              ],
              [
                92.55367088974793,
                59.43734280056427
              ],
              [
                92.56830304556092,
                59.44197333441841
              ],
              [
                92.57601788633457,
                59.445615098741314
              ],
              [
                92.5821539516757,
                59.44886013454865
              ],
              [
                92.59004782883846,
                59.45258938259548
              ],
              [
                92.5802496555354,
                59.47112575954867
              ],
              [
                92.57805239075816,
                59.47802680121532
              ],
              [
                92.56965395649809,
                59.488362087673636
              ],
              [
                92.56584536421764,
                59.49643296983507
              ],
              [
                92.55651919594061,
                59.507891303168435
              ],
              [
                92.54763248061909,
                59.52164455837672
              ],
              [
                92.53423730349544,
                59.52377875434033
              ],
              [
                92.52775944141115,
                59.52720282660596
              ],
              [
                92.50549382500145,
                59.53250678168402
              ],
              [
                92.49992742089893,
                59.550099148220454
              ],
              [
                92.48931544582643,
                59.55739488389756
              ],
              [
                92.47689683082581,
                59.55690253363716
              ],
              [
                92.45619371381315,
                59.56123399522568
              ],
              [
                92.44707913399623,
                59.561596137152804
              ],
              [
                92.44043851155817,
                59.55703274197052
              ],
              [
                92.43415596189874,
                59.55728095160595
              ],
              [
                92.42268135695048,
                59.54488674587674
              ],
              [
                92.41530831292022,
                59.542557237413206
              ],
              [
                92.4158779741586,
                59.52823838975692
              ],
              [
                92.40420805678593,
                59.52205756293404
              ],
              [
                92.39673735654327,
                59.51969346788195
              ],
              [
                92.39024321842362,
                59.51625922309029
              ],
              [
                92.38075428979278,
                59.522789984809094
              ],
              [
                92.34888581250453,
                59.51771389431431
              ],
              [
                92.3529873734222,
                59.51544542100697
              ],
              [
                92.3631273434683,
                59.5130304633247
              ],
              [
                92.38423736136576,
                59.50061794704865
              ],
              [
                92.3907314994853,
                59.488360053168435
              ],
              [
                92.39037342670684,
                59.47966254340281
              ],
              [
                92.40321521862751,
                59.46776882595489
              ],
              [
                92.41132068425037,
                59.45902859157991
              ],
              [
                92.42124906583666,
                59.459421251085075
              ],
              [
                92.43007067701654,
                59.45526272243927
              ],
              [
                92.42714099064665,
                59.43062079535591
              ],
              [
                92.4112881321795,
                59.424106309678876
              ],
              [
                92.40197823993788,
                59.42373602973092
              ],
              [
                92.39694894500315,
                59.42393541124133
              ],
              [
                92.3905524630959,
                59.42169542100697
              ],
              [
                92.36340403607,
                59.41969346788201
              ],
              [
                92.35721914262291,
                59.41752875434025
              ],
              [
                92.3449307359054,
                59.413636745876744
              ],
              [
                92.33846914985662,
                59.40919542100701
              ],
              [
                92.33007071559683,
                59.40719346788194
              ],
              [
                92.32180248961998,
                59.40086208767366
              ],
              [
                92.3145596538726,
                59.39856513129345
              ],
              [
                92.30811434385913,
                59.38860215928818
              ],
              [
                92.2957282809295,
                59.38527777777776
              ],
              [
                92.29471916673543,
                59.386360134548625
              ],
              [
                92.27898024051598,
                59.38936509874131
              ],
              [
                92.27567620533222,
                59.399785834418424
              ],
              [
                92.26208571578377,
                59.408562689887134
              ],
              [
                92.25096918361436,
                59.417610134548596
              ],
              [
                92.23703689732275,
                59.42580308702256
              ],
              [
                92.22678299502883,
                59.43530219184032
              ],
              [
                92.21965409152892,
                59.44461208767359
              ],
              [
                92.2157152909653,
                59.46114040798608
              ],
              [
                92.20733313274098,
                59.47331895616321
              ],
              [
                92.20690995582089,
                59.48402655707466
              ],
              [
                92.21132076141083,
                59.486360134548676
              ],
              [
                92.22798742164736,
                59.48901516384552
              ],
              [
                92.22486242285305,
                59.49460191514754
              ],
              [
                92.19888587037474,
                59.49956000434028
              ],
              [
                92.20381750909729,
                59.51127875434025
              ],
              [
                92.21770096728272,
                59.51977281358512
              ],
              [
                92.23005447814143,
                59.51928249782992
              ],
              [
                92.23023351453088,
                59.523819444444484
              ],
              [
                92.22990799382313,
                59.531985948350666
              ],
              [
                92.2377204908089,
                59.53612006293406
              ],
              [
                92.25839105575102,
                59.54044542100692
              ],
              [
                92.26763584385088,
                59.53844346788196
              ],
              [
                92.27945224554213,
                59.532193467882024
              ],
              [
                92.2882413046512,
                59.53736721462673
              ],
              [
                92.29048739753466,
                59.54677680121529
              ],
              [
                92.30337801756156,
                59.549238552517494
              ],
              [
                92.30274325218136,
                59.565085313585115
              ],
              [
                92.3097907755041,
                59.57839504665802
              ],
              [
                92.30900952580544,
                59.598282335069484
              ],
              [
                92.31439689351862,
                59.6041071234809
              ],
              [
                92.32136303666454,
                59.61056464301217
              ],
              [
                92.3219652499738,
                59.62571153428817
              ],
              [
                92.31659415829586,
                59.6335179307726
              ],
              [
                92.32382071800811,
                59.64469346788192
              ],
              [
                92.3323819126216,
                59.65522610134556
              ],
              [
                92.33200756380774,
                59.66496731228298
              ],
              [
                92.33589753626546,
                59.67323757595483
              ],
              [
                92.35826080888756,
                59.691432156033045
              ],
              [
                92.36757070112901,
                59.69469346788199
              ],
              [
                92.37805246791851,
                59.69669542100695
              ],
              [
                92.39009673410527,
                59.69921413845489
              ],
              [
                92.3990160014975,
                59.692370062934
              ],
              [
                92.4082282375266,
                59.6927342393663
              ],
              [
                92.41721260906036,
                59.69237820095492
              ],
              [
                92.42388578356935,
                59.69669542100695
              ],
              [
                92.43475817520789,
                59.705028754340304
              ],
              [
                92.44065010001827,
                59.70299628363719
              ],
              [
                92.44024319913342,
                59.69289903428819
              ],
              [
                92.45513577151286,
                59.69052680121527
              ],
              [
                92.45923733243052,
                59.688362087673596
              ],
              [
                92.465601262267,
                59.68535712348094
              ],
              [
                92.47489487847304,
                59.68043768988721
              ],
              [
                92.48215399025582,
                59.68427680121533
              ],
              [
                92.48851792009225,
                59.68728176540802
              ],
              [
                92.5018479930747,
                59.69433742947052
              ],
              [
                92.53054264346247,
                59.70086208767367
              ],
              [
                92.53622297981275,
                59.69469550238716
              ],
              [
                92.53695540140512,
                59.67652330186638
              ],
              [
                92.53430240763697,
                59.66544542100698
              ],
              [
                92.52793847780055,
                59.65713446723095
              ],
              [
                92.54408430490469,
                59.64951321072053
              ],
              [
                92.55923729385017,
                59.62976223415802
              ],
              [
                92.55577049831277,
                59.60864000108509
              ],
              [
                92.54973208918409,
                59.59394883897568
              ],
              [
                92.55886294503648,
                59.58409573025173
              ],
              [
                92.56840070177333,
                59.58447414822052
              ],
              [
                92.59305889538518,
                59.580797797309
              ],
              [
                92.60808167604762,
                59.58606716579865
              ],
              [
                92.61752177657229,
                59.586439480251784
              ],
              [
                92.6252854454521,
                59.58109483506945
              ],
              [
                92.65607970440493,
                59.58231553819442
              ],
              [
                92.67030495933341,
                59.579599473741354
              ],
              [
                92.6801845128137,
                59.57494045681423
              ],
              [
                92.68747617666702,
                59.57107896592879
              ],
              [
                92.71101132383717,
                59.57201076931426
              ],
              [
                92.72380428765172,
                59.564179958767426
              ],
              [
                92.73964087008346,
                59.558011338975746
              ],
              [
                92.74377498307172,
                59.54497829861111
              ],
              [
                92.75454438666105,
                59.54455146232858
              ],
              [
                92.63154680660965,
                59.69856232340874
              ],
              [
                92.62852437649423,
                59.6987990993924
              ],
              [
                92.62925790196125,
                59.701428364965665
              ],
              [
                89.63025963633376,
                63.456610418744106
              ],
              [
                88.41480553477126,
                66.70270416874408
              ],
              [
                88.38779369457453,
                67.79671823870547
              ],
              [
                88.37805401112831,
                67.80386094835083
              ],
              [
                88.38740752815826,
                67.81235847238342
              ],
              [
                88.3670760425837,
                68.63580963749408
              ],
              [
                88.3855898205824,
                68.66741519441523
              ],
              [
                88.38427145664627,
                68.66736294216588
              ],
              [
                88.35726951393872,
                68.66843309190557
              ],
              [
                88.3570742015142,
                68.66351365831156
              ],
              [
                88.36068748137023,
                68.65666449652778
              ],
              [
                88.34974998558988,
                68.65149888780374
              ],
              [
                88.34465558651357,
                68.64677578396282
              ],
              [
                88.3436464723195,
                68.63736111111109
              ],
              [
                88.31555403524118,
                68.6384404161241
              ],
              [
                88.31513085832108,
                68.64920803493925
              ],
              [
                88.33425519990107,
                68.6647648790148
              ],
              [
                88.35456769206445,
                68.67225389268657
              ],
              [
                88.36882549906392,
                68.67979173448344
              ],
              [
                88.37893291703926,
                68.68243964301215
              ],
              [
                88.39614667968907,
                68.68543720004949
              ],
              [
                88.50201735249175,
                68.86617295132515
              ],
              [
                88.48705462011748,
                68.87239325629352
              ],
              [
                88.47183652703018,
                68.86042833116329
              ],
              [
                88.48225318967809,
                68.8572117784289
              ],
              [
                88.48628964645411,
                68.85446214463971
              ],
              [
                88.48212298139487,
                68.84679511176225
              ],
              [
                88.47999082075921,
                68.84213507758255
              ],
              [
                88.4749778018599,
                68.83765306260855
              ],
              [
                88.45163796711455,
                68.83904466417107
              ],
              [
                88.44266987161615,
                68.8320937771268
              ],
              [
                88.43576883261187,
                68.82996466742625
              ],
              [
                88.42489644097304,
                68.81652777777776
              ],
              [
                88.4175396729782,
                68.81751044379342
              ],
              [
                88.39529033260368,
                68.82434943305128
              ],
              [
                88.38734762733469,
                68.82866461859811
              ],
              [
                88.38433656078792,
                68.8384617784289
              ],
              [
                88.38181377530299,
                68.84310553656692
              ],
              [
                88.3681581816129,
                68.84229173448361
              ],
              [
                88.3605084449809,
                68.84503729926223
              ],
              [
                88.3478131373787,
                68.84428046332468
              ],
              [
                88.33280663275178,
                68.84517462836385
              ],
              [
                88.32600324995974,
                68.84887844509555
              ],
              [
                88.31919986716792,
                68.8520003933377
              ],
              [
                88.32006249704347,
                68.86669460720489
              ],
              [
                88.30302148799285,
                68.87451626247841
              ],
              [
                88.28207423044938,
                68.88747199164504
              ],
              [
                88.28235092305084,
                68.8921126980253
              ],
              [
                88.3114199222527,
                68.89459377712674
              ],
              [
                88.33057681590344,
                68.89868821885855
              ],
              [
                88.3222597618207,
                68.90250800238732
              ],
              [
                88.31143619828816,
                68.91088609483512
              ],
              [
                88.30087305132167,
                68.91334377712684
              ],
              [
                88.2968365945456,
                68.91698045518669
              ],
              [
                88.31267317697751,
                68.93114061143672
              ],
              [
                88.32790754609994,
                68.93699286566843
              ],
              [
                88.34266991019643,
                68.94042711046009
              ],
              [
                88.34878969950199,
                68.94262844509555
              ],
              [
                88.35624412370942,
                68.94459377712681
              ],
              [
                88.3592063621499,
                68.93880154079864
              ],
              [
                88.34683657525545,
                68.93592373318145
              ],
              [
                88.351898422261,
                68.93140306260855
              ],
              [
                88.37385479399836,
                68.93271124945753
              ],
              [
                88.38777080425479,
                68.93188218858512
              ],
              [
                88.39999410683066,
                68.92749579535595
              ],
              [
                88.4122987895833,
                68.92822821723092
              ],
              [
                88.4279563356261,
                68.9258437771268
              ],
              [
                88.44683653667533,
                68.92387844509565
              ],
              [
                88.45712299104008,
                68.91959377712678
              ],
              [
                88.46766986197116,
                68.91554511176221
              ],
              [
                88.47170631874712,
                68.91334377712684
              ],
              [
                88.47907936277755,
                68.9113784450955
              ],
              [
                88.4902121709826,
                68.92383877224398
              ],
              [
                88.49270240439677,
                68.93723904079877
              ],
              [
                88.50295630669075,
                68.94375657823358
              ],
              [
                88.50503963922046,
                68.95776109483506
              ],
              [
                88.48127662755479,
                68.96219936794722
              ],
              [
                88.47183652703018,
                68.96785325792109
              ],
              [
                88.48016985714861,
                68.97167711046006
              ],
              [
                88.48837297898382,
                68.97804511176224
              ],
              [
                88.49572974697878,
                68.98271430121537
              ],
              [
                88.52960017661985,
                68.98668362087676
              ],
              [
                88.53420629463449,
                68.98417711046022
              ],
              [
                88.56517958997648,
                68.98193813747835
              ],
              [
                88.5676002050372,
                68.97813187074841
              ],
              [
                88.5793923322295,
                68.99826264833602
              ],
              [
                88.58677104234424,
                69.01085911797892
              ],
              [
                88.55806696251227,
                69.00537970648878
              ],
              [
                88.53840551176444,
                69.00302578396273
              ],
              [
                88.53739639757038,
                69.00194444444455
              ],
              [
                88.53215551417566,
                69.00294643825958
              ],
              [
                88.5212993985723,
                69.00337673611114
              ],
              [
                88.5028260984077,
                69.00724331325955
              ],
              [
                88.50313534308015,
                69.01537523057732
              ],
              [
                88.50090552623209,
                69.01961310492626
              ],
              [
                88.49843156885305,
                69.02739305284291
              ],
              [
                88.48469459498625,
                69.03274583604608
              ],
              [
                88.48143938790878,
                69.04299465603299
              ],
              [
                88.46784889836033,
                69.04245551215297
              ],
              [
                88.45616270495219,
                69.04551744249139
              ],
              [
                88.43889383140618,
                69.03638149685335
              ],
              [
                88.43638732195672,
                69.02586310492629
              ],
              [
                88.42232482738194,
                69.02317755805129
              ],
              [
                88.39872457607021,
                69.02411343044713
              ],
              [
                88.36768617658657,
                69.03499294704869
              ],
              [
                88.35722068583254,
                69.0432184516061
              ],
              [
                88.36469138607555,
                69.05732672797316
              ],
              [
                88.35822980002666,
                69.0570703803169
              ],
              [
                88.35473045241844,
                69.05720872667109
              ],
              [
                88.35526756158623,
                69.07073310004341
              ],
              [
                88.34546938828305,
                69.07535956488718
              ],
              [
                88.34263735812573,
                69.08427578396268
              ],
              [
                88.3404075412775,
                69.08851365831163
              ],
              [
                88.34057030163137,
                69.09277391221792
              ],
              [
                88.35510480123224,
                69.092198147244
              ],
              [
                88.36742576002058,
                69.092686428494
              ],
              [
                88.3746685957679,
                69.09014634874134
              ],
              [
                88.3894797879704,
                69.09073432074655
              ],
              [
                88.39957092991051,
                69.09033352322055
              ],
              [
                88.42870503325383,
                69.09266608344188
              ],
              [
                88.44641335975518,
                69.09196417914507
              ],
              [
                88.46810931492661,
                69.07938381618933
              ],
              [
                88.47351295867497,
                69.06791327582468
              ],
              [
                88.49048886358418,
                69.07385911729602
              ],
              [
                88.51138729302153,
                69.07785081651483
              ],
              [
                88.54092829724942,
                69.08042446560336
              ],
              [
                88.5561463903365,
                69.07982123480915
              ],
              [
                88.56552138671981,
                69.08019354926219
              ],
              [
                88.57489638310284,
                69.07982123480915
              ],
              [
                88.58461317622897,
                69.08020677354608
              ],
              [
                88.62606413121559,
                69.07793780699735
              ],
              [
                88.85062659567231,
                69.46129671695293
              ],
              [
                88.83637089160021,
                69.45921576605906
              ],
              [
                88.80311895130404,
                69.45515184190543
              ],
              [
                88.79782923980304,
                69.45242560492633
              ],
              [
                88.77842820562142,
                69.45573472764758
              ],
              [
                88.76312873235713,
                69.45181321885852
              ],
              [
                88.71967171787315,
                69.44675645616329
              ],
              [
                88.70461638513979,
                69.4445561387804
              ],
              [
                88.69677133608309,
                69.44471686469191
              ],
              [
                88.68791717283239,
                69.44453579372836
              ],
              [
                88.6589295538077,
                69.44711351182741
              ],
              [
                88.5884217685097,
                69.45921576605906
              ],
              [
                88.5793397407636,
                69.46154120551216
              ],
              [
                88.54053767240015,
                69.46550645616327
              ],
              [
                88.49846412092381,
                69.46792955186646
              ],
              [
                88.4780376965129,
                69.47383978949662
              ],
              [
                88.46182676526689,
                69.47700446234813
              ],
              [
                88.44156310120968,
                69.48500210232214
              ],
              [
                88.43220438086206,
                69.49732306586384
              ],
              [
                88.434255161321,
                69.50300645616329
              ],
              [
                88.44968484286795,
                69.52055711534294
              ],
              [
                88.44405333462413,
                69.52888332790803
              ],
              [
                88.44883848902788,
                69.53817898220493
              ],
              [
                88.4445253396504,
                69.54308824327262
              ],
              [
                88.43397846871926,
                69.54038540310344
              ],
              [
                88.4240012590268,
                69.54058987087683
              ],
              [
                88.41343811206053,
                69.53515163845492
              ],
              [
                88.40157288226311,
                69.54126736111112
              ],
              [
                88.39294658350781,
                69.53229824490023
              ],
              [
                88.38069072886105,
                69.52810411241333
              ],
              [
                88.37178773750429,
                69.52792304144978
              ],
              [
                88.3717063573273,
                69.53209275987419
              ],
              [
                88.373871070034,
                69.53629909939238
              ],
              [
                88.37592185049272,
                69.54050645616337
              ],
              [
                88.37803773509302,
                69.54463243272573
              ],
              [
                88.38062562471964,
                69.55524542914503
              ],
              [
                88.39784567015931,
                69.56411688910597
              ],
              [
                88.40805074434735,
                69.55719855414497
              ],
              [
                88.416823527421,
                69.55702053493928
              ],
              [
                88.42976297555407,
                69.5668390570747
              ],
              [
                88.44675515649834,
                69.57175645616326
              ],
              [
                88.4712017616502,
                69.57614895290817
              ],
              [
                88.48586646953407,
                69.58609056260852
              ],
              [
                88.50495825904346,
                69.59383490668415
              ],
              [
                88.51970434710432,
                69.5967157660591
              ],
              [
                88.53604548663321,
                69.60090176052518
              ],
              [
                88.56345433022545,
                69.60296576605904
              ],
              [
                88.57850966295888,
                69.60516608344193
              ],
              [
                88.60090548765174,
                69.60470831977005
              ],
              [
                88.60100314386415,
                69.60919440375443
              ],
              [
                88.59358127172732,
                69.62014817979602
              ],
              [
                88.59887098322844,
                69.62796576605899
              ],
              [
                88.60186577373958,
                69.63413438585076
              ],
              [
                88.6217876410538,
                69.63629909939243
              ],
              [
                88.6281190188194,
                69.63846483018668
              ],
              [
                88.64597382963922,
                69.63810065375438
              ],
              [
                88.65300507692672,
                69.64050645616322
              ],
              [
                88.66137095911569,
                69.64254909939245
              ],
              [
                88.67741913000759,
                69.64665981716593
              ],
              [
                88.69826873133866,
                69.64708604600702
              ],
              [
                88.71133838775472,
                69.63852179633253
              ],
              [
                88.71143604396713,
                69.63319444444454
              ],
              [
                88.71124073154255,
                69.62379909939244
              ],
              [
                88.71928109302388,
                69.61607510036896
              ],
              [
                88.7288188497609,
                69.6032109239367
              ],
              [
                88.74053759523963,
                69.6009231228299
              ],
              [
                88.75111701824142,
                69.59289801703571
              ],
              [
                88.77089240123695,
                69.60145514594188
              ],
              [
                88.78428757836087,
                69.5988397894966
              ],
              [
                88.79468796497315,
                69.59617763943149
              ],
              [
                88.81345423377496,
                69.59879909939241
              ],
              [
                88.8197367834344,
                69.60304918077259
              ],
              [
                88.8258565727399,
                69.60292405870237
              ],
              [
                88.83633833952945,
                69.60717312282995
              ],
              [
                88.86599327600504,
                69.60981085883253
              ],
              [
                88.88008832265058,
                69.61342312282997
              ],
              [
                88.90508831300559,
                69.61830390082471
              ],
              [
                88.9030375325467,
                69.62383978949663
              ],
              [
                88.9003682627432,
                69.62902777777782
              ],
              [
                88.90717164553513,
                69.64222256130645
              ],
              [
                88.90056357516795,
                69.64614203559034
              ],
              [
                88.88168337411861,
                69.64921515570748
              ],
              [
                88.86967166000267,
                69.65504909939241
              ],
              [
                88.85757856570996,
                69.66323900010852
              ],
              [
                88.8507263548118,
                69.66558783637151
              ],
              [
                88.84270226936593,
                69.66542405870231
              ],
              [
                88.83637089160021,
                69.66758978949656
              ],
              [
                88.82175501182252,
                69.6696324327257
              ],
              [
                88.81553756630439,
                69.6738397894967
              ],
              [
                88.7988709060678,
                69.68091579861115
              ],
              [
                88.80189824864988,
                69.68586981879349
              ],
              [
                88.8176534509048,
                69.69350938585077
              ],
              [
                88.81731165416159,
                69.71016486273876
              ],
              [
                88.83881229690843,
                69.72752122667106
              ],
              [
                88.85362348911082,
                69.73131761338982
              ],
              [
                88.863421662414,
                69.7279657660591
              ],
              [
                88.88759157496418,
                69.7245905219184
              ],
              [
                88.89467165035768,
                69.71779324001741
              ],
              [
                88.8924906616158,
                69.71308742947068
              ],
              [
                88.87803754219186,
                69.69920701768672
              ],
              [
                88.88288780073725,
                69.69872789171012
              ],
              [
                88.89234417729728,
                69.6989201524523
              ],
              [
                88.90717164553513,
                69.69463243272574
              ],
              [
                88.9250101803197,
                69.6924514431424
              ],
              [
                88.92807007497248,
                69.68614549424922
              ],
              [
                88.93633830094933,
                69.67820990668409
              ],
              [
                88.92920939744954,
                69.67419175889768
              ],
              [
                88.91345419519462,
                69.6696324327257
              ],
              [
                88.89888714352298,
                69.66608018663209
              ],
              [
                88.8987894873107,
                69.66133978949654
              ],
              [
                88.91970419278329,
                69.66338243272577
              ],
              [
                88.92592163830142,
                69.66550645616326
              ],
              [
                88.93319702611933,
                69.66787055121534
              ],
              [
                88.94914754079906,
                69.6760879177518
              ],
              [
                88.97737018616056,
                69.67551215277788
              ],
              [
                88.98428750120024,
                69.68004909939236
              ],
              [
                88.9993265578982,
                69.69300991482206
              ],
              [
                89.01638384298411,
                69.68863572862418
              ],
              [
                89.03605492084088,
                69.69064557103917
              ],
              [
                89.05317108542776,
                69.69697964848733
              ],
              [
                89.06397400828816,
                69.70097742203741
              ],
              [
                89.04895218979419,
                69.70067084418406
              ],
              [
                89.0420185987191,
                69.707887234158
              ],
              [
                89.0175882696027,
                69.71129909939242
              ],
              [
                89.00556027945157,
                69.71541286892366
              ],
              [
                88.99725950140413,
                69.71558275010852
              ],
              [
                88.9809346379106,
                69.71319424099394
              ],
              [
                88.95984089604843,
                69.71362453884552
              ],
              [
                88.94989623842673,
                69.71022182888461
              ],
              [
                88.93314819801338,
                69.71595201280388
              ],
              [
                88.9070414372519,
                69.71541897243932
              ],
              [
                88.897454852409,
                69.7254053412544
              ],
              [
                88.89053753736931,
                69.73008978949679
              ],
              [
                88.87803754219186,
                69.73502041286895
              ],
              [
                88.88008832265058,
                69.73842312282994
              ],
              [
                88.88624066402701,
                69.7443445502388
              ],
              [
                88.85308637994302,
                69.74704840766066
              ],
              [
                88.8592549973547,
                69.7590123155382
              ],
              [
                88.85168664089969,
                69.7632817247179
              ],
              [
                88.83222050257643,
                69.76708218044715
              ],
              [
                88.83207401825808,
                69.77383470323358
              ],
              [
                88.86353559466176,
                69.77603298611118
              ],
              [
                88.86330773016618,
                69.78736111111118
              ],
              [
                88.86970421207343,
                69.79046576605904
              ],
              [
                88.87383832506185,
                69.79258978949673
              ],
              [
                88.88625694006254,
                69.79661912706166
              ],
              [
                88.8943786817207,
                69.81002143012154
              ],
              [
                88.89045615719232,
                69.81762946234815
              ],
              [
                88.89057008944002,
                69.82277777777804
              ],
              [
                88.8904236051215,
                69.82994432237419
              ],
              [
                88.90609742719965,
                69.84310350206172
              ],
              [
                88.93270874505794,
                69.85080715603317
              ],
              [
                88.94058634618528,
                69.85096788194448
              ],
              [
                88.9497497541085,
                69.84142198350702
              ],
              [
                88.96031290107464,
                69.833409084744
              ],
              [
                88.97175495395203,
                69.83633978949658
              ],
              [
                88.98220416867076,
                69.83838243272581
              ],
              [
                88.99789426678416,
                69.84292344835075
              ],
              [
                89.00520220667312,
                69.84042405870235
              ],
              [
                89.01342160454368,
                69.84059190538201
              ],
              [
                89.01369829714525,
                69.82694444444448
              ],
              [
                88.9988708289074,
                69.81975552029084
              ],
              [
                89.00092160936606,
                69.81546576605908
              ],
              [
                89.00308632207276,
                69.81125942654089
              ],
              [
                89.00292356171889,
                69.80301968044708
              ],
              [
                89.02383826719154,
                69.8008824327257
              ],
              [
                89.044866904912,
                69.79882554796009
              ],
              [
                89.06480504826146,
                69.78855231391069
              ],
              [
                89.07953486028697,
                69.78496141221797
              ],
              [
                89.0888122004576,
                69.77529242621537
              ],
              [
                89.10271193467855,
                69.78004909939239
              ],
              [
                89.14678743850737,
                69.77699734157989
              ],
              [
                89.15376985768842,
                69.77340338812951
              ],
              [
                89.18428742403984,
                69.76967312282991
              ],
              [
                89.20529978572483,
                69.76609035915806
              ],
              [
                89.22383819003102,
                69.7633824327257
              ],
              [
                89.23142558718347,
                69.76294523405261
              ],
              [
                89.29182477955331,
                69.78529680471762
              ],
              [
                89.37257274660114,
                69.8151787256624
              ],
              [
                89.37128279460478,
                69.81916347927523
              ],
              [
                89.36329126122968,
                69.82175340440543
              ],
              [
                89.3530536349711,
                69.83241115993926
              ],
              [
                89.3578225133395,
                69.84167222764762
              ],
              [
                89.35295597875876,
                69.84886115180126
              ],
              [
                89.35308618704192,
                69.85506944444452
              ],
              [
                89.35297225479411,
                69.86027777777787
              ],
              [
                89.3530536349711,
                69.86402737087681
              ],
              [
                89.37098982596791,
                69.8737990993925
              ],
              [
                89.39286481752833,
                69.8674687364367
              ],
              [
                89.40100283522202,
                69.86763454861128
              ],
              [
                89.41718121439715,
                69.85930019802524
              ],
              [
                89.43790060744504,
                69.86826727973096
              ],
              [
                89.44896831150862,
                69.86542914496533
              ],
              [
                89.45306987242617,
                69.85697882758254
              ],
              [
                89.45765971440545,
                69.85257208930142
              ],
              [
                89.4634189835548,
                69.84879765342033
              ],
              [
                89.51937181119645,
                69.86950378427852
              ],
              [
                89.62033889219035,
                69.90686807272553
              ],
              [
                89.61195652987732,
                69.91093390570751
              ],
              [
                89.60720392754416,
                69.91370897081171
              ],
              [
                89.61766941829825,
                69.9237573920357
              ],
              [
                89.62378920760375,
                69.93013149685333
              ],
              [
                89.63355482883634,
                69.93486680772574
              ],
              [
                89.67347994364133,
                69.93405198838983
              ],
              [
                89.68014437869051,
                69.92899993418285
              ],
              [
                89.74322745254673,
                69.9523447129413
              ],
              [
                89.74086273014501,
                69.95461473253039
              ],
              [
                89.72364268470511,
                69.94871771918415
              ],
              [
                89.71749034332885,
                69.94884284125436
              ],
              [
                89.71763682764708,
                69.95529832628046
              ],
              [
                89.7390723662524,
                69.96570380316848
              ],
              [
                89.74258798989598,
                69.97012173122832
              ],
              [
                89.7230730234665,
                69.98887478298619
              ],
              [
                89.66838554456501,
                69.99333136664501
              ],
              [
                89.65720390825396,
                69.99046576605912
              ],
              [
                89.64511081396125,
                69.98810472276483
              ],
              [
                89.60186538793715,
                69.99070278591583
              ],
              [
                89.58637060224828,
                69.99467312283011
              ],
              [
                89.57331722186768,
                69.99722337510852
              ],
              [
                89.55246762053667,
                69.99455817328564
              ],
              [
                89.54442725905517,
                69.99472195095493
              ],
              [
                89.52966489495896,
                70.00472764756947
              ],
              [
                89.5030047489945,
                70.01338243272585
              ],
              [
                89.48977233222445,
                70.01874538845493
              ],
              [
                89.4601336717842,
                70.04431708441842
              ],
              [
                89.4398862837624,
                70.03739061143668
              ],
              [
                89.42178733241167,
                70.03004909939244
              ],
              [
                89.40271181893763,
                70.02592312282991
              ],
              [
                89.38995140719413,
                70.03029120551221
              ],
              [
                89.37593774072565,
                70.03000535753048
              ],
              [
                89.371543211171,
                70.03009487575957
              ],
              [
                89.3632424331235,
                70.0387323676216
              ],
              [
                89.28757514460784,
                70.03587185329877
              ],
              [
                89.2801207204003,
                70.03842312282995
              ],
              [
                89.25150745018954,
                70.0435663519967
              ],
              [
                89.24678739992714,
                70.04912563747834
              ],
              [
                89.25619494838094,
                70.05815273708777
              ],
              [
                89.26324247170379,
                70.06550136990023
              ],
              [
                89.3259540360512,
                70.06754909939244
              ],
              [
                89.32800481650992,
                70.06874538845483
              ],
              [
                89.32126653785957,
                70.07866767035591
              ],
              [
                89.31443060299682,
                70.0852360704211
              ],
              [
                89.30580430424152,
                70.09422451443152
              ],
              [
                89.29050483097745,
                70.0967157660591
              ],
              [
                89.28637071798903,
                70.09791205512158
              ],
              [
                89.29270209575486,
                70.10725450303829
              ],
              [
                89.2925556114364,
                70.11444444444453
              ],
              [
                89.29263699161311,
                70.1184941270617
              ],
              [
                89.31589544618174,
                70.12766567654086
              ],
              [
                89.31042669829162,
                70.13292080349402
              ],
              [
                89.31565130565093,
                70.14062344021278
              ],
              [
                89.33890976021945,
                70.1498010932076
              ],
              [
                89.3651955573701,
                70.15493313259554
              ],
              [
                89.37175479963105,
                70.1571731228299
              ],
              [
                89.39227888025454,
                70.16118313259557
              ],
              [
                89.3997170284265,
                70.16372626410592
              ],
              [
                89.40300478757473,
                70.17383978949658
              ],
              [
                89.41296572123184,
                70.18421576605908
              ],
              [
                89.41581402742469,
                70.17251227484815
              ],
              [
                89.42870464745141,
                70.16625413682729
              ],
              [
                89.436338108048,
                70.17323248969191
              ],
              [
                89.42800477792957,
                70.18421576605908
              ],
              [
                89.42595399747091,
                70.20309800889763
              ],
              [
                89.4213967075624,
                70.20746405707484
              ],
              [
                89.3988543985509,
                70.20700425889771
              ],
              [
                89.38895856903548,
                70.20720567491321
              ],
              [
                89.3842873468792,
                70.20692898220491
              ],
              [
                89.38863304832779,
                70.19851019965284
              ],
              [
                89.40518577631661,
                70.19047695583771
              ],
              [
                89.38943057406169,
                70.18740281846789
              ],
              [
                89.36762068664257,
                70.17796576605912
              ],
              [
                89.34172551434148,
                70.17331285264768
              ],
              [
                89.31054063053938,
                70.16967312282986
              ],
              [
                89.30720404328486,
                70.17493333604608
              ],
              [
                89.31347031690893,
                70.17797390407986
              ],
              [
                89.31054063053938,
                70.18366238064237
              ],
              [
                89.31975286656859,
                70.19250942654082
              ],
              [
                89.3196552103563,
                70.19722439236119
              ],
              [
                89.29219753865766,
                70.19666388617625
              ],
              [
                89.28428738545955,
                70.2011265733507
              ],
              [
                89.28845405051874,
                70.20921576605909
              ],
              [
                89.29050483097745,
                70.21550645616321
              ],
              [
                89.29699896909705,
                70.22509609646275
              ],
              [
                89.3233661464244,
                70.23789109971796
              ],
              [
                89.35757837280869,
                70.24254909939239
              ],
              [
                89.37383813216076,
                70.23838243272576
              ],
              [
                89.39716169087075,
                70.23633978949653
              ],
              [
                89.41342145022276,
                70.24050645616325
              ],
              [
                89.4301206625301,
                70.24254909939239
              ],
              [
                89.4540952626557,
                70.2456130642361
              ],
              [
                89.47888366455055,
                70.238111843533
              ],
              [
                89.4946714188763,
                70.22998704698361
              ],
              [
                89.4988380839352,
                70.2220260281033
              ],
              [
                89.46737650753164,
                70.21965786404087
              ],
              [
                89.48428730829909,
                70.21758978949663
              ],
              [
                89.50077493214644,
                70.21518296983518
              ],
              [
                89.51421893737631,
                70.22918036566844
              ],
              [
                89.5336525236288,
                70.24297329372831
              ],
              [
                89.53633806946766,
                70.24999538845489
              ],
              [
                89.53008807187899,
                70.25921576605907
              ],
              [
                89.5269956251554,
                70.26557156032996
              ],
              [
                89.52092466395584,
                70.26544745551234
              ],
              [
                89.48174824677858,
                70.26044053819453
              ],
              [
                89.47584004593296,
                70.26348822699654
              ],
              [
                89.47598653025153,
                70.27080939398877
              ],
              [
                89.52178729383155,
                70.27379909939245
              ],
              [
                89.52678403669523,
                70.27636664496532
              ],
              [
                89.54374366556902,
                70.2878707546659
              ],
              [
                89.56762060948216,
                70.29046576605904
              ],
              [
                89.58900731998125,
                70.29358974880645
              ],
              [
                89.59937515452299,
                70.30062405056427
              ],
              [
                89.61137059260335,
                70.30296576605912
              ],
              [
                89.61819025143069,
                70.30648037380652
              ],
              [
                89.63220391789918,
                70.30921576605905
              ],
              [
                89.64542005863348,
                70.3125991482205
              ],
              [
                89.68205741429045,
                70.3165806749133
              ],
              [
                89.69901704316408,
                70.32391811794707
              ],
              [
                89.72387054920057,
                70.32796576605904
              ],
              [
                89.73708668993504,
                70.3313491482206
              ],
              [
                89.76345386726263,
                70.33421576605917
              ],
              [
                89.77401701422883,
                70.33692165798612
              ],
              [
                89.8006934362287,
                70.3484654405382
              ],
              [
                89.8155371805019,
                70.35088243272577
              ],
              [
                89.82593756711447,
                70.35354661729605
              ],
              [
                89.83633795372697,
                70.35088243272577
              ],
              [
                89.8467871684457,
                70.34883978949654
              ],
              [
                89.85897791895076,
                70.346343451606
              ],
              [
                89.88842126696653,
                70.35092312282993
              ],
              [
                89.93425458261714,
                70.35187221950957
              ],
              [
                89.92766278828543,
                70.34867804633251
              ],
              [
                89.91600914694806,
                70.3489160834419
              ],
              [
                89.88705407999402,
                70.34468227810333
              ],
              [
                89.85925461155227,
                70.3425897894966
              ],
              [
                89.85500656631638,
                70.34040066189243
              ],
              [
                89.85515305063461,
                70.33324632432729
              ],
              [
                89.89792647163273,
                70.33990424262157
              ],
              [
                89.90092126214398,
                70.33522589789493
              ],
              [
                89.8821712693778,
                70.33217312282994
              ],
              [
                89.85512049856408,
                70.32379909939243
              ],
              [
                89.84467128384534,
                70.32175645616329
              ],
              [
                89.83959316080444,
                70.31914516872837
              ],
              [
                89.83637050579779,
                70.30921576605905
              ],
              [
                89.83375006410046,
                70.30411017523889
              ],
              [
                89.81469082666183,
                70.308995022244
              ],
              [
                89.80922207877165,
                70.29215033637172
              ],
              [
                89.79773119778832,
                70.28111111111113
              ],
              [
                89.80202807113045,
                70.27698615180128
              ],
              [
                89.80712247020682,
                70.2716710069445
              ],
              [
                89.8135026760786,
                70.27180121527786
              ],
              [
                89.81962246538416,
                70.26542100694456
              ],
              [
                89.8248959008497,
                70.26552883572052
              ],
              [
                89.82945319075804,
                70.26543524848094
              ],
              [
                89.82500983309734,
                70.25244391547318
              ],
              [
                89.81724616421752,
                70.24867804633249
              ],
              [
                89.78117846979922,
                70.24941351996532
              ],
              [
                89.73306650919437,
                70.25690355088977
              ],
              [
                89.71841807734592,
                70.2606541612414
              ],
              [
                89.72183604477715,
                70.2739557562935
              ],
              [
                89.72172211252939,
                70.27914883083776
              ],
              [
                89.70873383629032,
                70.2821324327258
              ],
              [
                89.68503592876647,
                70.26508734809033
              ],
              [
                89.66967135136082,
                70.26133978949656
              ],
              [
                89.66553723837245,
                70.25983629014763
              ],
              [
                89.67715832763889,
                70.25221503363721
              ],
              [
                89.68217134653827,
                70.24651231553833
              ],
              [
                89.67382174038437,
                70.23848822699662
              ],
              [
                89.67694673917896,
                70.2201430935331
              ],
              [
                89.70678071204372,
                70.21528469509556
              ],
              [
                89.72264984654646,
                70.20884752061633
              ],
              [
                89.72592132965934,
                70.19879909939243
              ],
              [
                89.7546159800471,
                70.1848779975044
              ],
              [
                89.76026376432668,
                70.17898607042102
              ],
              [
                89.7655209237567,
                70.17394660102013
              ],
              [
                89.76962248467436,
                70.15709072536896
              ],
              [
                89.77798836686355,
                70.14905341254345
              ],
              [
                89.78088550116235,
                70.137179022895
              ],
              [
                89.77767912219099,
                70.12464647081168
              ],
              [
                89.73633799230726,
                70.12175645616321
              ],
              [
                89.72595388173016,
                70.11754909939242
              ],
              [
                89.7030046718341,
                70.11342312283006
              ],
              [
                89.69887055884561,
                70.10983629014763
              ],
              [
                89.71286794927875,
                70.10066270616326
              ],
              [
                89.71579763564841,
                70.09163764105904
              ],
              [
                89.72391937730663,
                70.08631639268671
              ],
              [
                89.71967133207073,
                70.0842564561633
              ],
              [
                89.71553721908225,
                70.08213243272573
              ],
              [
                89.69458996153861,
                70.07985480414504
              ],
              [
                89.69483410206959,
                70.06734056260859
              ],
              [
                89.70754568570709,
                70.06117804633257
              ],
              [
                89.73119476512471,
                70.06166022406694
              ],
              [
                89.73633799230726,
                70.06451666937949
              ],
              [
                89.72865570360449,
                70.06823777940545
              ],
              [
                89.72595388173016,
                70.0739221869575
              ],
              [
                89.73604502367027,
                70.07881212022576
              ],
              [
                89.75362314188868,
                70.08224636501751
              ],
              [
                89.75933603030961,
                70.08213039822053
              ],
              [
                89.75923837409721,
                70.07708991156687
              ],
              [
                89.74258798989598,
                70.07383978949665
              ],
              [
                89.74053720943726,
                70.0701298692492
              ],
              [
                89.75095387208518,
                70.06758978949662
              ],
              [
                89.76057300899896,
                70.06107021755653
              ],
              [
                89.77906258519897,
                70.06144660102004
              ],
              [
                89.80005867084873,
                70.06101833767366
              ],
              [
                89.83842128625656,
                70.05504909939248
              ],
              [
                89.87754887532782,
                70.05079698350704
              ],
              [
                89.89561527460768,
                70.03708136664505
              ],
              [
                89.90925459226236,
                70.0337569851346
              ],
              [
                89.92803713709924,
                70.0300897894966
              ],
              [
                89.93633791514662,
                70.02796576605903
              ],
              [
                89.94478421805337,
                70.02693362895931
              ],
              [
                90.0188094410212,
                70.05432770390036
              ],
              [
                90.0863463485787,
                70.05717832011648
              ],
              [
                90.09112301168017,
                70.0591150580513
              ],
              [
                90.09563665660605,
                70.0575704479718
              ],
              [
                90.18938742353933,
                70.06152750591475
              ],
              [
                90.20303703100353,
                70.06963243272574
              ],
              [
                90.21319327708528,
                70.07733303493933
              ],
              [
                90.23733063756458,
                70.09046576605905
              ],
              [
                90.24050446446518,
                70.0788935004341
              ],
              [
                90.23425446687645,
                70.06967312282993
              ],
              [
                90.23288552329049,
                70.06336348557396
              ],
              [
                90.40756913367099,
                70.07073657904905
              ],
              [
                90.40956364403326,
                70.07691189236118
              ],
              [
                90.42453759658969,
                70.0954594590929
              ],
              [
                90.42058251999066,
                70.10315294053825
              ],
              [
                90.41044254994415,
                70.10979458279087
              ],
              [
                90.39875635653607,
                70.12196906195751
              ],
              [
                90.39890284085465,
                70.12929022894971
              ],
              [
                90.41423486618959,
                70.13228502061637
              ],
              [
                90.42585595545603,
                70.13204800075957
              ],
              [
                90.43425438971605,
                70.13862657335096
              ],
              [
                90.4199477546104,
                70.15236355251739
              ],
              [
                90.41762028155023,
                70.1572585720487
              ],
              [
                90.42784163177345,
                70.15705003526477
              ],
              [
                90.43851871098741,
                70.16138149685338
              ],
              [
                90.45074201356323,
                70.16113226996538
              ],
              [
                90.45925438007089,
                70.16758978949656
              ],
              [
                90.46553692973032,
                70.1717157660591
              ],
              [
                90.47175437524822,
                70.17592312283
              ],
              [
                90.47850892993421,
                70.1803573269315
              ],
              [
                90.48217103789614,
                70.18437852647577
              ],
              [
                90.47797182076641,
                70.18840989854607
              ],
              [
                90.48220358996696,
                70.19046576605919
              ],
              [
                90.48633770295538,
                70.1925897894966
              ],
              [
                90.49273418486263,
                70.19569444444448
              ],
              [
                90.49258770054405,
                70.20309190538197
              ],
              [
                90.46864565248927,
                70.20260362413205
              ],
              [
                90.44664045264568,
                70.20305223253055
              ],
              [
                90.44262027190501,
                70.21133978949658
              ],
              [
                90.44050438730477,
                70.21546576605914
              ],
              [
                90.43777001335962,
                70.22107591417105
              ],
              [
                90.43200829683246,
                70.22387335883249
              ],
              [
                90.42600243977455,
                70.23013454861123
              ],
              [
                90.41976871822129,
                70.23000739203565
              ],
              [
                90.40518539051419,
                70.23592068142366
              ],
              [
                90.38095037382249,
                70.24065395779087
              ],
              [
                90.35572251897219,
                70.2515639919705
              ],
              [
                90.34678697554443,
                70.2629775661893
              ],
              [
                90.35780585150167,
                70.27661282009555
              ],
              [
                90.37178696589939,
                70.2821324327258
              ],
              [
                90.38217107647648,
                70.2863397894966
              ],
              [
                90.38858383441908,
                70.28842007107212
              ],
              [
                90.3948338320078,
                70.29492438422324
              ],
              [
                90.41950830165496,
                70.29176988389764
              ],
              [
                90.44157860564013,
                70.28538255479612
              ],
              [
                90.45508771501159,
                70.2777623155383
              ],
              [
                90.45092104995268,
                70.26967312282991
              ],
              [
                90.44887026949374,
                70.26456854926215
              ],
              [
                90.47214500009778,
                70.25538784450964
              ],
              [
                90.48394512575351,
                70.2530064561632
              ],
              [
                90.50025371321146,
                70.26669867621538
              ],
              [
                90.51750631072213,
                70.2722986518013
              ],
              [
                90.53220357067676,
                70.27588243272575
              ],
              [
                90.53842101619495,
                70.27800645616324
              ],
              [
                90.55741514949199,
                70.2821324327258
              ],
              [
                90.56488584973471,
                70.27434943305127
              ],
              [
                90.58723284632157,
                70.27816006130652
              ],
              [
                90.59911435215417,
                70.27791693793407
              ],
              [
                90.6130140863749,
                70.2684910753039
              ],
              [
                90.63228491227358,
                70.27177883572054
              ],
              [
                90.632008219672,
                70.28586880154086
              ],
              [
                90.63448217705098,
                70.29309129503042
              ],
              [
                90.65583633547897,
                70.29726101345494
              ],
              [
                90.68332655924814,
                70.2932449001737
              ],
              [
                90.69120416037578,
                70.28790534125443
              ],
              [
                90.69699842897359,
                70.28187201605908
              ],
              [
                90.70121392213895,
                70.27317450629343
              ],
              [
                90.7120374856716,
                70.27687730577264
              ],
              [
                90.73597953372638,
                70.27279303656687
              ],
              [
                90.74893525789463,
                70.27804816352003
              ],
              [
                90.7551038753063,
                70.27792202419712
              ],
              [
                90.76447887168933,
                70.2781132676867
              ],
              [
                90.77385386807265,
                70.27792202419712
              ],
              [
                90.78217092215544,
                70.27809190538198
              ],
              [
                90.79050425227393,
                70.27379909939245
              ],
              [
                90.796851906075,
                70.2707147894966
              ],
              [
                90.79670542175637,
                70.2633427598742
              ],
              [
                90.80144174805417,
                70.25879970974398
              ],
              [
                90.82772754520454,
                70.259336819119
              ],
              [
                90.83645150017225,
                70.25709988064233
              ],
              [
                90.83614225549996,
                70.24195909288198
              ],
              [
                90.81275359264816,
                70.2280674913195
              ],
              [
                90.79553354720855,
                70.22127733018667
              ],
              [
                90.7543063495724,
                70.21386969672315
              ],
              [
                90.74667288897575,
                70.21125739203563
              ],
              [
                90.71506482825356,
                70.21190233018672
              ],
              [
                90.70720350316157,
                70.20921576605909
              ],
              [
                90.69883762097237,
                70.20717312282997
              ],
              [
                90.69470350798395,
                70.20476325141067
              ],
              [
                90.70715467505539,
                70.19280341254358
              ],
              [
                90.70925428362028,
                70.18421576605908
              ],
              [
                90.71192355342379,
                70.17902777777778
              ],
              [
                90.70925428362028,
                70.17383978949658
              ],
              [
                90.70638970139203,
                70.16796210394969
              ],
              [
                90.69725884553992,
                70.16499681260859
              ],
              [
                90.69441053934707,
                70.15622097439248
              ],
              [
                90.6853936157425,
                70.15030666775178
              ],
              [
                90.68012018027696,
                70.14451036241323
              ],
              [
                90.68646783407786,
                70.13842312282989
              ],
              [
                90.68630507372421,
                70.13100735134554
              ],
              [
                90.65508763785124,
                70.12592312282993
              ],
              [
                90.64470352727409,
                70.12171576605903
              ],
              [
                90.62998999128405,
                70.1196609157987
              ],
              [
                90.62595353450803,
                70.11546576605909
              ],
              [
                90.60922177012986,
                70.11342007107208
              ],
              [
                90.61345353933035,
                70.10717312282992
              ],
              [
                90.6155043197893,
                70.10296576605913
              ],
              [
                90.61986629727306,
                70.09651231553823
              ],
              [
                90.61960588070696,
                70.08353522406685
              ],
              [
                90.625120225691,
                70.07991903488208
              ],
              [
                90.86738299375607,
                70.09014452787818
              ],
              [
                91.20533140028303,
                70.10440874640248
              ],
              [
                91.22758090656527,
                70.11267849392368
              ],
              [
                91.2563243850592,
                70.11735582139764
              ],
              [
                91.26133740395852,
                70.13018642849397
              ],
              [
                91.24725863334845,
                70.13941290961372
              ],
              [
                91.2447032957927,
                70.14467312282994
              ],
              [
                91.2377697047176,
                70.15382432725696
              ],
              [
                91.24087842747656,
                70.15986273871528
              ],
              [
                91.24926058570117,
                70.1679234483507
              ],
              [
                91.26276969507268,
                70.17447964138461
              ],
              [
                91.26579703765464,
                70.18070217556425
              ],
              [
                91.27813427247833,
                70.19254909939241
              ],
              [
                91.27798778815969,
                70.19905341254352
              ],
              [
                91.27183544678343,
                70.21100307888457
              ],
              [
                91.29016226262945,
                70.22188361273874
              ],
              [
                91.29260366793761,
                70.23435716417112
              ],
              [
                91.29880483742016,
                70.24032233344201
              ],
              [
                91.30092072202046,
                70.2450566270617
              ],
              [
                91.27406526363148,
                70.24450832790808
              ],
              [
                91.26970328614743,
                70.24675645616327
              ],
              [
                91.25370394336181,
                70.248990342882
              ],
              [
                91.24183871356445,
                70.25703172471796
              ],
              [
                91.21727817616505,
                70.25969997829861
              ],
              [
                91.21345330784897,
                70.26758978949658
              ],
              [
                91.19755162127547,
                70.28653611924923
              ],
              [
                91.203036645201,
                70.29463243272576
              ],
              [
                91.20508742566,
                70.30055691189239
              ],
              [
                91.17295853180536,
                70.30341437445753
              ],
              [
                91.14703080743334,
                70.30288540310335
              ],
              [
                91.13164995399211,
                70.3073358832466
              ],
              [
                91.12387000907717,
                70.31133978949663
              ],
              [
                91.10474566749696,
                70.31844733344184
              ],
              [
                91.09647744152034,
                70.32405748155387
              ],
              [
                91.08796507501256,
                70.32818142361123
              ],
              [
                91.084286691015,
                70.33237657335073
              ],
              [
                91.09053668860389,
                70.33838243272578
              ],
              [
                91.09258746906266,
                70.34400173611115
              ],
              [
                91.07592080882603,
                70.34671576605905
              ],
              [
                91.06464151630263,
                70.3512913682726
              ],
              [
                91.06137003318969,
                70.36133978949658
              ],
              [
                91.05889607581099,
                70.36616461859836
              ],
              [
                91.04172485847727,
                70.37034756130646
              ],
              [
                91.03451457480077,
                70.37786200629344
              ],
              [
                91.02800416064565,
                70.38213243272574
              ],
              [
                91.0238700476574,
                70.38573248969186
              ],
              [
                91.03293579936803,
                70.39766689724394
              ],
              [
                91.0488700380123,
                70.40713243272577
              ],
              [
                91.0550874835302,
                70.41133978949657
              ],
              [
                91.0615653456145,
                70.41558783637154
              ],
              [
                91.07014281626363,
                70.41541286892362
              ],
              [
                91.08257770729938,
                70.41115566677524
              ],
              [
                91.09712848293572,
                70.40129848904081
              ],
              [
                91.10720334884053,
                70.3988397894966
              ],
              [
                91.11260699258918,
                70.39605556911897
              ],
              [
                91.11799436030236,
                70.3739618598091
              ],
              [
                91.1405366693138,
                70.37175645616324
              ],
              [
                91.15774043871824,
                70.36955817328567
              ],
              [
                91.16552038363318,
                70.3697168646919
              ],
              [
                91.17177038122202,
                70.3695886908639
              ],
              [
                91.18127558588822,
                70.36978298611118
              ],
              [
                91.18453079296563,
                70.3764978705513
              ],
              [
                91.20479445702279,
                70.37353664822058
              ],
              [
                91.20717075818942,
                70.37542568630644
              ],
              [
                91.19675409554156,
                70.3779657660591
              ],
              [
                91.18627232875201,
                70.38221483018668
              ],
              [
                91.17234004246052,
                70.38193101671013
              ],
              [
                91.16490189428868,
                70.38447516547316
              ],
              [
                91.16136999460963,
                70.39374538845496
              ],
              [
                91.16761999219835,
                70.40296576605905
              ],
              [
                91.17190058950507,
                70.42048692491323
              ],
              [
                91.18011998737569,
                70.42588243272576
              ],
              [
                91.18864862991865,
                70.43234503852
              ],
              [
                91.19694940796631,
                70.43637335883253
              ],
              [
                91.2048270090936,
                70.44457038031686
              ],
              [
                91.21796176965125,
                70.45318345811637
              ],
              [
                91.23011996808555,
                70.45713243272573
              ],
              [
                91.2387462668409,
                70.46297146267364
              ],
              [
                91.24258741119229,
                70.45504909939243
              ],
              [
                91.26553662108853,
                70.44945319281689
              ],
              [
                91.27603466391315,
                70.45304816352007
              ],
              [
                91.28580028514574,
                70.45284878200974
              ],
              [
                91.30092072202046,
                70.44671576605907
              ],
              [
                91.3269623786403,
                70.44203640407994
              ],
              [
                91.33217070996415,
                70.43609564887154
              ],
              [
                91.32165639110389,
                70.42600246853311
              ],
              [
                91.3218842555994,
                70.41534064398871
              ],
              [
                91.33028268985919,
                70.41126553005645
              ],
              [
                91.33617461466946,
                70.40512335883255
              ],
              [
                91.34053659215311,
                70.40300645616321
              ],
              [
                91.34258737261206,
                70.40076036241331
              ],
              [
                91.33838815548211,
                70.39673611111115
              ],
              [
                91.34084583682562,
                70.39438320583778
              ],
              [
                91.35718697635434,
                70.39471686469193
              ],
              [
                91.37308866292784,
                70.39439236111122
              ],
              [
                91.38872993293512,
                70.39038540310332
              ],
              [
                91.39856065830912,
                70.39058681911911
              ],
              [
                91.40717068102907,
                70.38838243272568
              ],
              [
                91.42118434749756,
                70.38564704047315
              ],
              [
                91.43121038529591,
                70.38047634548622
              ],
              [
                91.44467066656136,
                70.36317898220494
              ],
              [
                91.43640244058469,
                70.35523525661901
              ],
              [
                91.43220322345462,
                70.34597011990019
              ],
              [
                91.44458928638454,
                70.34195095486118
              ],
              [
                91.47608341485892,
                70.34259385850706
              ],
              [
                91.47587182639882,
                70.35288743760859
              ],
              [
                91.47855737223767,
                70.36072129991322
              ],
              [
                91.50450137264528,
                70.36354010687938
              ],
              [
                91.51342064003745,
                70.36987657335072
              ],
              [
                91.50870058977512,
                70.37902777777785
              ],
              [
                91.5119883489233,
                70.38542222764764
              ],
              [
                91.50717064244878,
                70.39254909939248
              ],
              [
                91.50511986198978,
                70.39685309516062
              ],
              [
                91.52572532279038,
                70.41036220974405
              ],
              [
                91.52831321241683,
                70.42093553331176
              ],
              [
                91.53449810586392,
                70.42379909939245
              ],
              [
                91.54258729545143,
                70.41963243272573
              ],
              [
                91.55827739356499,
                70.41656948513472
              ],
              [
                91.58137308777941,
                70.40657090928823
              ],
              [
                91.58842061110232,
                70.41133978949657
              ],
              [
                91.59507750957567,
                70.41571194118944
              ],
              [
                91.6092702124335,
                70.41542202419714
              ],
              [
                91.61525979345589,
                70.41554409450958
              ],
              [
                91.61967059904606,
                70.41927537706167
              ],
              [
                91.60717060386844,
                70.42171576605904
              ],
              [
                91.60511982340978,
                70.42430467393672
              ],
              [
                91.62386981617573,
                70.42796576605909
              ],
              [
                91.6383554876706,
                70.43383734809032
              ],
              [
                91.65287371123605,
                70.43667243109815
              ],
              [
                91.66342058216708,
                70.44467312282995
              ],
              [
                91.68636979206332,
                70.4487990993924
              ],
              [
                91.69659114228642,
                70.45141852484812
              ],
              [
                91.69250585740423,
                70.45937547471797
              ],
              [
                91.69271744586439,
                70.47032619900179
              ],
              [
                91.68106380452684,
                70.47796576605904
              ],
              [
                91.68428645953355,
                70.4842157660591
              ],
              [
                91.6863372399925,
                70.49050645616327
              ],
              [
                91.69107356629013,
                70.49750718858513
              ],
              [
                91.71213475608135,
                70.50532986111116
              ],
              [
                91.72906183288416,
                70.50498399522581
              ],
              [
                91.73695571004703,
                70.5051457383899
              ],
              [
                91.75529880192863,
                70.50984442816849
              ],
              [
                91.76887301544167,
                70.52014512803828
              ],
              [
                91.78451428544878,
                70.52522528754344
              ],
              [
                91.80210867970249,
                70.53004909939261
              ],
              [
                91.81133719176722,
                70.52379909939239
              ],
              [
                91.82264903636133,
                70.52104132758254
              ],
              [
                91.8295663514009,
                70.51383714463981
              ],
              [
                91.8324146575938,
                70.51133978949659
              ],
              [
                91.8405038471812,
                70.51550645616322
              ],
              [
                91.85453378968515,
                70.51779018825962
              ],
              [
                91.85728443966565,
                70.52628017849403
              ],
              [
                91.86788013870262,
                70.53646287706167
              ],
              [
                91.87945239986317,
                70.53622687445761
              ],
              [
                91.91997972797759,
                70.53162380642368
              ],
              [
                91.93425381101224,
                70.52796576605903
              ],
              [
                91.94530523904035,
                70.5258081732857
              ],
              [
                91.96242762826779,
                70.51698147243928
              ],
              [
                91.99436120969773,
                70.51178432888466
              ],
              [
                92.00069258746333,
                70.50519354926223
              ],
              [
                92.00935143828946,
                70.49952033148872
              ],
              [
                92.00923750604176,
                70.49396918402783
              ],
              [
                91.9737394728619,
                70.49049831814244
              ],
              [
                91.96778244391027,
                70.48429002549918
              ],
              [
                91.96273687294007,
                70.48184760199663
              ],
              [
                91.92837816223744,
                70.48254950629345
              ],
              [
                91.91970303537585,
                70.48842312282989
              ],
              [
                91.90147387574228,
                70.49065090603304
              ],
              [
                91.8967863775506,
                70.50508978949648
              ],
              [
                91.87818286910294,
                70.51563869900178
              ],
              [
                91.85909107959361,
                70.51524807400179
              ],
              [
                91.8595142565137,
                70.49425706651482
              ],
              [
                91.84716074565455,
                70.48510077582472
              ],
              [
                91.8320728608507,
                70.4821537950304
              ],
              [
                91.8262460401819,
                70.47609198676227
              ],
              [
                91.81758718935595,
                70.46967312282987
              ],
              [
                91.80928641130834,
                70.46301520453568
              ],
              [
                91.82255138014904,
                70.45027513292104
              ],
              [
                91.81967052188537,
                70.44467312282995
              ],
              [
                91.81761974142677,
                70.43838243272575
              ],
              [
                91.81542247664942,
                70.43409674750436
              ],
              [
                91.81566661718017,
                70.42167609320757
              ],
              [
                91.80853771368055,
                70.41481675889759
              ],
              [
                91.78008720382348,
                70.41133978949657
              ],
              [
                91.76970309324639,
                70.40713243272577
              ],
              [
                91.75681247321967,
                70.40503180609818
              ],
              [
                91.73871352186899,
                70.39570970323362
              ],
              [
                91.725399724922,
                70.39246568467885
              ],
              [
                91.72178644506602,
                70.38796230740022
              ],
              [
                91.75634046819334,
                70.37234951443153
              ],
              [
                91.75944919095235,
                70.362759874132
              ],
              [
                91.79053641854222,
                70.35717312282998
              ],
              [
                91.80004162320841,
                70.35473680284306
              ],
              [
                91.8080982607251,
                70.3574955919054
              ],
              [
                91.82616466000508,
                70.35712734646273
              ],
              [
                91.83217051706305,
                70.35088243272577
              ],
              [
                91.83845306672242,
                70.34675645616323
              ],
              [
                91.84675384476998,
                70.34046576605911
              ],
              [
                91.85741464794853,
                70.33413438585072
              ],
              [
                91.86542245735933,
                70.33429816352003
              ],
              [
                91.87175383512493,
                70.33213243272576
              ],
              [
                91.89261971249158,
                70.33008978949653
              ],
              [
                91.91190681442555,
                70.32727199978305
              ],
              [
                91.9175871507756,
                70.32232306586377
              ],
              [
                91.90635668635838,
                70.30753323025183
              ],
              [
                91.89816984055852,
                70.3048751491971
              ],
              [
                91.88272388297582,
                70.29692125108514
              ],
              [
                91.87162362684177,
                70.29253790961374
              ],
              [
                91.86566659789003,
                70.28633673773882
              ],
              [
                91.85925383994731,
                70.28425645616329
              ],
              [
                91.85453378968515,
                70.28182623969184
              ],
              [
                91.80718680274339,
                70.28436937120227
              ],
              [
                91.79886974866037,
                70.27571153428823
              ],
              [
                91.78811128926941,
                70.27593024359817
              ],
              [
                91.77572522633972,
                70.28017116970491
              ],
              [
                91.7695403328924,
                70.28004503038201
              ],
              [
                91.76975192135257,
                70.26959275987406
              ],
              [
                91.76550387611633,
                70.26550645616328
              ],
              [
                91.76447848588703,
                70.26444444444454
              ],
              [
                91.75090427237404,
                70.26344245062941
              ],
              [
                91.72108657554446,
                70.25435329861119
              ],
              [
                91.69548437188024,
                70.25785366482211
              ],
              [
                91.69257096154575,
                70.26336310492624
              ],
              [
                91.68975520742379,
                70.26930792914501
              ],
              [
                91.67613216580446,
                70.27930650499138
              ],
              [
                91.67260026612553,
                70.29044643825961
              ],
              [
                91.65930274521412,
                70.28454332139759
              ],
              [
                91.66363217062712,
                70.27930345323352
              ],
              [
                91.6772552122464,
                70.26930792914501
              ],
              [
                91.68158463765928,
                70.26012722439242
              ],
              [
                91.68965755121133,
                70.25141750759548
              ],
              [
                91.70922134574704,
                70.24768215603311
              ],
              [
                91.71555272351276,
                70.2446924506294
              ],
              [
                91.7238209494895,
                70.2383631049264
              ],
              [
                91.73840427719642,
                70.23268378363724
              ],
              [
                91.73560479910975,
                70.22606858995232
              ],
              [
                91.72173761695979,
                70.22385911729609
              ],
              [
                91.70202733810589,
                70.21808824327266
              ],
              [
                91.65663347541062,
                70.21513617621537
              ],
              [
                91.62564390403304,
                70.21636501736117
              ],
              [
                91.58604430993569,
                70.20428615993936
              ],
              [
                91.5722096798566,
                70.20996853298621
              ],
              [
                91.5364349540751,
                70.21566718207472
              ],
              [
                91.51965436159071,
                70.22984971788199
              ],
              [
                91.50391543537125,
                70.2196914333768
              ],
              [
                91.50721947055496,
                70.21344245062943
              ],
              [
                91.51224876548969,
                70.20281521267367
              ],
              [
                91.52217714707587,
                70.20320787217884
              ],
              [
                91.54849549629705,
                70.19901475694454
              ],
              [
                91.56302999589792,
                70.18834682888468
              ],
              [
                91.5661549946924,
                70.1704706488716
              ],
              [
                91.55992127313908,
                70.1614171006945
              ],
              [
                91.56447856304754,
                70.16123704698353
              ],
              [
                91.57160746654716,
                70.16151882595489
              ],
              [
                91.5738861115014,
                70.15719245062934
              ],
              [
                91.57767842774666,
                70.14915920681432
              ],
              [
                91.59488219715104,
                70.14641974555133
              ],
              [
                91.59452412437247,
                70.13728583441846
              ],
              [
                91.61042581094597,
                70.12634019639762
              ],
              [
                91.63843174450932,
                70.12268916386765
              ],
              [
                91.63891242801128,
                70.12270945268801
              ],
              [
                91.64882097842468,
                70.13710883246546
              ],
              [
                91.6468027500365,
                70.14260911729608
              ],
              [
                91.64055275244783,
                70.15169216579864
              ],
              [
                91.65170183668806,
                70.15537767198359
              ],
              [
                91.69589127276487,
                70.1525517442492
              ],
              [
                91.71316014631066,
                70.14843899197055
              ],
              [
                91.71641535338824,
                70.13137763129359
              ],
              [
                91.72425657141741,
                70.12631168157208
              ],
              [
                91.89812662764821,
                70.13365043633172
              ],
              [
                92.06808456881221,
                70.14082406747151
              ],
              [
                92.06346925595238,
                70.14752549913203
              ],
              [
                92.06802654586056,
                70.1490096706815
              ],
              [
                92.07605063130671,
                70.14869127061644
              ],
              [
                92.0838468522573,
                70.15711310492637
              ],
              [
                92.11110921153096,
                70.14897203233511
              ],
              [
                92.11764763100746,
                70.14291603871987
              ],
              [
                93.07562569958186,
                70.18335063834435
              ],
              [
                94.0717392254748,
                70.22539486975346
              ],
              [
                94.07180181446563,
                70.2284947374132
              ],
              [
                94.0897380054626,
                70.23913825141065
              ],
              [
                94.10952966449355,
                70.24463243272578
              ],
              [
                94.13007002115228,
                70.23629909939245
              ],
              [
                94.14289553703748,
                70.23425645616331
              ],
              [
                94.15533042807346,
                70.23850450303829
              ],
              [
                94.16343589369632,
                70.23833869086371
              ],
              [
                94.17030438062983,
                70.23847907172319
              ],
              [
                94.18827312369734,
                70.24308519151472
              ],
              [
                94.18423666692132,
                70.25088243272572
              ],
              [
                94.18221843853314,
                70.25945990668413
              ],
              [
                94.18846843612187,
                70.2654657660591
              ],
              [
                94.19256999703964,
                70.26949205186634
              ],
              [
                94.16604005935824,
                70.27185309516065
              ],
              [
                94.15718589610759,
                70.27167202419719
              ],
              [
                94.1431559536037,
                70.27195787217892
              ],
              [
                94.13547366490087,
                70.2693201361763
              ],
              [
                94.12564293952693,
                70.27183681911907
              ],
              [
                94.10868331065319,
                70.27148993598104
              ],
              [
                94.08986821374555,
                70.27912136501737
              ],
              [
                94.08547368419107,
                70.28819220648876
              ],
              [
                94.06861171152968,
                70.29148607042112
              ],
              [
                94.05741379918322,
                70.29531806098109
              ],
              [
                94.03811042121384,
                70.29249823676224
              ],
              [
                94.03013516387415,
                70.28838243272574
              ],
              [
                94.0193278763769,
                70.28412116156696
              ],
              [
                93.98632007661143,
                70.28008978949657
              ],
              [
                93.96981617672856,
                70.27670945909307
              ],
              [
                93.961385190398,
                70.27916205512165
              ],
              [
                93.96786305248213,
                70.28875881618933
              ],
              [
                93.98843596121174,
                70.28833869086378
              ],
              [
                93.99416512566802,
                70.28845669216594
              ],
              [
                93.98544117070054,
                70.29996080186643
              ],
              [
                94.00080574810619,
                70.30494228786898
              ],
              [
                94.00715340190726,
                70.30925645616321
              ],
              [
                94.03013516387415,
                70.31129909939244
              ],
              [
                94.04517422057188,
                70.31349941677524
              ],
              [
                94.06669113935402,
                70.31305996365023
              ],
              [
                94.0738200428537,
                70.31550645616335
              ],
              [
                94.08231613332583,
                70.31757453070747
              ],
              [
                94.0883708184898,
                70.32388454861123
              ],
              [
                94.09468592022034,
                70.32375535753047
              ],
              [
                94.10093591780907,
                70.32388353135855
              ],
              [
                94.111027059749,
                70.3236770290799
              ],
              [
                94.11851403602725,
                70.32624762641063
              ],
              [
                94.11545414137447,
                70.33221279568161
              ],
              [
                94.1155517975867,
                70.33696539984817
              ],
              [
                94.13846845541201,
                70.34254909939233
              ],
              [
                94.14257001632967,
                70.34368333604618
              ],
              [
                94.13609215424566,
                70.34683681911898
              ],
              [
                94.12206221174182,
                70.34655097113716
              ],
              [
                94.11395674611884,
                70.35072679307731
              ],
              [
                94.11083174732454,
                70.3634983995226
              ],
              [
                94.101228886446,
                70.36330206977007
              ],
              [
                94.08915206818864,
                70.3663985866971
              ],
              [
                94.0655518168769,
                70.36338243272573
              ],
              [
                94.01050626519697,
                70.36113735622831
              ],
              [
                93.98345549438324,
                70.36459703233515
              ],
              [
                93.97417815421255,
                70.37088568793408
              ],
              [
                93.95770680640044,
                70.37409817165792
              ],
              [
                93.94882009107897,
                70.38013251410595
              ],
              [
                93.94253754141954,
                70.38000434027788
              ],
              [
                93.9384685325727,
                70.38425645616323
              ],
              [
                93.9360596793353,
                70.38629909939246
              ],
              [
                93.91799328005533,
                70.38012335883252
              ],
              [
                93.90715344048738,
                70.37800645616329
              ],
              [
                93.90305187956972,
                70.3758824327258
              ],
              [
                93.8863201151915,
                70.36967312282994
              ],
              [
                93.87375501587258,
                70.3611505805122
              ],
              [
                93.8511638787549,
                70.35381924099397
              ],
              [
                93.83436701023527,
                70.35053961859819
              ],
              [
                93.81239436246233,
                70.3509882269966
              ],
              [
                93.78980322534466,
                70.3505263943143
              ],
              [
                93.77980973961706,
                70.353086819119
              ],
              [
                93.77010922252606,
                70.35288845486119
              ],
              [
                93.7571209462871,
                70.35510504828565
              ],
              [
                93.75721860249945,
                70.35938462999135
              ],
              [
                93.76753760893502,
                70.35917304144965
              ],
              [
                93.77173682606468,
                70.36154324001757
              ],
              [
                93.7670818799441,
                70.37057644314245
              ],
              [
                93.75715349835781,
                70.37379909939239
              ],
              [
                93.74898292859342,
                70.37933803982207
              ],
              [
                93.75529803032367,
                70.38865810818146
              ],
              [
                93.76903500419041,
                70.39531297471797
              ],
              [
                93.77173682606468,
                70.40092312282991
              ],
              [
                93.77398291894815,
                70.40524746365037
              ],
              [
                93.79829931581696,
                70.41314337836371
              ],
              [
                93.80103368976188,
                70.42426703559033
              ],
              [
                93.81242691453309,
                70.43524217393664
              ],
              [
                93.85096856633044,
                70.43838243272575
              ],
              [
                93.86988131945049,
                70.44386135525181
              ],
              [
                93.88215345013253,
                70.44883978949656
              ],
              [
                93.8926352169218,
                70.4508824327257
              ],
              [
                93.90090344289865,
                70.45300645616328
              ],
              [
                93.91258963630673,
                70.45528917100711
              ],
              [
                93.91548677060581,
                70.46154324001742
              ],
              [
                93.91001802271563,
                70.47218980577264
              ],
              [
                93.92287609067148,
                70.478423529731
              ],
              [
                93.93430186751351,
                70.48213243272576
              ],
              [
                93.94257009349036,
                70.48842312282989
              ],
              [
                93.95474456796006,
                70.4956425645617
              ],
              [
                93.98169768256145,
                70.49170172797318
              ],
              [
                93.99497892743756,
                70.48830206977004
              ],
              [
                94.0036377782634,
                70.48847907172313
              ],
              [
                94.01861173081983,
                70.50406948513461
              ],
              [
                94.02639167573506,
                70.51154832628043
              ],
              [
                94.05259609270871,
                70.52004848904085
              ],
              [
                94.07661952094031,
                70.5247400580513
              ],
              [
                94.09318852496466,
                70.52048794216586
              ],
              [
                94.10565596807123,
                70.52474616156687
              ],
              [
                94.11014815383817,
                70.53402553982207
              ],
              [
                94.12857262589654,
                70.53762051052524
              ],
              [
                94.17196453623922,
                70.54115953233514
              ],
              [
                94.18007000186213,
                70.53838243272577
              ],
              [
                94.20064291059185,
                70.53614651150178
              ],
              [
                94.18833822783898,
                70.53214565700964
              ],
              [
                94.18846843612187,
                70.52579698350706
              ],
              [
                94.19855957806215,
                70.52600348578565
              ],
              [
                94.20715332474663,
                70.52379909939239
              ],
              [
                94.21623535249279,
                70.52158657497841
              ],
              [
                94.23563638667451,
                70.51158799913202
              ],
              [
                94.24465331027909,
                70.51660000271272
              ],
              [
                94.23840331269042,
                70.51963243272576
              ],
              [
                94.23430175177276,
                70.52316840277783
              ],
              [
                94.25210773448634,
                70.5260716417101
              ],
              [
                94.25614419126265,
                70.53436326768667
              ],
              [
                94.2686441864401,
                70.5341089545357
              ],
              [
                94.27827959938918,
                70.53430528428834
              ],
              [
                94.28625485672916,
                70.54258266872833
              ],
              [
                94.33290197414908,
                70.54671576605912
              ],
              [
                94.37997226848933,
                70.54069769965284
              ],
              [
                94.42180167943468,
                70.53842312282995
              ],
              [
                94.43006990541159,
                70.53629909939247
              ],
              [
                94.45871572769312,
                70.53279873318144
              ],
              [
                94.46131989335532,
                70.52992092556426
              ],
              [
                94.44921052302715,
                70.53016913519977
              ],
              [
                94.44055167220102,
                70.52829739040817
              ],
              [
                94.45809723834856,
                70.52543992784294
              ],
              [
                94.4634032258848,
                70.51946153428824
              ],
              [
                94.4457274514541,
                70.51982265896277
              ],
              [
                94.42720532318333,
                70.51944424099398
              ],
              [
                94.40718579965704,
                70.52236782497857
              ],
              [
                94.39055169149123,
                70.51754909939245
              ],
              [
                94.36529128456982,
                70.51550645616322
              ],
              [
                94.35692540238085,
                70.51982265896277
              ],
              [
                94.34465327169875,
                70.52379909939239
              ],
              [
                94.34029129421498,
                70.52604722764761
              ],
              [
                94.32788895524993,
                70.5257939317492
              ],
              [
                94.32320145705836,
                70.51614630805133
              ],
              [
                94.30998531632383,
                70.50973965115026
              ],
              [
                94.31561682456794,
                70.49879808213987
              ],
              [
                94.31548661628477,
                70.49126532660594
              ],
              [
                94.29973141402985,
                70.4881922064888
              ],
              [
                94.29504391583816,
                70.47855882432742
              ],
              [
                94.28270668101476,
                70.47555080837677
              ],
              [
                94.28013506742337,
                70.46754909939239
              ],
              [
                94.27795407868155,
                70.4633427598742
              ],
              [
                94.27805173489395,
                70.45819444444447
              ],
              [
                94.27795407868155,
                70.45271552191849
              ],
              [
                94.26548663557497,
                70.44074652777772
              ],
              [
                94.2655517397165,
                70.43748928493935
              ],
              [
                94.2821532958115,
                70.44467312282995
              ],
              [
                94.29273271881311,
                70.44673509385862
              ],
              [
                94.29777828978331,
                70.4519861518014
              ],
              [
                94.30311682939026,
                70.45713243272573
              ],
              [
                94.3029215169658,
                70.46717780219186
              ],
              [
                94.31984859376848,
                70.47385097927531
              ],
              [
                94.32391760261532,
                70.47808681911897
              ],
              [
                94.34117020012599,
                70.48368781195748
              ],
              [
                94.36545404492381,
                70.4876428900825
              ],
              [
                94.37440586438674,
                70.49070787217889
              ],
              [
                94.39468580447937,
                70.49029486762157
              ],
              [
                94.40718579965704,
                70.49055019802523
              ],
              [
                94.42375480368122,
                70.49021247016063
              ],
              [
                94.43788240239752,
                70.47880093044711
              ],
              [
                94.43417146632925,
                70.47159674750446
              ],
              [
                94.43430167461224,
                70.46449937608517
              ],
              [
                94.46835114064254,
                70.467660997179
              ],
              [
                94.48990061149527,
                70.46722052680121
              ],
              [
                94.49641102565039,
                70.47056525336387
              ],
              [
                94.53426908396119,
                70.46669562445749
              ],
              [
                94.60712061835477,
                70.47041571723088
              ],
              [
                94.61561670882719,
                70.46750739203563
              ],
              [
                94.62388493480381,
                70.46767625596789
              ],
              [
                94.62997217203878,
                70.46131130642374
              ],
              [
                94.64644351985066,
                70.45901638454873
              ],
              [
                94.64908023758335,
                70.44544318305131
              ],
              [
                94.65715315113567,
                70.45092312282989
              ],
              [
                94.66564924160781,
                70.45299119737422
              ],
              [
                94.67160627055938,
                70.4591821967233
              ],
              [
                94.67837710128049,
                70.46246487087677
              ],
              [
                94.69771303132092,
                70.46561530219208
              ],
              [
                94.7089760478089,
                70.46538540310331
              ],
              [
                94.71756979449333,
                70.46758978949657
              ],
              [
                94.72840963406139,
                70.4696324327258
              ],
              [
                94.74543436707648,
                70.46526740180127
              ],
              [
                94.75917134094323,
                70.46554816352003
              ],
              [
                94.76548644267353,
                70.46338243272578
              ],
              [
                94.78430153958146,
                70.45925645616322
              ],
              [
                94.79090960994864,
                70.45698900010856
              ],
              [
                94.8053952814434,
                70.44716742621529
              ],
              [
                94.8104734044843,
                70.45762885199659
              ],
              [
                94.82215959789238,
                70.46141811794712
              ],
              [
                94.83290178124804,
                70.46119839138464
              ],
              [
                94.8653561958103,
                70.4635655381945
              ],
              [
                94.87381973421168,
                70.45713243272573
              ],
              [
                94.88586400039821,
                70.45478359646273
              ],
              [
                94.90480930558903,
                70.45517015245227
              ],
              [
                94.91340305227357,
                70.45296576605921
              ],
              [
                94.92300591315217,
                70.45062506781704
              ],
              [
                94.93827283434547,
                70.44136196560339
              ],
              [
                94.9489173614889,
                70.43415879991326
              ],
              [
                94.94881970527655,
                70.42896572536893
              ],
              [
                94.93631971009904,
                70.42592312282994
              ],
              [
                94.93221814918155,
                70.42359564887158
              ],
              [
                94.93950981303499,
                70.41656948513472
              ],
              [
                94.94589001890665,
                70.40993089463979
              ],
              [
                94.95721813953628,
                70.40717312282993
              ],
              [
                94.96382620990374,
                70.40490566677519
              ],
              [
                94.98163219261733,
                70.39283494737421
              ],
              [
                94.9904863558682,
                70.3988397894966
              ],
              [
                95.01815561602655,
                70.40663804796012
              ],
              [
                95.08111132090471,
                70.41006110297315
              ],
              [
                95.08631965222867,
                70.41550645616329
              ],
              [
                95.10744594616142,
                70.41757147894984
              ],
              [
                95.12232224250539,
                70.42266282823351
              ],
              [
                95.1266842199891,
                70.43165025499135
              ],
              [
                95.14019332936073,
                70.43698472764765
              ],
              [
                95.1807206574752,
                70.43615770128045
              ],
              [
                95.19256961123727,
                70.43004909939239
              ],
              [
                95.22495892165801,
                70.42716824001744
              ],
              [
                95.23840292688789,
                70.42171576605904
              ],
              [
                95.25796672142349,
                70.41967312282992
              ],
              [
                95.26184041784569,
                70.43166347927524
              ],
              [
                95.26971801897298,
                70.43421576605911
              ],
              [
                95.27661905797731,
                70.43890021430121
              ],
              [
                95.2841060342555,
                70.44670966254344
              ],
              [
                95.3041255577819,
                70.45413865831168
              ],
              [
                95.29881957024571,
                70.45921576605923
              ],
              [
                95.29680134185753,
                70.46276089138462
              ],
              [
                95.30913857668122,
                70.46676784939251
              ],
              [
                95.35305132015634,
                70.4696324327258
              ],
              [
                95.37635860283086,
                70.47261501736116
              ],
              [
                95.38316198562285,
                70.46910956488716
              ],
              [
                95.42590285454992,
                70.47147162543405
              ],
              [
                95.40194453045967,
                70.4748194037544
              ],
              [
                95.39263463821823,
                70.47800645616323
              ],
              [
                95.3808507885978,
                70.48087510850698
              ],
              [
                95.36138465027449,
                70.47588243272574
              ],
              [
                95.330981016171,
                70.47093655056432
              ],
              [
                95.32805132980127,
                70.47345730251743
              ],
              [
                95.36066850471758,
                70.48316494411895
              ],
              [
                95.34891720716786,
                70.49446967230904
              ],
              [
                95.3709224070115,
                70.49671576605905
              ],
              [
                95.39110469089172,
                70.48852383083778
              ],
              [
                95.40298619672461,
                70.49258978949669
              ],
              [
                95.43456170537598,
                70.49463243272584
              ],
              [
                95.44673617984569,
                70.49046576605912
              ],
              [
                95.48221793698997,
                70.48633978949658
              ],
              [
                95.49247183928418,
                70.48282925075961
              ],
              [
                95.51021271785623,
                70.47994025336382
              ],
              [
                95.5395421336242,
                70.48053839789506
              ],
              [
                95.54989369213052,
                70.47902777777779
              ],
              [
                95.56141712518485,
                70.47806342230908
              ],
              [
                95.5758702446089,
                70.47374213324659
              ],
              [
                95.58433378301021,
                70.47181342230914
              ],
              [
                95.58837023978623,
                70.46957546657995
              ],
              [
                95.62391710107215,
                70.46556342230909
              ],
              [
                95.64462021808481,
                70.4591587999133
              ],
              [
                95.6780837468412,
                70.45723008897576
              ],
              [
                95.68950952368317,
                70.45473782009552
              ],
              [
                95.69872175971227,
                70.4554763454862
              ],
              [
                95.71975039743285,
                70.45306342230904
              ],
              [
                95.73791445292488,
                70.44910325792108
              ],
              [
                95.7665602752067,
                70.45140530056443
              ],
              [
                95.77593527158979,
                70.45065151638462
              ],
              [
                95.78358500822185,
                70.45126491970495
              ],
              [
                95.7904534951553,
                70.44874213324655
              ],
              [
                95.80308369861592,
                70.4468134223091
              ],
              [
                95.82368915941618,
                70.44064175075965
              ],
              [
                95.83837014333568,
                70.4468134223091
              ],
              [
                95.86161232186868,
                70.44947964138467
              ],
              [
                95.86962013127942,
                70.45514675564243
              ],
              [
                95.88657976015298,
                70.45900417751744
              ],
              [
                95.90969173040287,
                70.46532335069452
              ],
              [
                95.91463964516078,
                70.45417527940549
              ],
              [
                95.92870213973544,
                70.44901577419708
              ],
              [
                95.93589614737652,
                70.44843797471796
              ],
              [
                95.94374119643317,
                70.4528274197051
              ],
              [
                95.95370213009022,
                70.45362698025176
              ],
              [
                95.97795342281728,
                70.45045518663201
              ],
              [
                95.97567477786305,
                70.44106797960075
              ],
              [
                95.95939874247568,
                70.4348973253039
              ],
              [
                95.9591708779804,
                70.43181606716581
              ],
              [
                95.96962009269913,
                70.42281236436659
              ],
              [
                95.96704847910797,
                70.41573737250445
              ],
              [
                95.9532138490286,
                70.41259304470489
              ],
              [
                95.95246515140087,
                70.40341437445755
              ],
              [
                95.95712009752162,
                70.40082546657999
              ],
              [
                95.96877373885889,
                70.39817857530386
              ],
              [
                95.97368910154597,
                70.38933661566847
              ],
              [
                95.97437269503212,
                70.38079779730907
              ],
              [
                95.96975030098201,
                70.37252346462674
              ],
              [
                95.97736748554354,
                70.37088568793408
              ],
              [
                95.99540133275269,
                70.37582546657995
              ],
              [
                95.99891695639627,
                70.36973008897579
              ],
              [
                96.00142346584585,
                70.36144049750439
              ],
              [
                96.01031018116737,
                70.36027777777784
              ],
              [
                96.01131929536132,
                70.3592157660591
              ],
              [
                96.01555106456209,
                70.35717312282998
              ],
              [
                96.02173595800923,
                70.35296576605907
              ],
              [
                96.03436616146979,
                70.3505009629992
              ],
              [
                96.05718516308286,
                70.35096686469188
              ],
              [
                96.07215911563912,
                70.35066168891063
              ],
              [
                96.06652760739524,
                70.35606940375436
              ],
              [
                96.05760834000301,
                70.36535081651476
              ],
              [
                96.0436435016407,
                70.37085517035592
              ],
              [
                96.03221772479873,
                70.3800897894966
              ],
              [
                96.02590262306848,
                70.38213243272574
              ],
              [
                96.0238843946803,
                70.38385871039517
              ],
              [
                96.03641694192874,
                70.386305202908
              ],
              [
                96.0323479330819,
                70.39020738389763
              ],
              [
                96.03013439226913,
                70.39333543565542
              ],
              [
                96.04103933597855,
                70.39687445746534
              ],
              [
                96.05822682934757,
                70.39652350531685
              ],
              [
                96.07779062388323,
                70.39692328559036
              ],
              [
                96.08540780844453,
                70.39175157335075
              ],
              [
                96.11571378633579,
                70.3863062201606
              ],
              [
                96.12381925195865,
                70.38213243272574
              ],
              [
                96.13726325718852,
                70.37683966742628
              ],
              [
                96.14683356599636,
                70.36956936306427
              ],
              [
                96.14670335771314,
                70.36359707302523
              ],
              [
                96.10513436333383,
                70.36967312282994
              ],
              [
                96.09048593148538,
                70.37171576605908
              ],
              [
                96.08638437056783,
                70.37383978949666
              ],
              [
                96.06558359734271,
                70.37789761013465
              ],
              [
                96.04888438503536,
                70.378330959744
              ],
              [
                96.06815521093387,
                70.37072597927525
              ],
              [
                96.0768466138307,
                70.36482387966586
              ],
              [
                96.09686613735727,
                70.36092068142364
              ],
              [
                96.11281665203671,
                70.35445095486125
              ],
              [
                96.12590258448813,
                70.34485419379345
              ],
              [
                96.09514087760601,
                70.34151048448359
              ],
              [
                96.07814869666169,
                70.34839830186635
              ],
              [
                96.08788176582351,
                70.33906704372833
              ],
              [
                96.09048593148538,
                70.33617702907986
              ],
              [
                96.08140390373927,
                70.32744696723097
              ],
              [
                96.07596770791992,
                70.31835374620229
              ],
              [
                96.08846770309725,
                70.31342312282993
              ],
              [
                96.09154961861172,
                70.31064757776728
              ],
              [
                96.14246523072411,
                70.31279663781149
              ],
              [
                96.24413748057553,
                70.31708804786618
              ],
              [
                96.2543205036942,
                70.32686306423622
              ],
              [
                96.2477775374685,
                70.33315273708774
              ],
              [
                96.24367597655089,
                70.3374028184679
              ],
              [
                96.23846764522699,
                70.3424015977647
              ],
              [
                96.23638431269728,
                70.34696295844188
              ],
              [
                96.25366946227876,
                70.355361395942
              ],
              [
                96.27805096328899,
                70.36129909939243
              ],
              [
                96.28423585673607,
                70.36550645616322
              ],
              [
                96.30324626606853,
                70.36754909939236
              ],
              [
                96.31506266775972,
                70.36146185980903
              ],
              [
                96.33856526285905,
                70.3527226426867
              ],
              [
                96.33840250250512,
                70.34434048122836
              ],
              [
                96.33000406824539,
                70.33625942654089
              ],
              [
                96.33013427652827,
                70.3290898301866
              ],
              [
                96.36441160705397,
                70.32536770290804
              ],
              [
                96.3653994241612,
                70.32220630505746
              ],
              [
                96.46462222546354,
                70.32639432811968
              ],
              [
                96.50941851904322,
                70.3282851022981
              ],
              [
                96.51050530069091,
                70.32994330512159
              ],
              [
                96.53361727094068,
                70.3411463080513
              ],
              [
                96.5371979987259,
                70.34854376898878
              ],
              [
                96.5468008596045,
                70.35088243272577
              ],
              [
                96.56288158256723,
                70.35741217719186
              ],
              [
                96.55090242052216,
                70.36129909939243
              ],
              [
                96.54185294484677,
                70.36817267523878
              ],
              [
                96.50497144865909,
                70.37217963324659
              ],
              [
                96.47769281334979,
                70.37162319607211
              ],
              [
                96.4653881305972,
                70.36326850043423
              ],
              [
                96.46555089095091,
                70.35402777777782
              ],
              [
                96.4654857868095,
                70.34959865993929
              ],
              [
                96.4508048028901,
                70.34673712836377
              ],
              [
                96.44335037868268,
                70.33898159450962
              ],
              [
                96.4217358036882,
                70.33633978949666
              ],
              [
                96.41701575342603,
                70.33390346950966
              ],
              [
                96.4051342475932,
                70.33633978949666
              ],
              [
                96.37499103005587,
                70.3387974717883
              ],
              [
                96.36763426206073,
                70.3425897894966
              ],
              [
                96.35454832960932,
                70.34774624294712
              ],
              [
                96.34667072848202,
                70.35309190538197
              ],
              [
                96.34683348883584,
                70.36137946234817
              ],
              [
                96.33504963921547,
                70.37269639756948
              ],
              [
                96.34071369953017,
                70.37813056098099
              ],
              [
                96.36262124316164,
                70.37768398708775
              ],
              [
                96.37004311529813,
                70.3802149115669
              ],
              [
                96.37489337384352,
                70.38527777777779
              ],
              [
                96.38013425723835,
                70.38425645616323
              ],
              [
                96.38999753468312,
                70.38172451443148
              ],
              [
                96.39881914586289,
                70.38842312282995
              ],
              [
                96.40884518366153,
                70.39328559027783
              ],
              [
                96.41131914104028,
                70.40092312282991
              ],
              [
                96.41971757530024,
                70.40296576605905
              ],
              [
                96.42798580127703,
                70.40508978949663
              ],
              [
                96.44055090059607,
                70.40713243272577
              ],
              [
                96.46014724720231,
                70.41114549424921
              ],
              [
                96.4728100027337,
                70.41140489366325
              ],
              [
                96.48631911210515,
                70.41112820095495
              ],
              [
                96.48430088371725,
                70.41550645616329
              ],
              [
                96.47596755359882,
                70.43168382432728
              ],
              [
                96.47954828138404,
                70.4398686387805
              ],
              [
                96.49068108958915,
                70.44258368598099
              ],
              [
                96.51131910246016,
                70.45823615180134
              ],
              [
                96.51763420419053,
                70.46129909939236
              ],
              [
                96.52525138875177,
                70.46523586697052
              ],
              [
                96.54256909040384,
                70.46967312282987
              ],
              [
                96.55513418972288,
                70.4717157660591
              ],
              [
                96.57098704818998,
                70.47578070746533
              ],
              [
                96.59016021787642,
                70.47617234971793
              ],
              [
                96.60008859946265,
                70.469444240994
              ],
              [
                96.63104561876924,
                70.47007595486116
              ],
              [
                96.63840238676443,
                70.46754909939239
              ],
              [
                96.67180081137923,
                70.46550645616327
              ],
              [
                96.67798570482631,
                70.46338243272578
              ],
              [
                96.68495184797217,
                70.46112514919722
              ],
              [
                96.69673569759271,
                70.45504909939243
              ],
              [
                96.72463282224652,
                70.4500401475695
              ],
              [
                96.73423568312501,
                70.44079230414505
              ],
              [
                96.73049219498597,
                70.43637335883253
              ],
              [
                96.71763412703001,
                70.43385871039504
              ],
              [
                96.72199610451383,
                70.43017116970483
              ],
              [
                96.74208073218165,
                70.42976121690549
              ],
              [
                96.74937239603526,
                70.43352403428821
              ],
              [
                96.76346744268068,
                70.43008978949658
              ],
              [
                96.76844790950923,
                70.42751512315547
              ],
              [
                96.81747132809579,
                70.43412726508251
              ],
              [
                96.82977601084866,
                70.43437852647571
              ],
              [
                96.83631897707426,
                70.4321324327259
              ],
              [
                96.86971740168906,
                70.43008978949658
              ],
              [
                96.87626036791488,
                70.42784979926219
              ],
              [
                96.901650983119,
                70.42289374457468
              ],
              [
                96.91965227825733,
                70.40921576605908
              ],
              [
                96.93775122960807,
                70.40568386501741
              ],
              [
                96.94644263250501,
                70.39733730740025
              ],
              [
                96.92788795216336,
                70.39431504991322
              ],
              [
                96.91769915401102,
                70.38451992458772
              ],
              [
                96.91187233334239,
                70.36975043402782
              ],
              [
                96.89530332931804,
                70.36733140733509
              ],
              [
                96.88247781343279,
                70.37171576605908
              ],
              [
                96.8738840667483,
                70.3644139268664
              ],
              [
                96.8919830180991,
                70.35074103461397
              ],
              [
                96.9046132215596,
                70.35099941677524
              ],
              [
                96.92590227584634,
                70.3478876410592
              ],
              [
                96.9259999320584,
                70.35292609320749
              ],
              [
                96.92180071492868,
                70.36109564887155
              ],
              [
                96.92814836872975,
                70.36185858832468
              ],
              [
                96.96040747086732,
                70.35735419379344
              ],
              [
                96.96971736310877,
                70.35508978949656
              ],
              [
                96.97381892402638,
                70.35296576605907
              ],
              [
                96.98345422531418,
                70.34829333069031
              ],
              [
                97.00932527435094,
                70.34938530298486
              ],
              [
                97.00917047288777,
                70.35706732855903
              ],
              [
                97.02433973786867,
                70.36488796657994
              ],
              [
                97.03638400405549,
                70.36963243272575
              ],
              [
                97.044391813466,
                70.37375739203563
              ],
              [
                97.07668346767434,
                70.37788540310345
              ],
              [
                97.10399465505435,
                70.36381273057731
              ],
              [
                97.11389048456994,
                70.36890306260858
              ],
              [
                97.15988656057453,
                70.37226101345493
              ],
              [
                97.17355843029992,
                70.36758978949663
              ],
              [
                97.18342170774457,
                70.36991726345491
              ],
              [
                97.18700243552979,
                70.37732591417111
              ],
              [
                97.19299201655241,
                70.38022508409293
              ],
              [
                97.20506883480977,
                70.38842312282995
              ],
              [
                97.21763393412874,
                70.39046576605907
              ],
              [
                97.22932012753682,
                70.39346564398878
              ],
              [
                97.26515995745984,
                70.39804328070753
              ],
              [
                97.305133900371,
                70.39448594835076
              ],
              [
                97.31548545887739,
                70.38456570095497
              ],
              [
                97.29680057025257,
                70.37347459581167
              ],
              [
                97.30305056784141,
                70.37379909939239
              ],
              [
                97.332738056388,
                70.37759345160597
              ],
              [
                97.35907268164453,
                70.37813056098099
              ],
              [
                97.36340210705777,
                70.3739618598091
              ],
              [
                97.34627971783021,
                70.37351121690548
              ],
              [
                97.3239489972787,
                70.37396592881956
              ],
              [
                97.3197172280781,
                70.36570990668409
              ],
              [
                97.3281156623379,
                70.36521145290806
              ],
              [
                97.34833049828893,
                70.36562445746529
              ],
              [
                97.35360789592798,
                70.36391687778577
              ],
              [
                97.57809084975091,
                70.37339191553257
              ],
              [
                97.57798535760418,
                70.37379909939239
              ],
              [
                97.57596712921628,
                70.38440090603308
              ],
              [
                97.58879264510136,
                70.39062750922318
              ],
              [
                97.59885123497082,
                70.39042202419722
              ],
              [
                97.6053616491256,
                70.39055528428827
              ],
              [
                97.61223013605911,
                70.39768215603303
              ],
              [
                97.61548534313664,
                70.40616807725695
              ],
              [
                97.60298534795919,
                70.40921576605908
              ],
              [
                97.5906155610648,
                70.4155939398872
              ],
              [
                97.58224967887566,
                70.41542405870234
              ],
              [
                97.56932650677811,
                70.42066697862418
              ],
              [
                97.56346713403866,
                70.41734564887165
              ],
              [
                97.5682522884427,
                70.40804999457467
              ],
              [
                97.55978875004104,
                70.39558763292109
              ],
              [
                97.53404006205852,
                70.38842312282995
              ],
              [
                97.52173537930565,
                70.3947585720486
              ],
              [
                97.50764033266017,
                70.39447068956187
              ],
              [
                97.5002184605234,
                70.3970067003039
              ],
              [
                97.4916898179805,
                70.40141038682734
              ],
              [
                97.48846716297373,
                70.41133978949657
              ],
              [
                97.48215206124348,
                70.41963243272573
              ],
              [
                97.48013383285553,
                70.42255703396273
              ],
              [
                97.4975491907199,
                70.428214992947
              ],
              [
                97.51848017222818,
                70.43229926215287
              ],
              [
                97.53423537448305,
                70.4363397894966
              ],
              [
                97.55347364831073,
                70.43838243272575
              ],
              [
                97.57209343279396,
                70.43201036241328
              ],
              [
                97.5853095735286,
                70.43227993435332
              ],
              [
                97.5972887355735,
                70.43203579372837
              ],
              [
                97.61978221647871,
                70.44055426703565
              ],
              [
                97.6195869040543,
                70.45089870876745
              ],
              [
                97.65539418190622,
                70.46129909939236
              ],
              [
                97.66756865637592,
                70.45713243272573
              ],
              [
                97.69888374846124,
                70.4550897894967
              ],
              [
                97.71353218030998,
                70.450845811632
              ],
              [
                97.71333686788529,
                70.44058783637158
              ],
              [
                97.72173530214502,
                70.42816921657996
              ],
              [
                97.74487982446584,
                70.42590582953568
              ],
              [
                97.75285508180559,
                70.41762335883263
              ],
              [
                97.76017929772996,
                70.41406094021269
              ],
              [
                97.76974960653769,
                70.42400967068147
              ],
              [
                97.7696519503254,
                70.42813462999143
              ],
              [
                97.75724961136035,
                70.42788133409294
              ],
              [
                97.75513372675982,
                70.4302118598091
              ],
              [
                97.76353216101978,
                70.4382990180122
              ],
              [
                97.77541366685239,
                70.45066270616334
              ],
              [
                97.80002303235818,
                70.45921576605923
              ],
              [
                97.80930037252887,
                70.45292304144965
              ],
              [
                97.81551781804694,
                70.45305019802524
              ],
              [
                97.82280948190032,
                70.45290066189244
              ],
              [
                97.84051780840178,
                70.45326280381946
              ],
              [
                97.87997091818056,
                70.45245713975706
              ],
              [
                97.89927429615017,
                70.44585110134557
              ],
              [
                97.92596699418516,
                70.44258978949654
              ],
              [
                97.94103860295394,
                70.43606106228293
              ],
              [
                97.94673521533963,
                70.42351325141064
              ],
              [
                97.93905292663658,
                70.40105740017364
              ],
              [
                97.90311544050144,
                70.39871161566842
              ],
              [
                97.88052430338382,
                70.39917243109815
              ],
              [
                97.86327170587339,
                70.38608547634556
              ],
              [
                97.8617886303691,
                70.38536630884067
              ],
              [
                98.13265067673044,
                70.39679892797608
              ],
              [
                98.13192394597655,
                70.397183702257
              ],
              [
                98.13234712289665,
                70.40782823350702
              ],
              [
                98.14471690979099,
                70.4193109809028
              ],
              [
                98.1572169049685,
                70.4216964382596
              ],
              [
                98.164085391902,
                70.42409715440539
              ],
              [
                98.17147471196768,
                70.43209886338968
              ],
              [
                98.187197362152,
                70.4382115342882
              ],
              [
                98.20282235612382,
                70.44119615342893
              ],
              [
                98.22365568141964,
                70.4403691270617
              ],
              [
                98.23114265769772,
                70.44298244900182
              ],
              [
                98.24468431914005,
                70.44244533962677
              ],
              [
                98.25093431672872,
                70.4426935492622
              ],
              [
                98.26760097696535,
                70.44203233506948
              ],
              [
                98.29530278919464,
                70.44313096788201
              ],
              [
                98.30405929623288,
                70.44007310655388
              ],
              [
                98.31760095767515,
                70.4406102159289
              ],
              [
                98.32798506825225,
                70.44019822862418
              ],
              [
                98.34673506101859,
                70.4362797715929
              ],
              [
                98.36737307388972,
                70.43234096950962
              ],
              [
                98.37378583183232,
                70.42894843207466
              ],
              [
                98.38781577433627,
                70.42231797960085
              ],
              [
                98.38407228619707,
                70.41521450466581
              ],
              [
                98.37264650935509,
                70.40982306586375
              ],
              [
                98.37562897130071,
                70.40705462211008
              ],
              [
                98.49918633135653,
                70.41226976486585
              ],
              [
                98.58801620088079,
                70.41601912022871
              ],
              [
                98.5976789746203,
                70.4193994818794
              ],
              [
                98.60698886686197,
                70.41976976182733
              ],
              [
                98.61362948929997,
                70.417452460395
              ],
              [
                98.62385083952313,
                70.41785834418405
              ],
              [
                98.627842029627,
                70.41770009967165
              ],
              [
                99.19460081200972,
                70.44162200895231
              ],
              [
                99.41212928479425,
                70.45080351006648
              ],
              [
                99.4134013161626,
                70.45416205512169
              ],
              [
                99.40549116296438,
                70.46584621853304
              ],
              [
                99.42186485456398,
                70.47657721625441
              ],
              [
                99.42173464628075,
                70.4821527777778
              ],
              [
                99.42179975042234,
                70.48534491644969
              ],
              [
                99.45474244604634,
                70.49513393825964
              ],
              [
                99.49074503632329,
                70.49904832628047
              ],
              [
                99.5057189888795,
                70.4987431504992
              ],
              [
                99.5217346077007,
                70.49463243272584
              ],
              [
                99.53846637207886,
                70.49258978949669
              ],
              [
                99.5431213181995,
                70.4901778835721
              ],
              [
                99.57072547421649,
                70.49074144151481
              ],
              [
                99.58967077940736,
                70.49035488552528
              ],
              [
                99.6094624384383,
                70.49288479275177
              ],
              [
                99.62905878504472,
                70.49248399522574
              ],
              [
                99.65832309667115,
                70.49308213975698
              ],
              [
                99.66372674041969,
                70.49030097113723
              ],
              [
                99.67593376696021,
                70.49055019802523
              ],
              [
                99.70877880637187,
                70.48987982855908
              ],
              [
                99.73664337895491,
                70.49615322536903
              ],
              [
                99.76131784860223,
                70.49254909939242
              ],
              [
                99.77596628045075,
                70.49050645616327
              ],
              [
                99.78540638097536,
                70.487276679145
              ],
              [
                99.7904845040162,
                70.47877041286895
              ],
              [
                99.77590117630916,
                70.47592312283001
              ],
              [
                99.76971628286202,
                70.4717157660591
              ],
              [
                99.7552957155088,
                70.46937201605908
              ],
              [
                99.72905874646443,
                70.4699081081815
              ],
              [
                99.71157828445854,
                70.46955105251755
              ],
              [
                99.70513297444506,
                70.47175645616329
              ],
              [
                99.67173454983026,
                70.47379909939252
              ],
              [
                99.65786736768024,
                70.4785486518013
              ],
              [
                99.64211216542543,
                70.48667039659301
              ],
              [
                99.62303665195134,
                70.48628180609813
              ],
              [
                99.61971634073223,
                70.48103888617646
              ],
              [
                99.62596633832123,
                70.47800645616323
              ],
              [
                99.63361607495318,
                70.47281134711378
              ],
              [
                99.63517857435028,
                70.46550645616327
              ],
              [
                99.62596633832123,
                70.47175645616329
              ],
              [
                99.61434524905468,
                70.47379909939252
              ],
              [
                99.59901322371957,
                70.4634037950305
              ],
              [
                99.58120724100598,
                70.46050462510868
              ],
              [
                99.57863977929419,
                70.45783163043711
              ],
              [
                100.61769589873536,
                70.5016883945481
              ],
              [
                100.9779700313811,
                70.51689494341018
              ],
              [
                100.97791894173417,
                70.5196293809679
              ],
              [
                100.98009993047623,
                70.51967414008254
              ],
              [
                100.98589419907415,
                70.51955512152779
              ],
              [
                101.0018772658243,
                70.52406053331171
              ],
              [
                101.01353090716185,
                70.52804816352005
              ],
              [
                101.02339418460645,
                70.52784674750436
              ],
              [
                101.0321506916448,
                70.5300897894966
              ],
              [
                101.0523980796666,
                70.5333816189237
              ],
              [
                101.06138245120042,
                70.53629909939247
              ],
              [
                101.06548401211802,
                70.53842312282995
              ],
              [
                101.08914936757134,
                70.54099473741326
              ],
              [
                101.10500222603861,
                70.54867499457472
              ],
              [
                101.10763894377129,
                70.5538131374783
              ],
              [
                101.10425352841071,
                70.56369167751754
              ],
              [
                101.10874571417753,
                70.5729283311633
              ],
              [
                101.13127174715373,
                70.5773238796659
              ],
              [
                101.13840065065341,
                70.58217312282989
              ],
              [
                101.14888241744268,
                70.58421576605912
              ],
              [
                101.18621964262127,
                70.59306077745228
              ],
              [
                101.21740452642354,
                70.59242499457474
              ],
              [
                101.22173395183648,
                70.59659369574655
              ],
              [
                101.21961806723596,
                70.5989242214628
              ],
              [
                101.21128473711781,
                70.59875434027785
              ],
              [
                101.20523005195383,
                70.6050775824653
              ],
              [
                101.18846573550485,
                70.60741726345498
              ],
              [
                101.19175349465291,
                70.61039984809042
              ],
              [
                101.20298395907014,
                70.6140446641711
              ],
              [
                101.19888239815276,
                70.61758978949658
              ],
              [
                101.18638240297508,
                70.62003017849395
              ],
              [
                101.19051651596357,
                70.62352851019969
              ],
              [
                101.20981989393283,
                70.62599738227001
              ],
              [
                101.21958551516542,
                70.6257990180122
              ],
              [
                101.22590061689567,
                70.63008978949654
              ],
              [
                101.23368056181062,
                70.6338627794054
              ],
              [
                101.24963107649035,
                70.66071824815546
              ],
              [
                101.25513237645129,
                70.66338243272574
              ],
              [
                101.26340060242813,
                70.66967312282986
              ],
              [
                101.26763237162874,
                70.6717157660591
              ],
              [
                101.27173393254634,
                70.67383978949658
              ],
              [
                101.28840059278292,
                70.67924852159291
              ],
              [
                101.28351778216683,
                70.68627061631949
              ],
              [
                101.27905814847071,
                70.68636216905387
              ],
              [
                101.27179903668792,
                70.68621365017364
              ],
              [
                101.27472872305748,
                70.68940070258247
              ],
              [
                101.33368052323061,
                70.6981765407987
              ],
              [
                101.34025604152697,
                70.70500027126747
              ],
              [
                101.34881723614069,
                70.70517523871536
              ],
              [
                101.36014535677032,
                70.69934231228311
              ],
              [
                101.36763233304839,
                70.70296576605907
              ],
              [
                101.37381722649576,
                70.70717312282994
              ],
              [
                101.38840055420258,
                70.71072536892368
              ],
              [
                101.3885307624858,
                70.71754909939244
              ],
              [
                101.33996307289004,
                70.71528774685333
              ],
              [
                101.32834198362332,
                70.70930630154086
              ],
              [
                101.31880422688658,
                70.70911200629342
              ],
              [
                101.2974175163875,
                70.71172532823351
              ],
              [
                101.28612194782875,
                70.71558783637155
              ],
              [
                101.2702365372906,
                70.71526435004344
              ],
              [
                101.26034070777513,
                70.71865281846794
              ],
              [
                101.24302300612311,
                70.72203213161913
              ],
              [
                101.22798394942521,
                70.7279657660591
              ],
              [
                101.2197157234483,
                70.7342564561634
              ],
              [
                101.19256729642223,
                70.73629909939243
              ],
              [
                101.17957902018316,
                70.73962754991322
              ],
              [
                101.17586808411505,
                70.73197882758254
              ],
              [
                101.17173397112668,
                70.72800645616326
              ],
              [
                101.16952043031398,
                70.71882880316844
              ],
              [
                101.13801002580414,
                70.72322740342892
              ],
              [
                101.1300998726058,
                70.72593329535607
              ],
              [
                101.1217014383459,
                70.7195652940539
              ],
              [
                101.09878478052042,
                70.71509345160598
              ],
              [
                101.09894754087446,
                70.70717617458774
              ],
              [
                101.09497618823997,
                70.70709479437937
              ],
              [
                101.07596577890757,
                70.70925645616327
              ],
              [
                101.05506734947011,
                70.71129909939239
              ],
              [
                101.04888245602302,
                70.71342312282988
              ],
              [
                101.02700746446254,
                70.71698147243936
              ],
              [
                101.02179913313847,
                70.71967312282993
              ],
              [
                101.00278872380602,
                70.7238458930122
              ],
              [
                100.99471581025398,
                70.72800645616326
              ],
              [
                100.98071841982085,
                70.73073981391062
              ],
              [
                100.96131738563918,
                70.73838243272576
              ],
              [
                100.95324447208708,
                70.74254299587682
              ],
              [
                100.93423406275463,
                70.74671576605908
              ],
              [
                100.93013250183697,
                70.74883978949657
              ],
              [
                100.91733953802265,
                70.75195970323364
              ],
              [
                100.90513251148224,
                70.75823615180127
              ],
              [
                100.89852444111477,
                70.76144660102
              ],
              [
                100.88120673946281,
                70.77946519639761
              ],
              [
                100.87596585606815,
                70.78217312282996
              ],
              [
                100.86226143427194,
                70.78757880316851
              ],
              [
                100.85096586571314,
                70.7984318712023
              ],
              [
                100.8550674266308,
                70.80092312282994
              ],
              [
                100.87209215964589,
                70.8036920844186
              ],
              [
                100.88429918618641,
                70.81295620388465
              ],
              [
                100.89806871212414,
                70.81577907986116
              ],
              [
                100.9067601150208,
                70.8128107367622
              ],
              [
                100.93882390473391,
                70.81554206000436
              ],
              [
                100.94572494373818,
                70.81540066189248
              ],
              [
                100.97411034945372,
                70.81598049587686
              ],
              [
                100.98853091680684,
                70.81228685167108
              ],
              [
                101.00405825456619,
                70.82461391872832
              ],
              [
                101.01506085448813,
                70.83604885525176
              ],
              [
                101.0235243928895,
                70.8404159206815
              ],
              [
                101.03009991118614,
                70.84055019802523
              ],
              [
                101.03634990877487,
                70.84042202419715
              ],
              [
                101.05806213998159,
                70.84086554633251
              ],
              [
                101.07804911143717,
                70.83842312282997
              ],
              [
                101.08475483801669,
                70.83387091742631
              ],
              [
                101.11590716974814,
                70.82855577256953
              ],
              [
                101.16877173268603,
                70.83241115993934
              ],
              [
                101.20011937684211,
                70.82994635687936
              ],
              [
                101.20822484246509,
                70.83011216905393
              ],
              [
                101.21704645364485,
                70.82993211534296
              ],
              [
                101.23768446651604,
                70.83415676540804
              ],
              [
                101.24676649426203,
                70.83434190538196
              ],
              [
                101.26629773672693,
                70.83394415961382
              ],
              [
                101.27892794018754,
                70.83653408474399
              ],
              [
                101.29621308976897,
                70.83618211534292
              ],
              [
                101.31685110263999,
                70.84040676540806
              ],
              [
                101.3259331303862,
                70.84059190538198
              ],
              [
                101.33534067884005,
                70.8404006618924
              ],
              [
                101.34006072910233,
                70.85015611436634
              ],
              [
                101.34569223734633,
                70.85874681260844
              ],
              [
                101.35109588109498,
                70.86137335883251
              ],
              [
                101.36193572066293,
                70.87263231065546
              ],
              [
                101.3879773772826,
                70.8779657660591
              ],
              [
                101.40096565352184,
                70.87592312282996
              ],
              [
                101.40506721443921,
                70.87379909939247
              ],
              [
                101.41346564869929,
                70.87175645616315
              ],
              [
                101.41756720961683,
                70.86963243272575
              ],
              [
                101.44263230411326,
                70.8675897894966
              ],
              [
                101.45562058035227,
                70.86492560492633
              ],
              [
                101.47339401099538,
                70.8710087754992
              ],
              [
                101.49054895229364,
                70.87379909939247
              ],
              [
                101.50298384332939,
                70.87634935167108
              ],
              [
                101.53582888274116,
                70.8756799994575
              ],
              [
                101.5408419016403,
                70.87811326768673
              ],
              [
                101.54868695069712,
                70.8862655300565
              ],
              [
                101.55715048909849,
                70.89038336859812
              ],
              [
                101.55513226071054,
                70.89675645616327
              ],
              [
                101.55099814772217,
                70.90474900987405
              ],
              [
                101.5506075228729,
                70.92379909939245
              ],
              [
                101.55796429086803,
                70.920474717882
              ],
              [
                101.56535361093376,
                70.90522203233508
              ],
              [
                101.57778850196979,
                70.9049677191841
              ],
              [
                101.61265176976929,
                70.90942837185338
              ],
              [
                101.64696165236575,
                70.90684760199662
              ],
              [
                101.65506711798866,
                70.89905341254348
              ],
              [
                101.6578991481461,
                70.88738247341581
              ],
              [
                101.66756711316623,
                70.88004909939241
              ],
              [
                101.67798377581397,
                70.87666876898882
              ],
              [
                101.67479367287802,
                70.87216030544712
              ],
              [
                101.66965044569582,
                70.86967312282994
              ],
              [
                101.6620658132054,
                70.8657567003039
              ],
              [
                101.65487180556414,
                70.86330105251747
              ],
              [
                101.64481321569468,
                70.86350653754343
              ],
              [
                101.63657754178871,
                70.85926255967883
              ],
              [
                101.6322481163757,
                70.85917405870234
              ],
              [
                101.62505410873456,
                70.86287990993932
              ],
              [
                101.6175671324562,
                70.85925645616328
              ],
              [
                101.60594604318976,
                70.84987331814239
              ],
              [
                101.5822481356659,
                70.84501491970488
              ],
              [
                101.55301637611029,
                70.84441880967893
              ],
              [
                101.5305228952048,
                70.84487860785595
              ],
              [
                101.50558800899148,
                70.83635097927527
              ],
              [
                101.49884973034114,
                70.83621365017365
              ],
              [
                101.48843306769322,
                70.83642523871538
              ],
              [
                101.4800997375749,
                70.83625535753043
              ],
              [
                101.46154505723337,
                70.8366347927518
              ],
              [
                101.45513229929065,
                70.82996263292102
              ],
              [
                101.43013230893592,
                70.83047329372846
              ],
              [
                101.43215053732376,
                70.82796576605904
              ],
              [
                101.44263230411326,
                70.82592312282989
              ],
              [
                101.44881719756034,
                70.8237990993924
              ],
              [
                101.45949427677459,
                70.82171881781687
              ],
              [
                101.46965052285623,
                70.81648607042104
              ],
              [
                101.47782109262067,
                70.81252285427519
              ],
              [
                101.49188358719533,
                70.79506985134557
              ],
              [
                101.48547082925273,
                70.78260952419708
              ],
              [
                101.50864790364443,
                70.7788406032987
              ],
              [
                101.51772993139053,
                70.77588548448352
              ],
              [
                101.52375206448369,
                70.76963955349396
              ],
              [
                101.54686403473374,
                70.76758266872844
              ],
              [
                101.5498913773157,
                70.76444444444462
              ],
              [
                101.54471559806274,
                70.76276089138463
              ],
              [
                101.54881715898028,
                70.76129909939237
              ],
              [
                101.56763225588799,
                70.75925645616323
              ],
              [
                101.57381714933513,
                70.75713243272574
              ],
              [
                101.58511271789394,
                70.75493211534297
              ],
              [
                101.59888224383172,
                70.74675645616327
              ],
              [
                101.61340046739701,
                70.73421576605912
              ],
              [
                101.61763223659779,
                70.7321731228298
              ],
              [
                101.62798379510417,
                70.72379909939247
              ],
              [
                101.632215564305,
                70.72175645616323
              ],
              [
                101.64025592578622,
                70.71760504828569
              ],
              [
                101.66131711557739,
                70.71247606065543
              ],
              [
                101.66138221971897,
                70.70819444444453
              ],
              [
                101.66131711557739,
                70.7040277777779
              ],
              [
                101.66144732386056,
                70.69684190538203
              ],
              [
                101.65513222213025,
                70.69254909939241
              ],
              [
                101.63638222936419,
                70.68726040310341
              ],
              [
                101.63937701987533,
                70.68276821560337
              ],
              [
                101.64862180797519,
                70.67800340440542
              ],
              [
                101.65929888718955,
                70.67592312282989
              ],
              [
                101.6715710178716,
                70.66758775499136
              ],
              [
                101.68631710593246,
                70.66399685329864
              ],
              [
                101.6864147621448,
                70.65959214952272
              ],
              [
                101.67609575570924,
                70.64887335883247
              ],
              [
                101.66753456109541,
                70.64471483018679
              ],
              [
                101.66151242800214,
                70.63845669216582
              ],
              [
                101.65311399374235,
                70.63438056098107
              ],
              [
                101.64894732868316,
                70.62626695421008
              ],
              [
                101.67163612201307,
                70.62183681911895
              ],
              [
                101.67730018232788,
                70.61891221788204
              ],
              [
                101.69123246861938,
                70.62247667100706
              ],
              [
                101.69683142479272,
                70.61959072536894
              ],
              [
                101.70291866202746,
                70.61971483018667
              ],
              [
                101.70923376375777,
                70.61754909939239
              ],
              [
                101.71838089564545,
                70.6153253851997
              ],
              [
                101.73423375411272,
                70.59640855577254
              ],
              [
                101.72420771631408,
                70.58164618598099
              ],
              [
                101.71144730457041,
                70.57728217230903
              ],
              [
                101.65496946177632,
                70.57843573676223
              ],
              [
                101.64325071629742,
                70.57557623969191
              ],
              [
                101.65806190850009,
                70.5655318874783
              ],
              [
                101.66714393624602,
                70.56534674750438
              ],
              [
                101.67938351485736,
                70.5684819200304
              ],
              [
                101.70636918152945,
                70.56503445095504
              ],
              [
                101.71375850159546,
                70.56884711371521
              ],
              [
                101.73856317952573,
                70.56480963812945
              ],
              [
                101.74881708181965,
                70.56129909939239
              ],
              [
                101.76291212846519,
                70.55786485460075
              ],
              [
                101.76809270686942,
                70.55024465681763
              ],
              [
                122.18323815195876,
                71.41193268436905
              ],
              [
                124.4853621753962,
                70.77399323124413
              ],
              [
                125.76038658945876,
                70.16474030155658
              ],
              [
                124.3549910816462,
                69.11041901249405
              ],
              [
                123.4743758472712,
                67.77020905155663
              ],
              [
                123.4443465503962,
                67.6109683289003
              ],
              [
                123.51905358164626,
                66.76898834843158
              ],
              [
                123.57837975352126,
                66.56647369999413
              ],
              [
                123.7683211597712,
                66.1491153015566
              ],
              [
                124.11378014414626,
                65.65466950077538
              ],
              [
                124.3525496753962,
                65.42163727421283
              ],
              [
                124.8922225269587,
                65.08631012577533
              ],
              [
                126.7837020191462,
                64.2614199890566
              ],
              [
                128.54920494883376,
                64.0407778992128
              ],
              [
                128.87794030039626,
                63.940924383587884
              ],
              [
                129.12562096445876,
                63.81708405155658
              ],
              [
                129.30347740977126,
                63.68366119999408
              ],
              [
                129.42249596445876,
                63.554877020306634
              ],
              [
                130.05860436289626,
                62.389960028119134
              ],
              [
                129.9149276050837,
                62.041449285931606
              ],
              [
                129.7360945972712,
                61.759466864056606
              ],
              [
                129.6201278003962,
                61.63629791874408
              ],
              [
                129.48658287852126,
                61.542120672650356
              ],
              [
                123.2046004566462,
                60.58734772343155
              ],
              [
                121.39905846445876,
                60.660650946087856
              ]
            ],
            [
              [
                119.76886221297252,
                60.19467312282984
              ],
              [
                119.77254059697015,
                60.19723456488714
              ],
              [
                119.77303536541034,
                60.197749889295885
              ],
              [
                119.77115825998403,
                60.19721550938083
              ],
              [
                119.7667431706527,
                60.19595860871411
              ],
              [
                119.76886221297252,
                60.19467312282984
              ]
            ],
            [
              [
                92.80721896901179,
                59.47363226996532
              ],
              [
                92.81340386245887,
                59.469612087673625
              ],
              [
                92.81516615868324,
                59.46864418589727
              ],
              [
                92.81284100529135,
                59.4715556161537
              ],
              [
                92.80928252617142,
                59.476011349617465
              ],
              [
                92.80721896901179,
                59.47363226996532
              ]
            ],
            [
              [
                94.69055157575042,
                70.25508978949662
              ],
              [
                94.68215314149052,
                70.25713243272577
              ],
              [
                94.67355939480598,
                70.259336819119
              ],
              [
                94.66372866943203,
                70.25913540310341
              ],
              [
                94.65197737188242,
                70.26214240180127
              ],
              [
                94.64771305061078,
                70.2753371853299
              ],
              [
                94.63234847320513,
                70.2783390977649
              ],
              [
                94.62180160227427,
                70.2863397894966
              ],
              [
                94.60705551421336,
                70.29348904079868
              ],
              [
                94.60721827456723,
                70.30099331325971
              ],
              [
                94.62284326853916,
                70.3060694037544
              ],
              [
                94.63404118088562,
                70.30989325629344
              ],
              [
                94.63003727618025,
                70.31762946234815
              ],
              [
                94.6301674844633,
                70.32395982530383
              ],
              [
                94.62290837268051,
                70.33092495388459
              ],
              [
                94.61105941891873,
                70.32788540310338
              ],
              [
                94.59784327818414,
                70.32815497504345
              ],
              [
                94.57388495409396,
                70.34050645616338
              ],
              [
                94.56193834411954,
                70.3434168158638
              ],
              [
                94.57534979727888,
                70.35631964789496
              ],
              [
                94.58430161674193,
                70.3592157660591
              ],
              [
                94.58840317765947,
                70.36133978949658
              ],
              [
                94.62167139399116,
                70.36351060655392
              ],
              [
                94.6301674844633,
                70.36333767361128
              ],
              [
                94.63527815957497,
                70.36865281846795
              ],
              [
                94.64449039560435,
                70.37750596788197
              ],
              [
                94.64777815475236,
                70.38432156032991
              ],
              [
                94.65907372331122,
                70.38409064398866
              ],
              [
                94.6634031487244,
                70.38670701768672
              ],
              [
                94.65259586122721,
                70.39708909776493
              ],
              [
                94.62824691228752,
                70.39659166124147
              ],
              [
                94.61590967746412,
                70.40293931749136
              ],
              [
                94.58257635699084,
                70.40892686631949
              ],
              [
                94.57128078843203,
                70.4165979682075
              ],
              [
                94.56346829144604,
                70.41129909939238
              ],
              [
                94.55266100394886,
                70.40925645616326
              ],
              [
                94.53671048926935,
                70.41748297797315
              ],
              [
                94.53006986683124,
                70.41963243272573
              ],
              [
                94.52596830591358,
                70.42175645616322
              ],
              [
                94.51730945508774,
                70.42379909939245
              ],
              [
                94.49715972327806,
                70.41690823025192
              ],
              [
                94.48514800916229,
                70.41998541937951
              ],
              [
                94.47792144945032,
                70.41750739203565
              ],
              [
                94.47056468145519,
                70.41765794542107
              ],
              [
                94.46763499508558,
                70.42413784450966
              ],
              [
                94.49322092271444,
                70.4236159939237
              ],
              [
                94.48215321865086,
                70.42898607042105
              ],
              [
                94.47502431515124,
                70.43265631781694
              ],
              [
                94.459627185675,
                70.42641750759552
              ],
              [
                94.45301911530765,
                70.4195103624132
              ],
              [
                94.42053214867457,
                70.4089746771919
              ],
              [
                94.41753735816332,
                70.40281216091586
              ],
              [
                94.41141756885759,
                70.39691006130647
              ],
              [
                94.4087808511249,
                70.39149624294717
              ],
              [
                94.40074048964362,
                70.38621771918409
              ],
              [
                94.39071445184493,
                70.38642218695747
              ],
              [
                94.37687982176584,
                70.3808191596138
              ],
              [
                94.36346836860668,
                70.37171576605908
              ],
              [
                94.33013504813323,
                70.36938727484812
              ],
              [
                94.33495275460808,
                70.36006008572059
              ],
              [
                94.34680170836998,
                70.35717312282998
              ],
              [
                94.3509032692877,
                70.35504909939249
              ],
              [
                94.35721837101772,
                70.35300645616326
              ],
              [
                94.35926915147667,
                70.34027147081167
              ],
              [
                94.36568190941938,
                70.33413336859815
              ],
              [
                94.37378737504224,
                70.33429816352003
              ],
              [
                94.37824700873836,
                70.33200425889768
              ],
              [
                94.38423658976069,
                70.3196324327258
              ],
              [
                94.38645013057356,
                70.3153742133247
              ],
              [
                94.39898267782183,
                70.31130215115022
              ],
              [
                94.40520012333968,
                70.30483649359812
              ],
              [
                94.40500481091516,
                70.29515835232218
              ],
              [
                94.41649569189855,
                70.29235582139759
              ],
              [
                94.4301024574824,
                70.29263353135858
              ],
              [
                94.43697094441575,
                70.29249315049918
              ],
              [
                94.45373526086462,
                70.28819424099402
              ],
              [
                94.46548655841423,
                70.2821324327258
              ],
              [
                94.4760008772746,
                70.27957404242628
              ],
              [
                94.47590322106214,
                70.27580613878047
              ],
              [
                94.4550698957666,
                70.26758978949658
              ],
              [
                94.45406078157254,
                70.26652777777784
              ],
              [
                94.45298656323689,
                70.26550645616328
              ],
              [
                94.45090323070741,
                70.25909674750443
              ],
              [
                94.4418212029612,
                70.25036566840285
              ],
              [
                94.41965324276367,
                70.24675645616327
              ],
              [
                94.41346834931659,
                70.24254909939239
              ],
              [
                94.38208815308963,
                70.24035590277785
              ],
              [
                94.38212705710106,
                70.2384958040147
              ],
              [
                94.41917692525729,
                70.24005961495587
              ],
              [
                94.69985035698795,
                70.25190635572119
              ],
              [
                94.69055157575042,
                70.25508978949662
              ]
            ],
            [
              [
                95.42427525101124,
                70.29048611111136
              ],
              [
                95.4094966108795,
                70.30416307237425
              ],
              [
                95.40822708011916,
                70.30819444444447
              ],
              [
                95.39982864585943,
                70.31724595811639
              ],
              [
                95.37495886378758,
                70.32022345648878
              ],
              [
                95.36965287625134,
                70.3279464382596
              ],
              [
                95.36633256503222,
                70.33836310492626
              ],
              [
                95.35923621360342,
                70.33635911729601
              ],
              [
                95.35139116454661,
                70.33221177842893
              ],
              [
                95.34683387463815,
                70.33203172471795
              ],
              [
                95.3377192948214,
                70.3383071560331
              ],
              [
                95.32700966353639,
                70.33873236762162
              ],
              [
                95.31073362814914,
                70.33446601019969
              ],
              [
                95.29064900048121,
                70.3306330023872
              ],
              [
                95.2876542099699,
                70.32122239854604
              ],
              [
                95.27808390116223,
                70.32458034939248
              ],
              [
                95.26340291724267,
                70.32177578396272
              ],
              [
                95.25552531611532,
                70.31760911729612
              ],
              [
                95.22964641984942,
                70.32030890570752
              ],
              [
                95.22180137079289,
                70.32756700303821
              ],
              [
                95.22893027429251,
                70.33199510362417
              ],
              [
                95.24618287180311,
                70.32594245062936
              ],
              [
                95.25090292206534,
                70.3330683051216
              ],
              [
                95.24680136114767,
                70.3342757839628
              ],
              [
                95.22964641984942,
                70.33700710720504
              ],
              [
                95.21548626906264,
                70.34252977159298
              ],
              [
                95.20373497151292,
                70.34875027126745
              ],
              [
                95.1930253402279,
                70.34917446560337
              ],
              [
                95.1863847177899,
                70.34461310492628
              ],
              [
                95.1718013900828,
                70.33603969997836
              ],
              [
                95.17590295100041,
                70.33211310492632
              ],
              [
                95.18840294617809,
                70.32476447211374
              ],
              [
                95.1862219574362,
                70.3237004258898
              ],
              [
                95.18010216813047,
                70.32394354926217
              ],
              [
                95.17385217054169,
                70.32369533962674
              ],
              [
                95.16955529719951,
                70.32386522081168
              ],
              [
                95.16988081790731,
                70.31565294053829
              ],
              [
                95.16314253925697,
                70.31209052191855
              ],
              [
                95.11665818219075,
                70.31940049913203
              ],
              [
                95.08465949661928,
                70.32067003038202
              ],
              [
                95.0891191303154,
                70.31221971299922
              ],
              [
                95.08221809131106,
                70.30219672309033
              ],
              [
                95.08895636996135,
                70.29846849229602
              ],
              [
                95.10285610418208,
                70.29901882595493
              ],
              [
                95.10923631005397,
                70.28696845160599
              ],
              [
                95.1029863124653,
                70.28273362901481
              ],
              [
                95.08853319304131,
                70.28779852973096
              ],
              [
                95.0882402244045,
                70.2802728949653
              ],
              [
                95.0946529823471,
                70.27586310492632
              ],
              [
                95.10715297752455,
                70.27190802680121
              ],
              [
                95.10725985294181,
                70.26910240685481
              ],
              [
                95.41522671687073,
                70.28210115625113
              ],
              [
                95.42427525101124,
                70.29048611111136
              ]
            ],
            [
              [
                97.23843470735375,
                70.359341905382
              ],
              [
                97.22027065186143,
                70.35897162543407
              ],
              [
                97.20516649102211,
                70.36509955512156
              ],
              [
                97.20506883480977,
                70.36131944444446
              ],
              [
                97.20514836141061,
                70.3576506572578
              ],
              [
                97.24301087566492,
                70.35924876858715
              ],
              [
                97.23843470735375,
                70.359341905382
              ]
            ],
            [
              [
                97.77114934558114,
                70.38242845323367
              ],
              [
                97.75441758120286,
                70.39981330023875
              ],
              [
                97.74680039664162,
                70.3946324327257
              ],
              [
                97.7384019623816,
                70.39258978949655
              ],
              [
                97.72284207255149,
                70.38585659450959
              ],
              [
                97.70275744488333,
                70.3793360053169
              ],
              [
                97.702771621878,
                70.37865447557148
              ],
              [
                97.77282615735662,
                70.38161135651362
              ],
              [
                97.77114934558114,
                70.38242845323367
              ]
            ]
          ],
          [
            [
              [
                94.07580571917083,
                58.673168402777804
              ],
              [
                94.10132654265834,
                58.67111965603303
              ],
              [
                94.11262211121715,
                58.66226548936632
              ],
              [
                94.15158693993425,
                58.658686794704835
              ],
              [
                94.16753745461398,
                58.648742133246515
              ],
              [
                94.18140463676383,
                58.6425511338976
              ],
              [
                94.20516764842944,
                58.64056342230904
              ],
              [
                94.21522623829873,
                58.634958360460075
              ],
              [
                94.23700357364709,
                58.63098293728302
              ],
              [
                94.24377440436814,
                58.627217068142414
              ],
              [
                94.24670409073775,
                58.61749213324654
              ],
              [
                94.24891763155068,
                58.61348008897568
              ],
              [
                94.250870755797,
                58.60499213324658
              ],
              [
                94.26141762672813,
                58.60306342230902
              ],
              [
                94.26337075097462,
                58.601073676215265
              ],
              [
                94.25165200549549,
                58.58693589952256
              ],
              [
                94.23628742809001,
                58.5780634223091
              ],
              [
                94.23531086596682,
                58.57694444444451
              ],
              [
                94.22170410038296,
                58.57790879991322
              ],
              [
                94.21516113415714,
                58.58254136827264
              ],
              [
                94.19676921416954,
                58.58106635199658
              ],
              [
                94.18225099060396,
                58.58639675564234
              ],
              [
                94.1696207871434,
                58.588325466579875
              ],
              [
                94.16558433036732,
                58.59056342230906
              ],
              [
                94.15386558488848,
                58.59270168728304
              ],
              [
                94.14077965243706,
                58.59751125759553
              ],
              [
                94.11496586031285,
                58.59543809678826
              ],
              [
                94.09048670309033,
                58.59923651801219
              ],
              [
                94.08049321736252,
                58.59843288845491
              ],
              [
                94.05715338261717,
                58.60124457465281
              ],
              [
                94.04683437618132,
                58.60931342230907
              ],
              [
                94.03609219282572,
                58.6117588975695
              ],
              [
                94.01991381365076,
                58.625131700303825
              ],
              [
                94.01206876459412,
                58.64269761827262
              ],
              [
                94.02798672720286,
                58.65641221788195
              ],
              [
                94.03052578872342,
                58.673066677517426
              ],
              [
                94.04999192704673,
                58.67748969184029
              ],
              [
                94.0572184867587,
                58.66911159939241
              ],
              [
                94.07580571917083,
                58.673168402777804
              ]
            ]
          ],
          [
            [
              [
                93.18837116571223,
                58.850825466579806
              ],
              [
                93.20822792888481,
                58.84630886501736
              ],
              [
                93.2342044813629,
                58.836242133246515
              ],
              [
                93.24592322684174,
                58.83410386827265
              ],
              [
                93.26112504389357,
                58.828515082465344
              ],
              [
                93.27808467276719,
                58.82389675564241
              ],
              [
                93.2859948259653,
                58.818305935329846
              ],
              [
                93.31092971217873,
                58.81375678168405
              ],
              [
                93.32089064583585,
                58.80169826931427
              ],
              [
                93.31083205596633,
                58.79607693142364
              ],
              [
                93.27811722483801,
                58.78848008897572
              ],
              [
                93.25920447171785,
                58.790408799913166
              ],
              [
                93.24891801735305,
                58.79473008897577
              ],
              [
                93.24253781148116,
                58.79665879991322
              ],
              [
                93.23602739732627,
                58.7990452745226
              ],
              [
                93.22805213998657,
                58.798402370876715
              ],
              [
                93.20725136676145,
                58.80162706163193
              ],
              [
                93.20920449100805,
                58.79874213324652
              ],
              [
                93.21682167556929,
                58.79396308051216
              ],
              [
                93.2043867845332,
                58.79496202256942
              ],
              [
                93.19536986092862,
                58.792245958116354
              ],
              [
                93.19266803905435,
                58.78624213324656
              ],
              [
                93.18947793611841,
                58.7811111111111
              ],
              [
                93.18628783318246,
                58.782075466579926
              ],
              [
                93.18026570008936,
                58.78543240017359
              ],
              [
                93.17160684926324,
                58.78928982204869
              ],
              [
                93.16558471616986,
                58.79264675564235
              ],
              [
                93.14068238202731,
                58.79923244900172
              ],
              [
                93.12251832653504,
                58.81395412868929
              ],
              [
                93.13212118741342,
                58.82620388454865
              ],
              [
                93.12935426139768,
                58.83476304796008
              ],
              [
                93.11558473546,
                58.840563422309
              ],
              [
                93.10100140775285,
                58.84495388454866
              ],
              [
                93.11174359110868,
                58.85562282986109
              ],
              [
                93.13322795781988,
                58.85389756944443
              ],
              [
                93.16672403864703,
                58.85659125434029
              ],
              [
                93.18225137640644,
                58.85306342230908
              ],
              [
                93.18837116571223,
                58.850825466579806
              ]
            ]
          ],
          [
            [
              [
                92.22904536394753,
                59.19601793077257
              ],
              [
                92.23485590858087,
                59.18771511501737
              ],
              [
                92.23179601392803,
                59.179221055772615
              ],
              [
                92.23246333137894,
                59.168218451605924
              ],
              [
                92.22391841280063,
                59.15292711046007
              ],
              [
                92.21962153945833,
                59.1467951117622
              ],
              [
                92.21635005634556,
                59.13965399848087
              ],
              [
                92.20697505996236,
                59.13534898546004
              ],
              [
                92.19497962188188,
                59.12463121202259
              ],
              [
                92.19104082131815,
                59.116045600043435
              ],
              [
                92.17170489127813,
                59.113461778428814
              ],
              [
                92.17072832915477,
                59.112361111111085
              ],
              [
                92.16558510197228,
                59.113461778428814
              ],
              [
                92.14699786956015,
                59.11563869900178
              ],
              [
                92.13134032351735,
                59.122822536892386
              ],
              [
                92.11983316649861,
                59.13310492621531
              ],
              [
                92.10713785889646,
                59.15059149848088
              ],
              [
                92.09058513090764,
                59.15368394639765
              ],
              [
                92.0931567444988,
                59.16104275173615
              ],
              [
                92.09989502314914,
                59.161443549262174
              ],
              [
                92.10710530682576,
                59.161014268663195
              ],
              [
                92.10725179114428,
                59.16344550238722
              ],
              [
                92.10308512608509,
                59.17507473415802
              ],
              [
                92.10712158286111,
                59.178045111762174
              ],
              [
                92.113501788733,
                59.18001044379341
              ],
              [
                92.12243733216059,
                59.18626044379346
              ],
              [
                92.14058511161755,
                59.1842951117622
              ],
              [
                92.146704900923,
                59.18209377712674
              ],
              [
                92.15308510679489,
                59.18012844509548
              ],
              [
                92.16501544073367,
                59.171795111762236
              ],
              [
                92.16766843450199,
                59.1758437771268
              ],
              [
                92.17137937057038,
                59.1839309353299
              ],
              [
                92.17587155633703,
                59.1863784450955
              ],
              [
                92.18031491399796,
                59.1884149848091
              ],
              [
                92.17037025637632,
                59.191487087673636
              ],
              [
                92.16682208066192,
                59.198001573350666
              ],
              [
                92.17714108709748,
                59.21057481553825
              ],
              [
                92.16885658508522,
                59.21798448350694
              ],
              [
                92.1742439527984,
                59.23300116644967
              ],
              [
                92.17357663534762,
                59.24420315212677
              ],
              [
                92.20643795079462,
                59.25176133897568
              ],
              [
                92.23064041541551,
                59.25320380316842
              ],
              [
                92.24584223246723,
                59.250367702907994
              ],
              [
                92.25087152740196,
                59.24109239366325
              ],
              [
                92.24808832535064,
                59.23127387152783
              ],
              [
                92.23265864380363,
                59.227682969835115
              ],
              [
                92.22974523346926,
                59.21824693467886
              ],
              [
                92.21975174774138,
                59.21126044379338
              ],
              [
                92.2120694590385,
                59.20888821072057
              ],
              [
                92.20834224693488,
                59.2007847764757
              ],
              [
                92.19792558428696,
                59.19416246202263
              ],
              [
                92.22904536394753,
                59.19601793077257
              ]
            ]
          ],
          [
            [
              [
                92.14955320711596,
                59.37678575303818
              ],
              [
                92.131324047482,
                59.373304714626784
              ],
              [
                92.12497639368087,
                59.36644843207469
              ],
              [
                92.12173746263875,
                59.36344346788192
              ],
              [
                92.12072834844497,
                59.36236111111114
              ],
              [
                92.11639892303174,
                59.36373033311634
              ],
              [
                92.11346923666218,
                59.36916246202259
              ],
              [
                92.12365803481453,
                59.3824335394965
              ],
              [
                92.10319905833279,
                59.38162380642365
              ],
              [
                92.10096924148468,
                59.38651272243922
              ],
              [
                92.12198160316967,
                59.3964248318143
              ],
              [
                92.13430256195801,
                59.39877875434024
              ],
              [
                92.14598875536609,
                59.4012221950955
              ],
              [
                92.15531492364295,
                59.40085394965283
              ],
              [
                92.15497312689985,
                59.39256944444449
              ],
              [
                92.15539630381994,
                59.38218939887153
              ],
              [
                92.14955320711596,
                59.37678575303818
              ]
            ]
          ],
          [
            [
              [
                92.24078038546168,
                59.37636257595486
              ],
              [
                92.21127193330454,
                59.37389675564236
              ],
              [
                92.21031164721671,
                59.3727777777778
              ],
              [
                92.20518469606975,
                59.37389675564236
              ],
              [
                92.1865974636575,
                59.3763300238715
              ],
              [
                92.1760180406556,
                59.38223008897572
              ],
              [
                92.16351804547827,
                59.385070258246515
              ],
              [
                92.16789629899733,
                59.38879747178822
              ],
              [
                92.18418861042011,
                59.38748928493925
              ],
              [
                92.18194251753664,
                59.393497178819416
              ],
              [
                92.17393470812618,
                59.40040432400181
              ],
              [
                92.17873613856534,
                59.40184068467886
              ],
              [
                92.21774979538873,
                59.40535427517361
              ],
              [
                92.22585526101176,
                59.400825466579846
              ],
              [
                92.23563715827942,
                59.39860582139761
              ],
              [
                92.2383552561891,
                59.39249213324652
              ],
              [
                92.24460525377782,
                59.3836766221788
              ],
              [
                92.24078038546168,
                59.37636257595486
              ]
            ]
          ],
          [
            [
              [
                92.50502181997518,
                59.43639675564242
              ],
              [
                92.5040615338873,
                59.43527777777783
              ],
              [
                92.49408432419483,
                59.43629503038193
              ],
              [
                92.48614161892579,
                59.44072007921008
              ],
              [
                92.47697821100274,
                59.43998358832465
              ],
              [
                92.45904202000594,
                59.441424018012185
              ],
              [
                92.44655830086373,
                59.45120388454862
              ],
              [
                92.4426846044417,
                59.45873358832466
              ],
              [
                92.45140855940934,
                59.46136013454864
              ],
              [
                92.45834215048421,
                59.46942084418404
              ],
              [
                92.46127183685411,
                59.47598008897572
              ],
              [
                92.47339748321764,
                59.49539130316845
              ],
              [
                92.48649969170441,
                59.502947455512185
              ],
              [
                92.51937728318677,
                59.5049921332465
              ],
              [
                92.53031477896712,
                59.49643500434024
              ],
              [
                92.53418847538921,
                59.480628933376806
              ],
              [
                92.52714095206653,
                59.47067613389757
              ],
              [
                92.53931542653635,
                59.454060329861164
              ],
              [
                92.54252180550765,
                59.446365831163234
              ],
              [
                92.52985904997621,
                59.44071601019971
              ],
              [
                92.50502181997518,
                59.43639675564242
              ]
            ]
          ],
          [
            [
              [
                91.86996347123232,
                59.45614366319447
              ],
              [
                91.84252207556926,
                59.44889675564238
              ],
              [
                91.83643483833441,
                59.446658799913195
              ],
              [
                91.83002208039176,
                59.444730088975746
              ],
              [
                91.82906179430381,
                59.44361111111115
              ],
              [
                91.81293224323508,
                59.445198025173625
              ],
              [
                91.79621675489227,
                59.443855251736125
              ],
              [
                91.79268485521328,
                59.445440131293395
              ],
              [
                91.7976164939356,
                59.45427598741324
              ],
              [
                91.78402600438716,
                59.46976264105902
              ],
              [
                91.78435152509479,
                59.47375434027785
              ],
              [
                91.80726818292038,
                59.47999213324658
              ],
              [
                91.8137623210398,
                59.48237860785588
              ],
              [
                91.8195728656732,
                59.481910671658
              ],
              [
                91.83283783451378,
                59.49326727973096
              ],
              [
                91.83781830134234,
                59.504420437283045
              ],
              [
                91.853101498571,
                59.511242133246554
              ],
              [
                91.85710540327625,
                59.51348008897571
              ],
              [
                91.87229094429256,
                59.51693060980904
              ],
              [
                91.88568612141654,
                59.51201117621531
              ],
              [
                91.89838142901868,
                59.50150702582465
              ],
              [
                91.90293871892715,
                59.489757758246526
              ],
              [
                91.88967375008639,
                59.46848904079866
              ],
              [
                91.86996347123232,
                59.45614366319447
              ]
            ]
          ],
          [
            [
              [
                92.2822517236288,
                59.56395209418403
              ],
              [
                92.28425367598135,
                59.57622219509554
              ],
              [
                92.29247307385202,
                59.583564724392375
              ],
              [
                92.29587476524785,
                59.59459377712676
              ],
              [
                92.305038173171,
                59.58865302191845
              ],
              [
                92.30100171639498,
                59.57792711046005
              ],
              [
                92.28739495081106,
                59.5623611111111
              ],
              [
                92.2822517236288,
                59.56395209418403
              ]
            ]
          ],
          [
            [
              [
                91.53835552625088,
                59.67582546657994
              ],
              [
                91.52810162395667,
                59.68223008897573
              ],
              [
                91.52030540300638,
                59.68570705837675
              ],
              [
                91.51143496372032,
                59.69703721788193
              ],
              [
                91.51752220095506,
                59.70098008897574
              ],
              [
                91.52393495889777,
                59.702908799913274
              ],
              [
                91.530754617725,
                59.70671739366324
              ],
              [
                91.54003195789568,
                59.69486843532991
              ],
              [
                91.54664002826303,
                59.68302761501738
              ],
              [
                91.54364523775172,
                59.67486111111111
              ],
              [
                91.53835552625088,
                59.67582546657994
              ]
            ]
          ],
          [
            [
              [
                92.13718342022139,
                59.754214952256945
              ],
              [
                92.16060463514384,
                59.7492100694445
              ],
              [
                92.18212155392587,
                59.73417711046011
              ],
              [
                92.19460527306802,
                59.73184760199655
              ],
              [
                92.20520097210499,
                59.723638373480924
              ],
              [
                92.21119055312761,
                59.723996446397564
              ],
              [
                92.2154548743992,
                59.72167711046012
              ],
              [
                92.22500890717151,
                59.7187291124132
              ],
              [
                92.22795486957665,
                59.709177110460075
              ],
              [
                92.23153559736181,
                59.70259548611108
              ],
              [
                92.22777583318725,
                59.69213202582469
              ],
              [
                92.2154548743992,
                59.6842951117622
              ],
              [
                92.2052986283174,
                59.67641954210069
              ],
              [
                92.18628821898494,
                59.67387844509554
              ],
              [
                92.18531165686181,
                59.67277777777781
              ],
              [
                92.17378822380755,
                59.673760443793384
              ],
              [
                92.16766843450199,
                59.67596177842876
              ],
              [
                92.15075763373449,
                59.67989447699654
              ],
              [
                92.14504474531356,
                59.686282823350666
              ],
              [
                92.13776935749542,
                59.68853298611114
              ],
              [
                92.13070555813744,
                59.696435004340316
              ],
              [
                92.12718993449357,
                59.69876044379342
              ],
              [
                92.1117114248404,
                59.69320421006944
              ],
              [
                92.08285401409859,
                59.69492336697047
              ],
              [
                92.06888917573627,
                59.69993231879346
              ],
              [
                92.05817954445126,
                59.70574896918407
              ],
              [
                92.05516847790472,
                59.71554511176217
              ],
              [
                92.05101808888088,
                59.72317450629342
              ],
              [
                92.06013266869786,
                59.736225857204886
              ],
              [
                92.05712160215131,
                59.74461005316843
              ],
              [
                92.05733319061119,
                59.74809922960074
              ],
              [
                92.10070882491846,
                59.758194444444456
              ],
              [
                92.11364827305152,
                59.75281317816851
              ],
              [
                92.13718342022139,
                59.754214952256945
              ]
            ]
          ],
          [
            [
              [
                92.43062406221969,
                59.7781712510851
              ],
              [
                92.43656481513614,
                59.77793728298616
              ],
              [
                92.43622301839281,
                59.76955105251733
              ],
              [
                92.44245673994612,
                59.757763129340304
              ],
              [
                92.44465400472365,
                59.75086208767365
              ],
              [
                92.44729072245633,
                59.74587754991322
              ],
              [
                92.46576402262093,
                59.73501736111112
              ],
              [
                92.46543850191301,
                59.7271458604601
              ],
              [
                92.45368720436358,
                59.72342068142365
              ],
              [
                92.43869697577185,
                59.72401475694443
              ],
              [
                92.42932197938865,
                59.7190566677518
              ],
              [
                92.42697823029295,
                59.71652777777783
              ],
              [
                92.41965401436863,
                59.717528754340265
              ],
              [
                92.41268787122266,
                59.71997016059032
              ],
              [
                92.39930897013443,
                59.72917833116321
              ],
              [
                92.40424060885675,
                59.73851671006943
              ],
              [
                92.39759998641881,
                59.75107571072053
              ],
              [
                92.39177316575018,
                59.75502875434026
              ],
              [
                92.38775298500951,
                59.742306993272564
              ],
              [
                92.37102122063135,
                59.74297024197048
              ],
              [
                92.36442942629924,
                59.750080837673664
              ],
              [
                92.36812408633227,
                59.7677586534289
              ],
              [
                92.38975493736194,
                59.79186550564245
              ],
              [
                92.4001553239745,
                59.79461208767367
              ],
              [
                92.40946521621623,
                59.78819932725702
              ],
              [
                92.40913969550832,
                59.77995958116324
              ],
              [
                92.41537341706157,
                59.774177517361096
              ],
              [
                92.43062406221969,
                59.7781712510851
              ]
            ]
          ],
          [
            [
              [
                91.96436447647869,
                59.8252639431424
              ],
              [
                91.97168869240306,
                59.81303249782991
              ],
              [
                91.95759364575758,
                59.80673773871533
              ],
              [
                91.95518479252047,
                59.79874213324658
              ],
              [
                91.95253179875232,
                59.791527777777844
              ],
              [
                91.95677984398827,
                59.77995347764761
              ],
              [
                91.94572841596045,
                59.7658380805122
              ],
              [
                91.9524178665045,
                59.76285346137155
              ],
              [
                91.95995367088881,
                59.754117296007024
              ],
              [
                91.95909104101332,
                59.74355821397569
              ],
              [
                91.94043870445932,
                59.738480088975734
              ],
              [
                91.93947841837144,
                59.73736111111114
              ],
              [
                91.93210537434112,
                59.73832546657988
              ],
              [
                91.92346279955046,
                59.7450901963976
              ],
              [
                91.92399990871826,
                59.751671820746594
              ],
              [
                91.94195237575042,
                59.7620193142362
              ],
              [
                91.9201587643667,
                59.76026963975693
              ],
              [
                91.91001879432059,
                59.772047390408034
              ],
              [
                91.89989510030955,
                59.771233588324634
              ],
              [
                91.89607023199363,
                59.779790717230895
              ],
              [
                91.8876555216982,
                59.7820754665799
              ],
              [
                91.88003833713697,
                59.77323961046005
              ],
              [
                91.87072844489552,
                59.773986273871515
              ],
              [
                91.86228118252956,
                59.77330674913193
              ],
              [
                91.85385019619872,
                59.76352891710067
              ],
              [
                91.84598887110684,
                59.76139675564235
              ],
              [
                91.83715098389132,
                59.77165066189241
              ],
              [
                91.82793874786222,
                59.77374213324654
              ],
              [
                91.82408132747548,
                59.77821804470483
              ],
              [
                91.81908458461163,
                59.78252305772574
              ],
              [
                91.81239513406723,
                59.78198594835072
              ],
              [
                91.80752859948649,
                59.78237657335072
              ],
              [
                91.81176036868732,
                59.79787543402779
              ],
              [
                91.82033783933645,
                59.80997870551221
              ],
              [
                91.83851817086384,
                59.8174921332465
              ],
              [
                91.84608652731919,
                59.82285915798616
              ],
              [
                91.85655201807299,
                59.81901597764755
              ],
              [
                91.86543873339468,
                59.82598008897571
              ],
              [
                91.88094979511868,
                59.83458604600699
              ],
              [
                91.88822518293682,
                59.83400214301213
              ],
              [
                91.89252205627923,
                59.83639675564237
              ],
              [
                91.92063076939297,
                59.83874660915805
              ],
              [
                91.93555589384317,
                59.837546251085115
              ],
              [
                91.95787033835933,
                59.82889146592882
              ],
              [
                91.96436447647869,
                59.8252639431424
              ]
            ]
          ],
          [
            [
              [
                92.17829668560984,
                59.84883572048611
              ],
              [
                92.16363197772597,
                59.85325263129343
              ],
              [
                92.1531990390427,
                59.86224107530387
              ],
              [
                92.15236896123798,
                59.872560085720494
              ],
              [
                92.16535723747705,
                59.88762763129344
              ],
              [
                92.19719316269453,
                59.89457546657991
              ],
              [
                92.20837479900553,
                59.89187567816842
              ],
              [
                92.21288326080781,
                59.88378648546012
              ],
              [
                92.21366451050659,
                59.874022894965265
              ],
              [
                92.21127193330466,
                59.86973008897573
              ],
              [
                92.20935136112882,
                59.86124213324652
              ],
              [
                92.19781165203932,
                59.84777777777782
              ],
              [
                92.17829668560984,
                59.84883572048611
              ]
            ]
          ],
          [
            [
              [
                91.93689052874493,
                59.97017157660596
              ],
              [
                91.92940355246691,
                59.96060533311643
              ],
              [
                91.91032803899282,
                59.95486395941845
              ],
              [
                91.90066007397292,
                59.949462348090265
              ],
              [
                91.89431242017184,
                59.94681342230905
              ],
              [
                91.88978768233409,
                59.95696356879344
              ],
              [
                91.87933846761547,
                59.95915879991324
              ],
              [
                91.87393482386682,
                59.9496820746528
              ],
              [
                91.88125903979108,
                59.936539171006956
              ],
              [
                91.87377206351289,
                59.925980088975734
              ],
              [
                91.87163990287723,
                59.92119086371528
              ],
              [
                91.86639901948257,
                59.91668240017367
              ],
              [
                91.86174407336176,
                59.911264512803825
              ],
              [
                91.83418874545094,
                59.909313422309054
              ],
              [
                91.83322845936306,
                59.90819444444446
              ],
              [
                91.8216887502735,
                59.9091587999132
              ],
              [
                91.80669852168177,
                59.91148423936636
              ],
              [
                91.79792573860789,
                59.925497911241365
              ],
              [
                91.78531181118274,
                59.931127387152856
              ],
              [
                91.77732027780763,
                59.94388576931428
              ],
              [
                91.77393486244705,
                59.9551467556424
              ],
              [
                91.77103772814809,
                59.963018256293424
              ],
              [
                91.7469166437042,
                59.96108140733514
              ],
              [
                91.74060154197366,
                59.96556342230906
              ],
              [
                91.73002211897204,
                59.96749213324651
              ],
              [
                91.72258397080009,
                59.970226508246526
              ],
              [
                91.71182551140896,
                59.96422878689239
              ],
              [
                91.7093515540302,
                59.96951036241322
              ],
              [
                91.72399998587866,
                59.982140570746566
              ],
              [
                91.73881117808105,
                59.98832546657991
              ],
              [
                91.7437753688742,
                59.97719468858514
              ],
              [
                91.76858004680474,
                59.98296047634554
              ],
              [
                91.78098238576973,
                59.98751573350697
              ],
              [
                91.79364514130117,
                59.99132432725693
              ],
              [
                91.80666596961095,
                59.99027655707468
              ],
              [
                91.8175220852143,
                59.9926467556424
              ],
              [
                91.83228444931058,
                59.99489691840279
              ],
              [
                91.84401947082483,
                59.9939529079862
              ],
              [
                91.85502207074677,
                60.003063422309054
              ],
              [
                91.86560149374839,
                60.011242133246526
              ],
              [
                91.87775969218274,
                60.02129665798617
              ],
              [
                91.88851815157386,
                60.0237421332466
              ],
              [
                91.89460538880871,
                60.02598008897567
              ],
              [
                91.91351814192876,
                60.02790879991332
              ],
              [
                91.92375576818733,
                60.03166856553818
              ],
              [
                91.94584234820798,
                60.02989244249133
              ],
              [
                91.95339442862786,
                60.02113796657983
              ],
              [
                91.95288987153077,
                60.01486558702257
              ],
              [
                91.93793219500975,
                60.008194444444484
              ],
              [
                91.93900641334545,
                59.994776882595545
              ],
              [
                91.93602789886944,
                59.9810663519965
              ],
              [
                91.93689052874493,
                59.97017157660596
              ]
            ]
          ],
          [
            [
              [
                119.79246246428426,
                60.045545925564284
              ],
              [
                119.79021637140073,
                60.0392532009549
              ],
              [
                119.78119944779615,
                60.035780300564255
              ],
              [
                119.75704581128127,
                60.03226874457471
              ],
              [
                119.75613435329956,
                60.03111111111113
              ],
              [
                119.74897289772917,
                60.033163926866365
              ],
              [
                119.75180492788667,
                60.038209499782994
              ],
              [
                119.75938956037709,
                60.040370144314295
              ],
              [
                119.76756013014159,
                60.046343451605935
              ],
              [
                119.78321767618411,
                60.044394395616365
              ],
              [
                119.79246246428426,
                60.045545925564284
              ]
            ]
          ],
          [
            [
              [
                91.71132095431187,
                60.075943467881956
              ],
              [
                91.70853775226084,
                60.06430202907984
              ],
              [
                91.69888606327612,
                60.05919542100699
              ],
              [
                91.69126887871488,
                60.056782497829914
              ],
              [
                91.68846940062821,
                60.050862087673664
              ],
              [
                91.68013607050989,
                60.03875271267367
              ],
              [
                91.6856210944353,
                60.03200018988716
              ],
              [
                91.69447525768618,
                60.03235215928825
              ],
              [
                91.69994400557636,
                60.024421657986096
              ],
              [
                91.69615168933097,
                60.008491482204846
              ],
              [
                91.68013607050989,
                59.99461208767366
              ],
              [
                91.67590430130923,
                59.9926101345487
              ],
              [
                91.67489518711511,
                59.991527777777804
              ],
              [
                91.66057227597429,
                59.996060655382024
              ],
              [
                91.64086199712034,
                60.01433458116321
              ],
              [
                91.64035744002337,
                60.026944444444496
              ],
              [
                91.64063413262483,
                60.03393093532986
              ],
              [
                91.63789975867974,
                60.04697007921004
              ],
              [
                91.6413340021466,
                60.05783026801217
              ],
              [
                91.65358985679302,
                60.072330186631916
              ],
              [
                91.65025326953884,
                60.08185980902783
              ],
              [
                91.65757748546315,
                60.08442735460068
              ],
              [
                91.67149349571929,
                60.083876003689284
              ],
              [
                91.65721941268441,
                60.093086208767346
              ],
              [
                91.67163998003758,
                60.10703884548613
              ],
              [
                91.68929947843287,
                60.114747585720465
              ],
              [
                91.70669856026205,
                60.118385281033
              ],
              [
                91.71446222914165,
                60.10369411892367
              ],
              [
                91.71010025165793,
                60.09123074001741
              ],
              [
                91.7238209494895,
                60.087965359158005
              ],
              [
                91.72180272110143,
                60.08627875434033
              ],
              [
                91.71511327055731,
                60.083119167751704
              ],
              [
                91.71132095431187,
                60.075943467881956
              ]
            ]
          ],
          [
            [
              [
                91.84878834919334,
                60.07804511176221
              ],
              [
                91.84781178707027,
                60.07694444444448
              ],
              [
                91.82587169136815,
                60.07792711046005
              ],
              [
                91.81329031601354,
                60.08244574652778
              ],
              [
                91.78982027298503,
                60.079676784939295
              ],
              [
                91.78114514612372,
                60.08019354926219
              ],
              [
                91.77310478464221,
                60.07971340603302
              ],
              [
                91.75912367024443,
                60.08270005967884
              ],
              [
                91.74016208901821,
                60.099244656032994
              ],
              [
                91.73610935620695,
                60.112369249132
              ],
              [
                91.73649998105628,
                60.118965115017375
              ],
              [
                91.75845635279376,
                60.12167711046007
              ],
              [
                91.78007092778813,
                60.11705878363716
              ],
              [
                91.78837170583569,
                60.11126044379341
              ],
              [
                91.79799084274947,
                60.10902452256943
              ],
              [
                91.82245372393669,
                60.09573106553819
              ],
              [
                91.84475189241732,
                60.09054511176217
              ],
              [
                91.85228769680174,
                60.087837185329846
              ],
              [
                91.85712167931166,
                60.08186998155384
              ],
              [
                91.84878834919334,
                60.07804511176221
              ]
            ]
          ],
          [
            [
              [
                91.34480091342476,
                60.100786810980935
              ],
              [
                91.32009389170679,
                60.09880927191847
              ],
              [
                91.30521759536276,
                60.093312038845454
              ],
              [
                91.3080984536262,
                60.08873033311633
              ],
              [
                91.31540639351522,
                60.08565416124131
              ],
              [
                91.31304636838394,
                60.0837091742622
              ],
              [
                91.30009064421569,
                60.08665310329866
              ],
              [
                91.28438427006694,
                60.08412014431423
              ],
              [
                91.26332308027582,
                60.08226874457466
              ],
              [
                91.26239534625876,
                60.0811111111112
              ],
              [
                91.25767529599631,
                60.082459988064244
              ],
              [
                91.26158154448916,
                60.10052029079864
              ],
              [
                91.2698009423599,
                60.10287014431424
              ],
              [
                91.27582307545327,
                60.1072687445747
              ],
              [
                91.29063426765566,
                60.10912014431426
              ],
              [
                91.29572866673203,
                60.11211493598091
              ],
              [
                91.30363881993014,
                60.10746405707465
              ],
              [
                91.30881459918345,
                60.106819118923596
              ],
              [
                91.31648061185086,
                60.10976508246543
              ],
              [
                91.3255138114908,
                60.108642035590265
              ],
              [
                91.3417735708428,
                60.12306871202259
              ],
              [
                91.36363228636782,
                60.12578681098094
              ],
              [
                91.36662707687913,
                60.11991115993925
              ],
              [
                91.35855416332714,
                60.11345770941844
              ],
              [
                91.36748970675472,
                60.11090440538197
              ],
              [
                91.36493436919875,
                60.10556586371527
              ],
              [
                91.34480091342476,
                60.100786810980935
              ]
            ]
          ],
          [
            [
              [
                91.96363205488643,
                60.09062649197051
              ],
              [
                91.96327398210798,
                60.084744737413246
              ],
              [
                91.9358163104095,
                60.08216498480908
              ],
              [
                91.92845954241437,
                60.073933376736136
              ],
              [
                91.92303962263037,
                60.07144924587672
              ],
              [
                91.9186450930759,
                60.06652777777782
              ],
              [
                91.90920499255122,
                60.067510443793395
              ],
              [
                91.89294523319933,
                60.07756700303821
              ],
              [
                91.87391854783147,
                60.0947117784288
              ],
              [
                91.86558521771303,
                60.095653754340304
              ],
              [
                91.8761158126087,
                60.08205512152779
              ],
              [
                91.8758553960426,
                60.07768093532991
              ],
              [
                91.86810800319819,
                60.07814276801213
              ],
              [
                91.85262949354478,
                60.09545844184035
              ],
              [
                91.85308522253564,
                60.103034939236125
              ],
              [
                91.84878834919334,
                60.10917711046011
              ],
              [
                91.84683522494691,
                60.11591742621533
              ],
              [
                91.86133717247714,
                60.115052761501744
              ],
              [
                91.86361581743137,
                60.12719468858515
              ],
              [
                91.86975188277222,
                60.130010443793424
              ],
              [
                91.88132414393277,
                60.13950547960073
              ],
              [
                91.88466073118707,
                60.15032497829867
              ],
              [
                91.89135018173118,
                60.15292711046004
              ],
              [
                91.9029549949625,
                60.148760443793435
              ],
              [
                91.91141853336393,
                60.146795111762174
              ],
              [
                91.9293058962545,
                60.13118842230904
              ],
              [
                91.94913010735627,
                60.12291612413202
              ],
              [
                91.95920497326102,
                60.09876044379345
              ],
              [
                91.96363205488643,
                60.09062649197051
              ]
            ]
          ],
          [
            [
              [
                91.73576755946374,
                60.28076524522572
              ],
              [
                91.74873955966734,
                60.26219631618929
              ],
              [
                91.74950453333071,
                60.24942572699658
              ],
              [
                91.73596287188849,
                60.23892768012155
              ],
              [
                91.72600193823138,
                60.23626044379341
              ],
              [
                91.70585220642198,
                60.232500678168435
              ],
              [
                91.69891861534694,
                60.23001044379345
              ],
              [
                91.6883717444158,
                60.22804511176221
              ],
              [
                91.68739518229268,
                60.226944444444484
              ],
              [
                91.65977475024039,
                60.22798407660591
              ],
              [
                91.63786720660886,
                60.230915798611164
              ],
              [
                91.62110289015993,
                60.24589382595488
              ],
              [
                91.61128844082145,
                60.26751044379347
              ],
              [
                91.60933531657486,
                60.27387844509556
              ],
              [
                91.60344339176487,
                60.282299262152804
              ],
              [
                91.60272724620773,
                60.294376085069445
              ],
              [
                91.61460875204051,
                60.301718614366365
              ],
              [
                91.62595314870549,
                60.29291937934033
              ],
              [
                91.63313088031128,
                60.299330105251784
              ],
              [
                91.62834572590731,
                60.30812730577256
              ],
              [
                91.64462176129467,
                60.31315456814241
              ],
              [
                91.63746030572423,
                60.31738430447052
              ],
              [
                91.62600197681161,
                60.3200515407986
              ],
              [
                91.62979429305688,
                60.32341661241321
              ],
              [
                91.6675221430848,
                60.32627509223093
              ],
              [
                91.6677825596509,
                60.32173611111108
              ],
              [
                91.66753841911998,
                60.317512478298625
              ],
              [
                91.67391862499187,
                60.31554511176219
              ],
              [
                91.6800384142976,
                60.313343777126704
              ],
              [
                91.69159439942251,
                60.311189236111176
              ],
              [
                91.70498957654638,
                60.303909776475734
              ],
              [
                91.71719660308673,
                60.29830674913194
              ],
              [
                91.72043553412891,
                60.28780056423611
              ],
              [
                91.73576755946374,
                60.28076524522572
              ]
            ]
          ],
          [
            [
              [
                91.60534768790501,
                60.36768134223095
              ],
              [
                91.57984314045319,
                60.36492051866321
              ],
              [
                91.56608989055076,
                60.366027289496515
              ],
              [
                91.55918885154671,
                60.35723008897577
              ],
              [
                91.54758403831534,
                60.34105984157992
              ],
              [
                91.52836204052295,
                60.330333930121526
              ],
              [
                91.50106712917858,
                60.324132758246606
              ],
              [
                91.49989525463059,
                60.32277777777779
              ],
              [
                91.49219668989235,
                60.323784857855884
              ],
              [
                91.48690697839157,
                60.329937201605986
              ],
              [
                91.47865502845008,
                60.33361558702259
              ],
              [
                91.47740177372526,
                60.34925889756943
              ],
              [
                91.48122664204118,
                60.35783433702255
              ],
              [
                91.5113210314725,
                60.36177313910588
              ],
              [
                91.51976829383852,
                60.36775865342884
              ],
              [
                91.54436138330885,
                60.373121609158034
              ],
              [
                91.56626892694015,
                60.37609402126736
              ],
              [
                91.57281189316586,
                60.375567084418435
              ],
              [
                91.59353128621376,
                60.37723334418408
              ],
              [
                91.60498961512656,
                60.37212266710068
              ],
              [
                91.60534768790501,
                60.36768134223095
              ]
            ]
          ],
          [
            [
              [
                122.84464227632856,
                60.37594346788197
              ],
              [
                122.84363316213438,
                60.37486111111116
              ],
              [
                122.81658239132071,
                60.37598619249141
              ],
              [
                122.81156937242162,
                60.37578681098091
              ],
              [
                122.80095739734901,
                60.378970811631945
              ],
              [
                122.80551468725747,
                60.38627875434025
              ],
              [
                122.81339228838476,
                60.38211005316845
              ],
              [
                122.81570348540976,
                60.38220160590282
              ],
              [
                122.81531286056054,
                60.3923130967882
              ],
              [
                122.81827509900114,
                60.39793850368923
              ],
              [
                122.84470738047008,
                60.405028754340265
              ],
              [
                122.85089227391722,
                60.407193467882024
              ],
              [
                122.87364617138888,
                60.409614529079846
              ],
              [
                122.90453808655383,
                60.408391791449674
              ],
              [
                122.9157034468297,
                60.400699327256945
              ],
              [
                122.9154104781926,
                60.393312038845465
              ],
              [
                122.8904755919794,
                60.38636013454871
              ],
              [
                122.88637403106173,
                60.38419542100695
              ],
              [
                122.86964226668357,
                60.38219346788199
              ],
              [
                122.85776076085074,
                60.3780349392361
              ],
              [
                122.84464227632856,
                60.37594346788197
              ]
            ]
          ],
          [
            [
              [
                91.70839126794232,
                60.42191718207468
              ],
              [
                91.73098240505993,
                60.41947170681425
              ],
              [
                91.73531183047288,
                60.419819607204886
              ],
              [
                91.73947849553207,
                60.41948594835074
              ],
              [
                91.74364516059126,
                60.419819607204886
              ],
              [
                91.76483655866565,
                60.41811876085072
              ],
              [
                91.76801038556613,
                60.40755764431432
              ],
              [
                91.77601819497664,
                60.40514675564242
              ],
              [
                91.78210543221161,
                60.402908799913234
              ],
              [
                91.79336844869954,
                60.400855984158
              ],
              [
                91.79973237853585,
                60.393456488715316
              ],
              [
                91.8032642782149,
                60.39041897243928
              ],
              [
                91.80287365336574,
                60.38552802191845
              ],
              [
                91.7787851209925,
                60.38005520290801
              ],
              [
                91.7571054418566,
                60.37806342230908
              ],
              [
                91.7561451557687,
                60.37694444444449
              ],
              [
                91.74877211173816,
                60.3779087999132
              ],
              [
                91.7447682070329,
                60.380146755642386
              ],
              [
                91.73627211656077,
                60.38207546657992
              ],
              [
                91.72902928081339,
                60.38473659939234
              ],
              [
                91.71260676110768,
                60.38341620551216
              ],
              [
                91.70373632182145,
                60.38836208767367
              ],
              [
                91.69097591007795,
                60.3906915961372
              ],
              [
                91.67601823355693,
                60.403063422309
              ],
              [
                91.6612721454959,
                60.40499213324654
              ],
              [
                91.65726824079064,
                60.40880683051216
              ],
              [
                91.67173763624999,
                60.421280381944456
              ],
              [
                91.68101497642078,
                60.41470893012158
              ],
              [
                91.69465429407529,
                60.42232408311634
              ],
              [
                91.70406184252937,
                60.42156928168404
              ],
              [
                91.70839126794232,
                60.42191718207468
              ]
            ]
          ],
          [
            [
              [
                91.39665636216881,
                60.414066026475695
              ],
              [
                91.38663032437006,
                60.4098464626737
              ],
              [
                91.38531196550377,
                60.40819444444446
              ],
              [
                91.37706001556228,
                60.40963080512151
              ],
              [
                91.37535103184666,
                60.42334133572055
              ],
              [
                91.3806407433475,
                60.43590643988719
              ],
              [
                91.39748643997348,
                60.44662014431427
              ],
              [
                91.4170014064029,
                60.44358262803826
              ],
              [
                91.42268174275301,
                60.430421413845465
              ],
              [
                91.40840765971842,
                60.41260321723095
              ],
              [
                91.39665636216881,
                60.414066026475695
              ]
            ]
          ],
          [
            [
              [
                122.90388704513828,
                60.43489122178818
              ],
              [
                122.91960969532266,
                60.43131863064241
              ],
              [
                122.91625683203267,
                60.42542263454865
              ],
              [
                122.90697949186205,
                60.426169297960115
              ],
              [
                122.89994824457472,
                60.41800686306422
              ],
              [
                122.88002637726066,
                60.413480088975746
              ],
              [
                122.87904981513742,
                60.41236111111118
              ],
              [
                122.8468558171412,
                60.41338650173611
              ],
              [
                122.84636753607953,
                60.41924587673614
              ],
              [
                122.85294305437611,
                60.4238967556424
              ],
              [
                122.87348341103484,
                60.429493679470454
              ],
              [
                122.8821097097902,
                60.4499343532986
              ],
              [
                122.88015658554377,
                60.45098008897577
              ],
              [
                122.8572399277183,
                60.45331773546013
              ],
              [
                122.859323260248,
                60.46196234809031
              ],
              [
                122.87120476608061,
                60.47577053493927
              ],
              [
                122.87598992048464,
                60.47790879991325
              ],
              [
                122.88862012394509,
                60.48685248480902
              ],
              [
                122.90932324095792,
                60.492492133246515
              ],
              [
                122.91446646814012,
                60.495354682074634
              ],
              [
                122.91960969532266,
                60.492492133246515
              ],
              [
                122.93197948221706,
                60.48967637803824
              ],
              [
                122.93243521120769,
                60.48406317816844
              ],
              [
                122.92602245326526,
                60.472543809678854
              ],
              [
                122.9236787041695,
                60.46231431749132
              ],
              [
                122.91235058353988,
                60.44915920681427
              ],
              [
                122.90486360726163,
                60.445814480251784
              ],
              [
                122.89265658072128,
                60.435312364366325
              ],
              [
                122.89460970496754,
                60.434148627387174
              ],
              [
                122.90388704513828,
                60.43489122178818
              ]
            ]
          ],
          [
            [
              [
                91.82951752329473,
                60.54032335069445
              ],
              [
                91.83210541292135,
                60.53308254665802
              ],
              [
                91.80887951042365,
                60.526089952256996
              ],
              [
                91.8127694828811,
                60.52273708767359
              ],
              [
                91.8278736437207,
                60.519306911892414
              ],
              [
                91.81086518674095,
                60.514188096788246
              ],
              [
                91.79034110611747,
                60.50554348415801
              ],
              [
                91.78210543221161,
                60.50306342230914
              ],
              [
                91.77601819497664,
                60.497743191189215
              ],
              [
                91.78833915376481,
                60.48712307400177
              ],
              [
                91.79043876232987,
                60.47828721788193
              ],
              [
                91.7808196254158,
                60.46599880642367
              ],
              [
                91.78851819015404,
                60.455146755642375
              ],
              [
                91.79043876232987,
                60.451254747178865
              ],
              [
                91.77896415738167,
                60.4440668402778
              ],
              [
                91.79060152268374,
                60.44056342230911
              ],
              [
                91.7925220948593,
                60.43687893337676
              ],
              [
                91.78210543221161,
                60.43223008897576
              ],
              [
                91.77185152991746,
                60.42374213324655
              ],
              [
                91.76543877197474,
                60.421813422309015
              ],
              [
                91.76447848588703,
                60.42069444444451
              ],
              [
                91.76127210691578,
                60.421658799913246
              ],
              [
                91.73617446034837,
                60.4243768988716
              ],
              [
                91.71976821667812,
                60.43639675564239
              ],
              [
                91.7133554587354,
                60.44040879991323
              ],
              [
                91.70585220642198,
                60.44573310004344
              ],
              [
                91.70761001824377,
                60.46758368598094
              ],
              [
                91.6963470017555,
                60.46963853624129
              ],
              [
                91.68788346335418,
                60.47946926540803
              ],
              [
                91.69305924260749,
                60.48676500108513
              ],
              [
                91.69182226391803,
                60.492492133246515
              ],
              [
                91.68353776190582,
                60.487875840928865
              ],
              [
                91.67593685337994,
                60.48848619249131
              ],
              [
                91.65664975144608,
                60.50569403754341
              ],
              [
                91.65734962096764,
                60.51444444444451
              ],
              [
                91.65679623576438,
                60.5214309353299
              ],
              [
                91.66687110166919,
                60.53361965603304
              ],
              [
                91.6912200506087,
                60.54765163845491
              ],
              [
                91.70648697180195,
                60.5511204698351
              ],
              [
                91.71986587289047,
                60.55947211371529
              ],
              [
                91.72489516782497,
                60.559069281684
              ],
              [
                91.73010349914904,
                60.55948635525178
              ],
              [
                91.73607680413613,
                60.55900824652778
              ],
              [
                91.74668877920868,
                60.563480088975666
              ],
              [
                91.75801689983831,
                60.56688991970492
              ],
              [
                91.78856701826027,
                60.570004747178814
              ],
              [
                91.79445894307048,
                60.56317084418404
              ],
              [
                91.81522716422472,
                60.55691677517373
              ],
              [
                91.82951752329473,
                60.54032335069445
              ]
            ]
          ],
          [
            [
              [
                123.09249374320677,
                60.57684068467887
              ],
              [
                123.11342472471483,
                60.57559149848092
              ],
              [
                123.12071638856838,
                60.57602688259547
              ],
              [
                123.12696638615716,
                60.57565456814234
              ],
              [
                123.13816429850351,
                60.57632188585072
              ],
              [
                123.14972028362871,
                60.57003119574651
              ],
              [
                123.16140647703679,
                60.565545111762134
              ],
              [
                123.17465516984191,
                60.55627590603302
              ],
              [
                123.17794292899026,
                60.54821316189242
              ],
              [
                123.17006532786291,
                60.54117580837678
              ],
              [
                123.15229189721975,
                60.53568060980902
              ],
              [
                123.1394663813345,
                60.536443549262145
              ],
              [
                123.1352997162756,
                60.536195339626744
              ],
              [
                123.12058618028527,
                60.53707221137154
              ],
              [
                123.10681665434771,
                60.54280341254341
              ],
              [
                123.10125025024513,
                60.55488837348088
              ],
              [
                123.07947291489705,
                60.55709377712682
              ],
              [
                123.06651719072858,
                60.5425897894965
              ],
              [
                123.04669297962687,
                60.537973497178854
              ],
              [
                123.03738308738531,
                60.53852688259556
              ],
              [
                123.03321642232612,
                60.53827867296013
              ],
              [
                123.0248830922078,
                60.53877509223088
              ],
              [
                123.00251981958553,
                60.537442491319496
              ],
              [
                122.99128935516836,
                60.54354804144967
              ],
              [
                122.97192087305751,
                60.54239244249129
              ],
              [
                122.96765655178586,
                60.54471177842882
              ],
              [
                122.94802765310891,
                60.54667711046008
              ],
              [
                122.93640656384235,
                60.54251044379345
              ],
              [
                122.91928417461492,
                60.537794460720505
              ],
              [
                122.92006542431346,
                60.52439114040803
              ],
              [
                122.91720084208521,
                60.519081081814306
              ],
              [
                122.91775422728841,
                60.50939480251742
              ],
              [
                122.9152477178389,
                60.50477444118923
              ],
              [
                122.90251985816593,
                60.50553331163198
              ],
              [
                122.88848991566209,
                60.50929511176213
              ],
              [
                122.87794304473096,
                60.511260443793475
              ],
              [
                122.87390658795493,
                60.51346177842885
              ],
              [
                122.85968133302646,
                60.51611477322052
              ],
              [
                122.8512828987665,
                60.52067816840278
              ],
              [
                122.84369826627602,
                60.512173936631996
              ],
              [
                122.83813186217373,
                60.48829698350693
              ],
              [
                122.82091181673394,
                60.46804958767365
              ],
              [
                122.81544306884376,
                60.4655451117622
              ],
              [
                122.81446650672041,
                60.46444444444447
              ],
              [
                122.80473343755892,
                60.466259223090304
              ],
              [
                122.7926891713721,
                60.47468207465283
              ],
              [
                122.77908240578836,
                60.48989610460069
              ],
              [
                122.7759899590647,
                60.497018907335075
              ],
              [
                122.78432328918319,
                60.50084377712673
              ],
              [
                122.79044307848869,
                60.506479356553854
              ],
              [
                122.7814912590257,
                60.51929470486118
              ],
              [
                122.77279985612876,
                60.52198432074658
              ],
              [
                122.76654985854009,
                60.52161200629345
              ],
              [
                122.75398475922105,
                60.52236070421009
              ],
              [
                122.74890663618021,
                60.519593777126715
              ],
              [
                122.7294404978569,
                60.517313096788286
              ],
              [
                122.71140665064775,
                60.51971177842887
              ],
              [
                122.67481812309711,
                60.52235663519963
              ],
              [
                122.66974000005638,
                60.519593777126715
              ],
              [
                122.65437542265073,
                60.514847276475706
              ],
              [
                122.64122438605767,
                60.515628526475695
              ],
              [
                122.6129366365546,
                60.51262356228301
              ],
              [
                122.59779992364417,
                60.51352688259553
              ],
              [
                122.58696008407628,
                60.51288194444447
              ],
              [
                122.5801567012843,
                60.50917711046006
              ],
              [
                122.56908899722106,
                60.50575914171009
              ],
              [
                122.53910854003772,
                60.507545437283056
              ],
              [
                122.51550828872604,
                60.50475816514765
              ],
              [
                122.49959032611713,
                60.5057082790799
              ],
              [
                122.48878303861994,
                60.51777696397568
              ],
              [
                122.48240283274811,
                60.517396511501715
              ],
              [
                122.46964242100432,
                60.52269436306423
              ],
              [
                122.45515674950985,
                60.519593777126715
              ],
              [
                122.44460987857877,
                60.51762844509548
              ],
              [
                122.43383514315241,
                60.5153253851997
              ],
              [
                122.4269666562189,
                60.51573432074656
              ],
              [
                122.41609426458007,
                60.515085313585104
              ],
              [
                122.41140676638867,
                60.51762844509548
              ],
              [
                122.39197318013618,
                60.519593777126715
              ],
              [
                122.38468151628268,
                60.51143337673611
              ],
              [
                122.37927787253403,
                60.50894924587678
              ],
              [
                122.37127006312352,
                60.49997300889757
              ],
              [
                122.35040418575699,
                60.49672186957466
              ],
              [
                122.34200575149691,
                60.4921686469184
              ],
              [
                122.33321669238791,
                60.49269354926213
              ],
              [
                122.3283338817717,
                60.49240261501734
              ],
              [
                122.30730524405112,
                60.49862006293404
              ],
              [
                122.29893936186221,
                60.50447333441852
              ],
              [
                122.29044327139007,
                60.507093777126755
              ],
              [
                122.28321671167811,
                60.512151557074674
              ],
              [
                122.27244197625163,
                60.506304389105935
              ],
              [
                122.25613338879356,
                60.507276882595505
              ],
              [
                122.25196672373431,
                60.507028672960075
              ],
              [
                122.23097063808478,
                60.5082798936632
              ],
              [
                122.21349017607861,
                60.51346177842885
              ],
              [
                122.20444070040321,
                60.515563422309015
              ],
              [
                122.196107370285,
                60.52010036892358
              ],
              [
                122.19685606791279,
                60.532797715928865
              ],
              [
                122.20418028383716,
                60.539326443142386
              ],
              [
                122.20867246960404,
                60.54438422309033
              ],
              [
                122.2201633505876,
                60.55168199327261
              ],
              [
                122.24363339361611,
                60.55028225368926
              ],
              [
                122.25655656571354,
                60.551051296658045
              ],
              [
                122.27377661115344,
                60.548760443793384
              ],
              [
                122.29890680979139,
                60.54679511176221
              ],
              [
                122.30564508844174,
                60.54437608506947
              ],
              [
                122.32227919660755,
                60.54536688910591
              ],
              [
                122.33943413790581,
                60.542319200303865
              ],
              [
                122.34675835383013,
                60.54275661892359
              ],
              [
                122.35196668515397,
                60.54244533962677
              ],
              [
                122.3565565271333,
                60.54271796332469
              ],
              [
                122.37446016605946,
                60.54033759223094
              ],
              [
                122.37905000803852,
                60.540610215928865
              ],
              [
                122.38425833936259,
                60.540298936631956
              ],
              [
                122.39050833695137,
                60.54067328559029
              ],
              [
                122.39988333333434,
                60.540113796658034
              ],
              [
                122.41029999598226,
                60.540734320746594
              ],
              [
                122.41654999357087,
                60.540362006293435
              ],
              [
                122.42384165742453,
                60.54079739040799
              ],
              [
                122.43946665139629,
                60.539865587022604
              ],
              [
                122.45196664657391,
                60.540610215928865
              ],
              [
                122.46029997669211,
                60.540113796658034
              ],
              [
                122.46863330681055,
                60.540610215928865
              ],
              [
                122.47488330439927,
                60.540237901475734
              ],
              [
                122.48321663451736,
                60.540734320746594
              ],
              [
                122.48946663210609,
                60.540362006293435
              ],
              [
                122.49363329716533,
                60.540610215928865
              ],
              [
                122.50196662728371,
                60.540113796658034
              ],
              [
                122.51029995740191,
                60.540610215928865
              ],
              [
                122.5206515159083,
                60.53999376085068
              ],
              [
                122.5424288512566,
                60.54289089626741
              ],
              [
                122.5530082742585,
                60.54225816514756
              ],
              [
                122.560299938112,
                60.5426935492622
              ],
              [
                122.56671269605442,
                60.542311062283034
              ],
              [
                122.58549524089159,
                60.5463210720487
              ],
              [
                122.62517621516582,
                60.54898627387158
              ],
              [
                122.64399131207352,
                60.546481797960126
              ],
              [
                122.65372438123518,
                60.549085964626784
              ],
              [
                122.6644665645909,
                60.54844712999136
              ],
              [
                122.6727998947091,
                60.54894354926222
              ],
              [
                122.6852998898865,
                60.54819892035596
              ],
              [
                122.69779988506417,
                60.54894354926222
              ],
              [
                122.7075980583673,
                60.54835964626736
              ],
              [
                122.73289101735924,
                60.551045193142386
              ],
              [
                122.73946653565554,
                60.55065456814239
              ],
              [
                122.74675819950909,
                60.551089952256945
              ],
              [
                122.77865922886838,
                60.54918768988716
              ],
              [
                122.80138057426899,
                60.5540460883247
              ],
              [
                122.83432326989299,
                60.55917711046004
              ],
              [
                122.83858759116447,
                60.56149644639757
              ],
              [
                122.85043654492637,
                60.56078843858509
              ],
              [
                122.86069044722046,
                60.566348741319445
              ],
              [
                122.88155632458694,
                60.57024685329867
              ],
              [
                122.89363314284452,
                60.569528672960104
              ],
              [
                122.90092480669784,
                60.56996405707466
              ],
              [
                122.9082164705514,
                60.569528672960104
              ],
              [
                122.91238313561058,
                60.569776882595534
              ],
              [
                122.92273469411703,
                60.569160427517346
              ],
              [
                122.94451202946533,
                60.57205756293408
              ],
              [
                122.95404978620218,
                60.571487901475706
              ],
              [
                122.98634144041063,
                60.57341254340278
              ],
              [
                123.01654976208948,
                60.57161200629352
              ],
              [
                123.0317515791412,
                60.57251939561638
              ],
              [
                123.04460964709739,
                60.57596177842879
              ],
              [
                123.05821641268113,
                60.57792711046014
              ],
              [
                123.07569687468714,
                60.573251817491354
              ],
              [
                123.09249374320677,
                60.57684068467887
              ]
            ]
          ],
          [
            [
              [
                91.24182243752904,
                60.58038886176223
              ],
              [
                91.2510835016646,
                60.580022650824645
              ],
              [
                91.25666618180225,
                60.55077256944446
              ],
              [
                91.24683545642836,
                60.53794094509553
              ],
              [
                91.25262972502617,
                60.52699123806423
              ],
              [
                91.25507113033444,
                60.52109524197047
              ],
              [
                91.24572868602212,
                60.508194444444484
              ],
              [
                91.22398390274469,
                60.511166856553814
              ],
              [
                91.2176362489435,
                60.515526801215316
              ],
              [
                91.2049083892706,
                60.517956000434054
              ],
              [
                91.20515252980152,
                60.5240188259549
              ],
              [
                91.21346958388432,
                60.52794542100702
              ],
              [
                91.21757114480198,
                60.53089748806431
              ],
              [
                91.20210891118393,
                60.53579047309026
              ],
              [
                91.19694940796631,
                60.546715766059066
              ],
              [
                91.21299757885811,
                60.565207383897615
              ],
              [
                91.22245395541813,
                60.55869493272576
              ],
              [
                91.23007113997937,
                60.561360134548636
              ],
              [
                91.24047152659188,
                60.56383816189242
              ],
              [
                91.23529574733885,
                60.573611924913195
              ],
              [
                91.22240512731196,
                60.569093288845465
              ],
              [
                91.21254184986725,
                60.57665554470486
              ],
              [
                91.21594354126336,
                60.58211208767361
              ],
              [
                91.22561150628326,
                60.57699734157984
              ],
              [
                91.24182243752904,
                60.58038886176223
              ]
            ]
          ],
          [
            [
              [
                125.07162709423534,
                60.7385818142362
              ],
              [
                125.07865834152256,
                60.73367865668405
              ],
              [
                125.09294870059279,
                60.72712144639766
              ],
              [
                125.1061648413272,
                60.708935004340276
              ],
              [
                125.10271432182509,
                60.70262193467883
              ],
              [
                125.10320260288671,
                60.694652777777804
              ],
              [
                125.10287708217908,
                60.68957668728302
              ],
              [
                125.09177682604474,
                60.68614040798616
              ],
              [
                125.08246693380335,
                60.681080593532954
              ],
              [
                125.06410756588645,
                60.67804511176223
              ],
              [
                125.05515574642322,
                60.68429511176217
              ],
              [
                125.03953075245153,
                60.694221462673625
              ],
              [
                125.0237755501966,
                60.69667711046009
              ],
              [
                125.01765576089105,
                60.698878445095545
              ],
              [
                124.98559197117794,
                60.70188747829869
              ],
              [
                124.98126254576482,
                60.6924514431424
              ],
              [
                124.97009718548912,
                60.685365261501744
              ],
              [
                124.96609328078392,
                60.676655544704886
              ],
              [
                124.95710890925017,
                60.67387844509551
              ],
              [
                124.95098911994432,
                60.66959377712672
              ],
              [
                124.94460891407272,
                60.66554511176216
              ],
              [
                124.93848912476693,
                60.66126044379348
              ],
              [
                124.92742142070347,
                60.657842475043395
              ],
              [
                124.90225866999464,
                60.65447943793407
              ],
              [
                124.88253211510522,
                60.657484402126755
              ],
              [
                124.87524045125173,
                60.6570490180122
              ],
              [
                124.86293576849909,
                60.650371771918486
              ],
              [
                124.84698525381935,
                60.65132392035591
              ],
              [
                124.81557250552197,
                60.64654486762154
              ],
              [
                124.8061324049973,
                60.647108425564255
              ],
              [
                124.7946740760845,
                60.646424831814215
              ],
              [
                124.78087199807618,
                60.64724880642365
              ],
              [
                124.77257122002851,
                60.64274848090278
              ],
              [
                124.76544231652889,
                60.640545111762236
              ],
              [
                124.76446575440565,
                60.63944444444448
              ],
              [
                124.73627566111463,
                60.64042711046008
              ],
              [
                124.72657514402391,
                60.64391221788202
              ],
              [
                124.6839970354506,
                60.64137518988713
              ],
              [
                124.68451786858304,
                60.65023952907984
              ],
              [
                124.68861942950065,
                60.66161851671012
              ],
              [
                124.69988244598869,
                60.66094712999137
              ],
              [
                124.70821577610712,
                60.66144354926223
              ],
              [
                124.71967410501964,
                60.66075995551216
              ],
              [
                124.73113243393249,
                60.66144354926223
              ],
              [
                124.73754519187509,
                60.66106106228298
              ],
              [
                124.74926393735399,
                60.66356350368923
              ],
              [
                124.75636028878279,
                60.6631423611112
              ],
              [
                124.77631470816772,
                60.66773220486115
              ],
              [
                124.78344361166734,
                60.66730699327263
              ],
              [
                124.81892536881162,
                60.67568101671006
              ],
              [
                124.8300256249459,
                60.68429511176217
              ],
              [
                124.83640583081751,
                60.68626044379343
              ],
              [
                124.84281858876022,
                60.68974555121528
              ],
              [
                124.86348915370206,
                60.69251044379345
              ],
              [
                124.8696089430079,
                60.694711778428825
              ],
              [
                124.88432247899789,
                60.69876044379339
              ],
              [
                124.89044226830362,
                60.70096177842885
              ],
              [
                124.90515580429377,
                60.70501044379341
              ],
              [
                124.91322871784581,
                60.70791368272569
              ],
              [
                124.9196089237177,
                60.711378445095505
              ],
              [
                124.9259891295896,
                60.71334377712677
              ],
              [
                124.93002558636562,
                60.71554511176214
              ],
              [
                124.96140578259218,
                60.723760443793424
              ],
              [
                124.96544223936826,
                60.72596177842888
              ],
              [
                124.98910759482163,
                60.73326565212673
              ],
              [
                125.00515576571343,
                60.736260443793384
              ],
              [
                125.0242312791874,
                60.74064887152775
              ],
              [
                125.03162059925336,
                60.74020941840283
              ],
              [
                125.04548778140332,
                60.7451858181424
              ],
              [
                125.06498647179734,
                60.738187120225746
              ],
              [
                125.07162709423534,
                60.7385818142362
              ]
            ]
          ],
          [
            [
              [
                91.16760371616289,
                60.9407750108507
              ],
              [
                91.17663691580293,
                60.94041693793406
              ],
              [
                91.18855097370624,
                60.93411607530385
              ],
              [
                91.21014927266538,
                60.93497260199652
              ],
              [
                91.22901319767931,
                60.93102362738716
              ],
              [
                91.24081332333492,
                60.92142483181428
              ],
              [
                91.24673780021595,
                60.90233710394969
              ],
              [
                91.24027621416741,
                60.890148383246526
              ],
              [
                91.22173780986117,
                60.88427680121529
              ],
              [
                91.2207286956671,
                60.88319444444451
              ],
              [
                91.21340447974274,
                60.884195421007036
              ],
              [
                91.19454055472892,
                60.9011041937934
              ],
              [
                91.18114537760522,
                60.900573187934015
              ],
              [
                91.1527111437835,
                60.90170030381944
              ],
              [
                91.1437430482851,
                60.90787299262169
              ],
              [
                91.12590451350047,
                60.91127875434029
              ],
              [
                91.12180295258281,
                60.91344346788193
              ],
              [
                91.10715452073435,
                60.91752875434031
              ],
              [
                91.09082965724082,
                60.93004503038196
              ],
              [
                91.08215453037934,
                60.9321120876736
              ],
              [
                91.08013630199144,
                60.935180121527765
              ],
              [
                91.09369423946896,
                60.94314520941845
              ],
              [
                91.1242769099618,
                60.94877875434028
              ],
              [
                91.13601193147616,
                60.9425714789497
              ],
              [
                91.15329708105742,
                60.940207383897615
              ],
              [
                91.16760371616289,
                60.9407750108507
              ]
            ]
          ],
          [
            [
              [
                90.72385388736268,
                61.026008572048625
              ],
              [
                90.73322888374588,
                61.02581732855904
              ],
              [
                90.74403617124307,
                61.02603908962678
              ],
              [
                90.75850556670235,
                61.023569200303854
              ],
              [
                90.77281220180777,
                61.023862169053814
              ],
              [
                90.77702769497313,
                61.0237767198351
              ],
              [
                90.82126595915594,
                61.014218614366314
              ],
              [
                90.83070605968061,
                61.004391954210064
              ],
              [
                90.83425423539501,
                60.9961847601997
              ],
              [
                90.81967090768791,
                60.98217312282986
              ],
              [
                90.81762012722919,
                60.97818752712672
              ],
              [
                90.84533821549365,
                60.975174424913206
              ],
              [
                90.88425421610481,
                60.95713243272576
              ],
              [
                90.89053676576435,
                60.955089789496526
              ],
              [
                90.89997686628897,
                60.951861029730935
              ],
              [
                90.9047782967283,
                60.93705593532991
              ],
              [
                90.89989548611197,
                60.92277777777781
              ],
              [
                90.86242805265033,
                60.923890652126744
              ],
              [
                90.83951139482508,
                60.9325617133247
              ],
              [
                90.82551400439195,
                60.93710476345484
              ],
              [
                90.8126559364361,
                60.9468683539497
              ],
              [
                90.79722625488881,
                60.946553005642414
              ],
              [
                90.78467743160519,
                60.95084988064238
              ],
              [
                90.76766897462528,
                60.954168158637174
              ],
              [
                90.75512015134171,
                60.959256456163246
              ],
              [
                90.74060192777631,
                60.96498358832466
              ],
              [
                90.73008760891611,
                60.967549099392414
              ],
              [
                90.72048474803756,
                60.97000678168405
              ],
              [
                90.7092868356911,
                60.97383978949654
              ],
              [
                90.7026462132531,
                60.97599839952255
              ],
              [
                90.69273410770211,
                60.9863133409288
              ],
              [
                90.68187799209875,
                60.98896023220493
              ],
              [
                90.66750625285187,
                61.00102891710074
              ],
              [
                90.66763646113486,
                61.007632921006945
              ],
              [
                90.68350559563754,
                61.02288153754344
              ],
              [
                90.70005832362631,
                61.02611233181429
              ],
              [
                90.71447889097954,
                61.02581732855904
              ],
              [
                90.72385388736268,
                61.026008572048625
              ]
            ]
          ],
          [
            [
              [
                87.70022224138773,
                68.41175177680142
              ],
              [
                87.7205021814803,
                68.4087885199655
              ],
              [
                87.73217209885303,
                68.40088243272595
              ],
              [
                87.74053798104222,
                68.39883978949663
              ],
              [
                87.74724370762175,
                68.39654893663226
              ],
              [
                87.7606226087101,
                68.38262173122857
              ],
              [
                87.75515386081992,
                68.37202501085093
              ],
              [
                87.76775151220966,
                68.35702460394998
              ],
              [
                87.76758875185595,
                68.34871568467904
              ],
              [
                87.75881596878213,
                68.34446560329889
              ],
              [
                87.74167730351923,
                68.34028469509559
              ],
              [
                87.71342210608685,
                68.33633978949678
              ],
              [
                87.70928799309849,
                68.33421576605912
              ],
              [
                87.66068775143185,
                68.32963711208777
              ],
              [
                87.63739674479257,
                68.33011216905408
              ],
              [
                87.61075287486346,
                68.32956793891071
              ],
              [
                87.60823008937854,
                68.3269444444447
              ],
              [
                87.59166108535419,
                68.3280725775827
              ],
              [
                87.58267671382049,
                68.32788947211398
              ],
              [
                87.56762138108712,
                68.33008978949667
              ],
              [
                87.53425550854314,
                68.33213243272598
              ],
              [
                87.49984796973428,
                68.33748623318166
              ],
              [
                87.48220474737434,
                68.34258978949663
              ],
              [
                87.46324316614812,
                68.3446517605255
              ],
              [
                87.48033300330474,
                68.34674018012169
              ],
              [
                87.4550888724192,
                68.34879909939258
              ],
              [
                87.44026140418123,
                68.35096483018674
              ],
              [
                87.43204200631055,
                68.35951280381977
              ],
              [
                87.43222104269995,
                68.36809536404104
              ],
              [
                87.4656357433501,
                68.37172492133271
              ],
              [
                87.47203222525735,
                68.3783848741322
              ],
              [
                87.50093846410533,
                68.3777948676217
              ],
              [
                87.51552179181215,
                68.37809190538223
              ],
              [
                87.52545017339844,
                68.37788947211385
              ],
              [
                87.54833427915327,
                68.3812362331816
              ],
              [
                87.55775810364247,
                68.38445787217904
              ],
              [
                87.57551525824988,
                68.38409573025194
              ],
              [
                87.58876395105528,
                68.37404222276507
              ],
              [
                87.60512136661958,
                68.37175645616347
              ],
              [
                87.63259531435341,
                68.36774237738743
              ],
              [
                87.63842213502204,
                68.38136847602033
              ],
              [
                87.61773529404473,
                68.38540493435352
              ],
              [
                87.6238713593857,
                68.3883824327259
              ],
              [
                87.63020273715142,
                68.39267523871541
              ],
              [
                87.63000742472673,
                68.40258531358529
              ],
              [
                87.64476978882311,
                68.40546820746545
              ],
              [
                87.65925546031787,
                68.41133978949688
              ],
              [
                87.66775155079,
                68.41409654405413
              ],
              [
                87.6760360528022,
                68.41125739203594
              ],
              [
                87.70022224138773,
                68.41175177680142
              ]
            ]
          ],
          [
            [
              [
                88.23003974531593,
                68.4202417670358
              ],
              [
                88.21347074129176,
                68.4054346381296
              ],
              [
                88.21141996083293,
                68.39876044379366
              ],
              [
                88.20295642243161,
                68.38846177842905
              ],
              [
                88.20046618901728,
                68.3803827582467
              ],
              [
                88.18319731547126,
                68.37245530870251
              ],
              [
                88.15774159612562,
                68.37397203233525
              ],
              [
                88.12958405490548,
                68.36968838161906
              ],
              [
                88.09670646342312,
                68.36762844509565
              ],
              [
                88.07411532630545,
                68.36361131456184
              ],
              [
                88.0522077826742,
                68.36104478624156
              ],
              [
                88.03987054785051,
                68.35242865668437
              ],
              [
                88.02488031925873,
                68.34555304633272
              ],
              [
                88.00394933775073,
                68.34164476182744
              ],
              [
                87.99475337775681,
                68.33834377712694
              ],
              [
                87.98837317188497,
                68.33637844509568
              ],
              [
                87.97702877521999,
                68.33230333116333
              ],
              [
                87.94462318876384,
                68.33012844509565
              ],
              [
                87.94364662664054,
                68.32902777777801
              ],
              [
                87.93420652611593,
                68.33001044379358
              ],
              [
                87.90036864854562,
                68.33277330186658
              ],
              [
                87.89267008380739,
                68.33001044379358
              ],
              [
                87.87782633953418,
                68.32804511176235
              ],
              [
                87.83474367386401,
                68.33570095486138
              ],
              [
                87.82134849674009,
                68.33856452094199
              ],
              [
                87.82203209022651,
                68.35008287217906
              ],
              [
                87.80783938736863,
                68.35659532335092
              ],
              [
                87.79927819275491,
                68.36258388943162
              ],
              [
                87.80367272230956,
                68.37069444444464
              ],
              [
                87.79942467707343,
                68.37850796169732
              ],
              [
                87.80819746014737,
                68.3825271267363
              ],
              [
                87.81913495592744,
                68.3818750678171
              ],
              [
                87.82587323457778,
                68.38429511176236
              ],
              [
                87.84058677056811,
                68.38626044379359
              ],
              [
                87.84307700398222,
                68.3943608262806
              ],
              [
                87.8532983542056,
                68.39667711046025
              ],
              [
                87.85712322252158,
                68.388343777127
              ],
              [
                87.86189210088992,
                68.38152106391084
              ],
              [
                87.8754012102616,
                68.372934434679
              ],
              [
                87.89267008380739,
                68.36971177842906
              ],
              [
                87.90087320564271,
                68.3675104437936
              ],
              [
                87.92206460371699,
                68.36552171495242
              ],
              [
                87.9277123879964,
                68.35921373155406
              ],
              [
                87.94172605446477,
                68.35721177842908
              ],
              [
                87.94711342217823,
                68.38036037868946
              ],
              [
                87.95526771590727,
                68.37987413194463
              ],
              [
                87.96117591675272,
                68.38649542914513
              ],
              [
                87.96706784156288,
                68.3917576768666
              ],
              [
                87.97932369620958,
                68.39954881456197
              ],
              [
                87.99442785704917,
                68.39864854600714
              ],
              [
                88.00087316706231,
                68.40096177842912
              ],
              [
                88.01747472315759,
                68.40318040635867
              ],
              [
                88.03124424909521,
                68.40235948350718
              ],
              [
                88.02061599798736,
                68.40911912706187
              ],
              [
                88.01767003558217,
                68.42179511176244
              ],
              [
                88.01441482850464,
                68.42777350531705
              ],
              [
                88.02442459026793,
                68.4367202419707
              ],
              [
                88.03404372718188,
                68.43614651150196
              ],
              [
                88.05093825191375,
                68.42912034776501
              ],
              [
                88.06337314294984,
                68.4342951117624
              ],
              [
                88.08072339667262,
                68.43833157009576
              ],
              [
                88.11760489286047,
                68.43613328721807
              ],
              [
                88.13026764839174,
                68.43688808865045
              ],
              [
                88.14045644654419,
                68.44054511176233
              ],
              [
                88.16843495137499,
                68.44317064073374
              ],
              [
                88.18003976460614,
                68.43834377712696
              ],
              [
                88.21866279658042,
                68.4339441596139
              ],
              [
                88.23003974531593,
                68.4202417670358
              ]
            ]
          ],
          [
            [
              [
                87.79286543481237,
                68.44274034288216
              ],
              [
                87.81334068732963,
                68.44152065700976
              ],
              [
                87.83760825609204,
                68.43782803005666
              ],
              [
                87.84950603796034,
                68.4295119900176
              ],
              [
                87.86343832425183,
                68.42312262641087
              ],
              [
                87.87611735581862,
                68.41528367784309
              ],
              [
                87.87580811114634,
                68.41016384548635
              ],
              [
                87.86034587752823,
                68.41430609809038
              ],
              [
                87.85725343080475,
                68.411991848416
              ],
              [
                87.86493571950751,
                68.40097907172338
              ],
              [
                87.83773846437526,
                68.39842678493952
              ],
              [
                87.82906333751373,
                68.39894354926238
              ],
              [
                87.82553143783474,
                68.39873297797337
              ],
              [
                87.82281333992506,
                68.39569444444467
              ],
              [
                87.81962323698912,
                68.39667711046025
              ],
              [
                87.79625085017295,
                68.40697068956189
              ],
              [
                87.76337325869059,
                68.40917711046032
              ],
              [
                87.73804774762783,
                68.41368048773904
              ],
              [
                87.7343368115595,
                68.41739752875455
              ],
              [
                87.75528406910308,
                68.41985215928833
              ],
              [
                87.75502365253669,
                68.42412462022588
              ],
              [
                87.74703211916164,
                68.42364854600717
              ],
              [
                87.74026128844048,
                68.42607367621548
              ],
              [
                87.73412522309962,
                68.42570848253067
              ],
              [
                87.72141363946201,
                68.43261766221806
              ],
              [
                87.71767015132286,
                68.44027248806441
              ],
              [
                87.75100347179608,
                68.44251044379368
              ],
              [
                87.75823003150805,
                68.44644110785609
              ],
              [
                87.76913497521764,
                68.44051255967909
              ],
              [
                87.78093510087348,
                68.43846177842903
              ],
              [
                87.79286543481237,
                68.44274034288216
              ]
            ]
          ],
          [
            [
              [
                88.13653392201581,
                68.54475552029106
              ],
              [
                88.15072662487358,
                68.54446560329859
              ],
              [
                88.17434315222073,
                68.53763373480899
              ],
              [
                88.17800526018283,
                68.53471320258271
              ],
              [
                88.16547271293439,
                68.53165737575975
              ],
              [
                88.16557036914679,
                68.52641140408011
              ],
              [
                88.21778389066952,
                68.51965277777802
              ],
              [
                88.23030016188233,
                68.51321153428842
              ],
              [
                88.23002346928058,
                68.4998519558379
              ],
              [
                88.2440859638553,
                68.48942003038218
              ],
              [
                88.24883856618845,
                68.48401231553817
              ],
              [
                88.24467190112927,
                68.47592312282995
              ],
              [
                88.24247463635203,
                68.47140957302537
              ],
              [
                88.23506904025072,
                68.4642989773223
              ],
              [
                88.20925524812628,
                68.45925645616344
              ],
              [
                88.19442777988854,
                68.4528447129994
              ],
              [
                88.19156319766051,
                68.44986111111135
              ],
              [
                88.18633859030103,
                68.45088243272602
              ],
              [
                88.17772856758108,
                68.45308681911916
              ],
              [
                88.1678978422072,
                68.45288540310366
              ],
              [
                88.15775787216091,
                68.45548143174915
              ],
              [
                88.13848704626224,
                68.45266567654102
              ],
              [
                88.12165762567196,
                68.45300950792128
              ],
              [
                88.12183666206101,
                68.4616734483509
              ],
              [
                88.13423900102629,
                68.47358547634576
              ],
              [
                88.13633860959118,
                68.48217312283006
              ],
              [
                88.14460683556803,
                68.48759914822068
              ],
              [
                88.1631289638388,
                68.49121446397606
              ],
              [
                88.15471425354337,
                68.49879909939233
              ],
              [
                88.1381452495192,
                68.49455206977012
              ],
              [
                88.11482169080926,
                68.49502814398875
              ],
              [
                88.08845451348162,
                68.50300645616312
              ],
              [
                88.08008863129265,
                68.50504909939261
              ],
              [
                88.05720452553811,
                68.51550645616345
              ],
              [
                88.04883864334892,
                68.5175490993926
              ],
              [
                88.04470453036049,
                68.5196731228298
              ],
              [
                88.03633864817147,
                68.52171576605886
              ],
              [
                88.03003982247657,
                68.52386928982199
              ],
              [
                88.03020258283033,
                68.53193813747825
              ],
              [
                88.00925532528703,
                68.5342157660591
              ],
              [
                88.00720454482803,
                68.53792568630638
              ],
              [
                88.01762120747594,
                68.54046576605904
              ],
              [
                88.02963292159194,
                68.54533433702258
              ],
              [
                88.04112380257527,
                68.54239040798612
              ],
              [
                88.06031324829706,
                68.54278205023888
              ],
              [
                88.0807722247788,
                68.54236497667102
              ],
              [
                88.10608145980615,
                68.54560085720485
              ],
              [
                88.12507559310319,
                68.54010667588972
              ],
              [
                88.13653392201581,
                68.54475552029106
              ]
            ]
          ],
          [
            [
              [
                88.30227279036501,
                68.61799465603292
              ],
              [
                88.30507226845162,
                68.60919643825957
              ],
              [
                88.30930403765245,
                68.60302578396261
              ],
              [
                88.31251041662375,
                68.59294481065547
              ],
              [
                88.30061263475551,
                68.5819279649522
              ],
              [
                88.28423894315586,
                68.57802578396266
              ],
              [
                88.27388738464953,
                68.57377977159288
              ],
              [
                88.2571556202713,
                68.57177578396264
              ],
              [
                88.25305405935364,
                68.57044216579857
              ],
              [
                88.25930405694237,
                68.56135911729598
              ],
              [
                88.26132228533055,
                68.55552517361113
              ],
              [
                88.21965563473884,
                68.55302578396262
              ],
              [
                88.2186465205449,
                68.55194444444444
              ],
              [
                88.20656970228742,
                68.55374599880639
              ],
              [
                88.18070708205715,
                68.55272060818137
              ],
              [
                88.17367583476965,
                68.55518642849384
              ],
              [
                88.16778390995944,
                68.5549524603949
              ],
              [
                88.16138742805231,
                68.55719245062917
              ],
              [
                88.15090566126293,
                68.5591964382595
              ],
              [
                88.14128652434891,
                68.56656134711366
              ],
              [
                88.13847077022683,
                68.56991929796001
              ],
              [
                88.14263743528608,
                68.57377977159288
              ],
              [
                88.1446556636742,
                68.57718248155379
              ],
              [
                88.12798900343756,
                68.58419643825954
              ],
              [
                88.12388744252002,
                68.58788601345486
              ],
              [
                88.13777090070533,
                68.59685106065535
              ],
              [
                88.13207428831959,
                68.6051477728949
              ],
              [
                88.13225332470898,
                68.6096592881944
              ],
              [
                88.1753848184855,
                68.61752977159281
              ],
              [
                88.19872465323095,
                68.61069485134544
              ],
              [
                88.23293687961501,
                68.61205084906683
              ],
              [
                88.25152411202743,
                68.62343594021277
              ],
              [
                88.28274154790034,
                68.62717129177514
              ],
              [
                88.28736394195016,
                68.61740261501751
              ],
              [
                88.30227279036501,
                68.61799465603292
              ]
            ]
          ],
          [
            [
              [
                87.96703528949206,
                68.75294643825961
              ],
              [
                87.99888749074529,
                68.74885911729606
              ],
              [
                88.00639074305877,
                68.74489081488727
              ],
              [
                88.0196882639703,
                68.74436387803826
              ],
              [
                88.03010492661821,
                68.74477688259549
              ],
              [
                88.0440372129097,
                68.74422451443147
              ],
              [
                88.08340894251148,
                68.74737799750437
              ],
              [
                88.10305411722419,
                68.74469245062954
              ],
              [
                88.10923901067127,
                68.74252977159296
              ],
              [
                88.1347435581232,
                68.7398137071398
              ],
              [
                88.14257233114449,
                68.73257188585086
              ],
              [
                88.13430410516776,
                68.72586310492619
              ],
              [
                88.12789134722522,
                68.72172288682717
              ],
              [
                88.13430410516776,
                68.71969245062942
              ],
              [
                88.13632233355582,
                68.71544643825953
              ],
              [
                88.15090566126293,
                68.71266221788198
              ],
              [
                88.14797597489309,
                68.70152126736122
              ],
              [
                88.12071361561942,
                68.69677578396261
              ],
              [
                88.11548900825994,
                68.69877977159285
              ],
              [
                88.09799227021864,
                68.70641526963993
              ],
              [
                88.07611727865816,
                68.70260769314237
              ],
              [
                88.06155022698641,
                68.70318447536897
              ],
              [
                88.05513746904381,
                68.69877977159285
              ],
              [
                88.05090569984321,
                68.69677578396261
              ],
              [
                88.0468041389255,
                68.69461310492622
              ],
              [
                88.0404890371953,
                68.69260911729597
              ],
              [
                88.03345778990786,
                68.69014634874128
              ],
              [
                88.00274491113191,
                68.69136400010859
              ],
              [
                87.98961015057432,
                68.6882349310983
              ],
              [
                87.98283931985316,
                68.67775417751744
              ],
              [
                87.97177161578992,
                68.67819261338968
              ],
              [
                87.95219154521885,
                68.67741644965275
              ],
              [
                87.91724689724248,
                68.68290961371531
              ],
              [
                87.91132242036139,
                68.68010911729593
              ],
              [
                87.90512125087884,
                68.67683559841578
              ],
              [
                87.88840576253602,
                68.68002977159293
              ],
              [
                87.87621501203097,
                68.6832239447699
              ],
              [
                87.84263755102677,
                68.67794643825962
              ],
              [
                87.81065514149071,
                68.6753900824653
              ],
              [
                87.8082300122179,
                68.67277777777787
              ],
              [
                87.80097090043512,
                68.67385911729599
              ],
              [
                87.76124109805488,
                68.6762425401476
              ],
              [
                87.75321701260873,
                68.68367255316835
              ],
              [
                87.75930424984375,
                68.69252977159292
              ],
              [
                87.76247807674423,
                68.69923346625441
              ],
              [
                87.78381595913714,
                68.70431667751745
              ],
              [
                87.78642012479901,
                68.70923611111118
              ],
              [
                87.78355554257081,
                68.71464280870242
              ],
              [
                87.7906356179642,
                68.72388556586372
              ],
              [
                87.79016361293793,
                68.73613837348097
              ],
              [
                87.79927819275491,
                68.73933458116312
              ],
              [
                87.82597089079019,
                68.74252977159296
              ],
              [
                87.83433677297938,
                68.74894049750452
              ],
              [
                87.84600669035211,
                68.7484786648221
              ],
              [
                87.88401123298155,
                68.75243882921006
              ],
              [
                87.90250080918145,
                68.75317226833772
              ],
              [
                87.91325926857252,
                68.75035447862416
              ],
              [
                87.954925919164,
                68.74870246039501
              ],
              [
                87.96703528949206,
                68.75294643825961
              ]
            ]
          ],
          [
            [
              [
                88.27805404970871,
                69.06752977159292
              ],
              [
                88.29395573628216,
                69.07169643825955
              ],
              [
                88.30508854448709,
                69.06924485948366
              ],
              [
                88.31548893109954,
                69.0612797715929
              ],
              [
                88.32375715707639,
                69.05593207465287
              ],
              [
                88.32608463013656,
                69.04134060329866
              ],
              [
                88.33580142326292,
                69.03675584581165
              ],
              [
                88.34214907706411,
                69.03087103949662
              ],
              [
                88.34804100187426,
                69.02174526638458
              ],
              [
                88.38184632737381,
                69.0195836046008
              ],
              [
                88.39048890216446,
                69.01158596462679
              ],
              [
                88.38516663859275,
                69.00524848090285
              ],
              [
                88.36351951152744,
                69.00202073838983
              ],
              [
                88.3318463466639,
                69.00076544867633
              ],
              [
                88.28469467214666,
                69.00334723578567
              ],
              [
                88.28322982896191,
                68.99569444444452
              ],
              [
                88.2544863504678,
                68.99753261990028
              ],
              [
                88.24297919344895,
                69.00820156521272
              ],
              [
                88.24704820229579,
                69.0159031846789
              ],
              [
                88.23583401391397,
                69.0241297064888
              ],
              [
                88.23031643791768,
                69.03008063422311
              ],
              [
                88.2147891001581,
                69.0325566270617
              ],
              [
                88.21088285166519,
                69.04891303168407
              ],
              [
                88.20414457301484,
                69.0561904568143
              ],
              [
                88.19680408105518,
                69.06298366970492
              ],
              [
                88.19911527808011,
                69.06591030544712
              ],
              [
                88.22002998355293,
                69.0745020209419
              ],
              [
                88.23572008166633,
                69.07150621202265
              ],
              [
                88.25853908327923,
                69.06552578396287
              ],
              [
                88.27805404970871,
                69.06752977159292
              ]
            ]
          ],
          [
            [
              [
                88.16565174932379,
                69.09298448350685
              ],
              [
                88.17494536553005,
                69.10190273708773
              ],
              [
                88.18186268056957,
                69.10911709255657
              ],
              [
                88.20380277627169,
                69.11546576605912
              ],
              [
                88.21550524571529,
                69.11231126573355
              ],
              [
                88.20948311262185,
                69.10318040635855
              ],
              [
                88.19848051269992,
                69.09483893500436
              ],
              [
                88.18008859271237,
                69.09258978949657
              ],
              [
                88.17906320248284,
                69.09152777777783
              ],
              [
                88.16565174932379,
                69.09298448350685
              ]
            ]
          ],
          [
            [
              [
                88.17792388000584,
                69.12382656521274
              ],
              [
                88.18186268056957,
                69.11658881293408
              ],
              [
                88.16975331024145,
                69.11334377712683
              ],
              [
                88.16128977184002,
                69.11137844509557
              ],
              [
                88.15038482813048,
                69.10746405707474
              ],
              [
                88.12183666206101,
                69.10292711046026
              ],
              [
                88.0862898007752,
                69.10096177842891
              ],
              [
                88.0853132386519,
                69.09986111111118
              ],
              [
                88.05310296462045,
                69.10261074490018
              ],
              [
                88.05263095959413,
                69.1104975043402
              ],
              [
                88.07183668135121,
                69.11751044379344
              ],
              [
                88.07927482952329,
                69.12155707465283
              ],
              [
                88.08642000905837,
                69.12376044379357
              ],
              [
                88.0928653190715,
                69.12607367621536
              ],
              [
                88.10533276217842,
                69.12533108181418
              ],
              [
                88.11672598694958,
                69.12838182237417
              ],
              [
                88.1258893948725,
                69.12509304470487
              ],
              [
                88.14234446664915,
                69.12607367621536
              ],
              [
                88.15427480058793,
                69.12179511176222
              ],
              [
                88.15920643931031,
                69.12506252712672
              ],
              [
                88.15516998253429,
                69.12804511176216
              ],
              [
                88.13850332229765,
                69.13027391221792
              ],
              [
                88.14058665482736,
                69.13454230414501
              ],
              [
                88.14781321453933,
                69.13411200629355
              ],
              [
                88.18200916488814,
                69.13615058051221
              ],
              [
                88.1823672376666,
                69.13018337673614
              ],
              [
                88.17792388000584,
                69.12382656521274
              ]
            ]
          ],
          [
            [
              [
                88.22048571254356,
                69.31780748155384
              ],
              [
                88.2422142197857,
                69.31456651475696
              ],
              [
                88.25090562268264,
                69.31760911729603
              ],
              [
                88.26587957523901,
                69.32235053168407
              ],
              [
                88.28487370853605,
                69.31951748318144
              ],
              [
                88.29346745522054,
                69.31496934678825
              ],
              [
                88.30082422321561,
                69.30703375922315
              ],
              [
                88.31597721216127,
                69.299879421658
              ],
              [
                88.32881900408165,
                69.29202012803819
              ],
              [
                88.34799217376809,
                69.28297064887155
              ],
              [
                88.35390037461372,
                69.26428575303822
              ],
              [
                88.36280336597048,
                69.25603481716593
              ],
              [
                88.35071027167777,
                69.24481858995233
              ],
              [
                88.33632225639536,
                69.2363591172961
              ],
              [
                88.330137362948,
                69.23211310492621
              ],
              [
                88.32188541300678,
                69.22821804470493
              ],
              [
                88.33944725518978,
                69.21790208604605
              ],
              [
                88.34278384244396,
                69.21080166286899
              ],
              [
                88.34242576966551,
                69.2016596137153
              ],
              [
                88.37405010642311,
                69.19030809190548
              ],
              [
                88.3737571377863,
                69.18275499131951
              ],
              [
                88.35715558169119,
                69.1801091172961
              ],
              [
                88.34888735571434,
                69.1737797715929
              ],
              [
                88.3117779950312,
                69.17022243923611
              ],
              [
                88.30930403765245,
                69.16736497667108
              ],
              [
                88.31750715948743,
                69.1676894802518
              ],
              [
                88.31965559615873,
                69.16639248318151
              ],
              [
                88.3091087252277,
                69.16142015245231
              ],
              [
                88.28031641862759,
                69.15927578396278
              ],
              [
                88.23871487217747,
                69.16581570095491
              ],
              [
                88.22955146425431,
                69.16096238878055
              ],
              [
                88.22697985066321,
                69.15819444444449
              ],
              [
                88.21132230462064,
                69.15919643825961
              ],
              [
                88.17097401289539,
                69.16566107855914
              ],
              [
                88.16343820851108,
                69.16536200629352
              ],
              [
                88.139821681164,
                69.16629787868928
              ],
              [
                88.1290957738438,
                69.17006273057729
              ],
              [
                88.12597077504944,
                69.18635911729612
              ],
              [
                88.1195742931422,
                69.19471889919706
              ],
              [
                88.11996491799141,
                69.2045587836372
              ],
              [
                88.10902742221134,
                69.20715989854608
              ],
              [
                88.10313549740107,
                69.21352179633254
              ],
              [
                88.09486727142433,
                69.22118476019972
              ],
              [
                88.09263745457628,
                69.22632188585072
              ],
              [
                88.09680411963546,
                69.2341964382596
              ],
              [
                88.09922924890799,
                69.24435370551222
              ],
              [
                88.12899811763145,
                69.26357062445751
              ],
              [
                88.13635488562659,
                69.26327867296015
              ],
              [
                88.14260488321531,
                69.26352688259556
              ],
              [
                88.14875722459186,
                69.26328274197061
              ],
              [
                88.1529889937924,
                69.26590521918413
              ],
              [
                88.13567129214044,
                69.28194017198365
              ],
              [
                88.09802482228946,
                69.28889411078566
              ],
              [
                88.08996818477277,
                69.28607225206164
              ],
              [
                88.06098056574785,
                69.28053839789501
              ],
              [
                88.02045323763338,
                69.27700649685335
              ],
              [
                87.98635494349702,
                69.27835740831168
              ],
              [
                87.96420325933485,
                69.27747951931428
              ],
              [
                87.96078529190339,
                69.28826544867627
              ],
              [
                87.94257240830513,
                69.29044643825961
              ],
              [
                87.93847084738746,
                69.29437303331164
              ],
              [
                87.95985755788627,
                69.3069381374784
              ],
              [
                87.9995059800898,
                69.31383104112422
              ],
              [
                88.01343826638157,
                69.31327867296011
              ],
              [
                88.02681716746991,
                69.3138096788195
              ],
              [
                88.03938226678889,
                69.32245734320753
              ],
              [
                88.05722080157324,
                69.32586310492621
              ],
              [
                88.06548902755014,
                69.32802578396269
              ],
              [
                88.09442781846889,
                69.330548570421
              ],
              [
                88.10507234561203,
                69.33427578396271
              ],
              [
                88.13511790693718,
                69.33649237738717
              ],
              [
                88.14384186190466,
                69.33614651150182
              ],
              [
                88.15923899138113,
                69.33211310492624
              ],
              [
                88.1712995336033,
                69.3298080105252
              ],
              [
                88.18480864297464,
                69.32051744249137
              ],
              [
                88.20552803602283,
                69.31721544053826
              ],
              [
                88.22048571254356,
                69.31780748155384
              ]
            ]
          ],
          [
            [
              [
                89.21337269927687,
                69.9737543402778
              ],
              [
                89.2112893667474,
                69.97155300564242
              ],
              [
                89.19932648073757,
                69.97226711697053
              ],
              [
                89.19462270651076,
                69.96554511176217
              ],
              [
                89.19249054587499,
                69.96088507758247
              ],
              [
                89.18433625214601,
                69.95359341091583
              ],
              [
                89.18837270892215,
                69.9508437771268
              ],
              [
                89.20295603662896,
                69.94812262641068
              ],
              [
                89.2000263502594,
                69.94285020616326
              ],
              [
                89.18526398616302,
                69.9360753038195
              ],
              [
                89.18853546927579,
                69.93006232367628
              ],
              [
                89.18318065363343,
                69.92240241156688
              ],
              [
                89.19960317333931,
                69.91858161078571
              ],
              [
                89.20381866650462,
                69.90940802680126
              ],
              [
                89.21558624008952,
                69.90721177842886
              ],
              [
                89.2258726944545,
                69.90292711046015
              ],
              [
                89.24058623044465,
                69.90096177842901
              ],
              [
                89.25087268480934,
                69.89876044379344
              ],
              [
                89.26350288826995,
                69.8967951117622
              ],
              [
                89.27123400507895,
                69.8913945176867
              ],
              [
                89.28752631650167,
                69.89817145453554
              ],
              [
                89.30087266551914,
                69.89459377712683
              ],
              [
                89.31915065325933,
                69.89245347764765
              ],
              [
                89.32180364702737,
                69.8838709174263
              ],
              [
                89.32922551916386,
                69.87723944769971
              ],
              [
                89.32540065084794,
                69.86077826605907
              ],
              [
                89.30424180484448,
                69.84769436306436
              ],
              [
                89.28420600528256,
                69.8550104437935
              ],
              [
                89.26991564621261,
                69.86095730251736
              ],
              [
                89.25712268239806,
                69.86334377712694
              ],
              [
                89.24896838866891,
                69.8662744818794
              ],
              [
                89.24867542003204,
                69.86147610134552
              ],
              [
                89.25920601492777,
                69.8570937771268
              ],
              [
                89.27701199764135,
                69.85377041286898
              ],
              [
                89.28420600528256,
                69.84734341091587
              ],
              [
                89.28225288103613,
                69.84459377712685
              ],
              [
                89.27795600769389,
                69.8426284450955
              ],
              [
                89.27229194737919,
                69.83954616970493
              ],
              [
                89.22611683498525,
                69.83221177842884
              ],
              [
                89.19462270651076,
                69.83417711046019
              ],
              [
                89.18178091459004,
                69.83762051052537
              ],
              [
                89.16239615644378,
                69.83877509223089
              ],
              [
                89.1514423846283,
                69.83812303331177
              ],
              [
                89.12906283597056,
                69.84152777777786
              ],
              [
                89.13003939809386,
                69.8426284450955
              ],
              [
                89.14878939086014,
                69.84482469346801
              ],
              [
                89.14519238703929,
                69.8522597927518
              ],
              [
                89.1071227402685,
                69.8550104437935
              ],
              [
                89.10100295096271,
                69.85721177842879
              ],
              [
                89.08850295578537,
                69.85954433865021
              ],
              [
                89.09045608003197,
                69.8634617784289
              ],
              [
                89.09670607762058,
                69.86904547797315
              ],
              [
                89.09266962084456,
                69.87179511176225
              ],
              [
                89.08462925936323,
                69.87427517361121
              ],
              [
                89.07361038340593,
                69.88412523057727
              ],
              [
                89.07986038099466,
                69.88971808539503
              ],
              [
                89.06962275473603,
                69.90292711046015
              ],
              [
                89.06716507339263,
                69.9135228135851
              ],
              [
                89.06109411219319,
                69.92032009548618
              ],
              [
                89.02559607901333,
                69.91820421006952
              ],
              [
                89.01950884177847,
                69.923643459744
              ],
              [
                89.01400754181742,
                69.92980088975699
              ],
              [
                89.00661822175181,
                69.93450466579873
              ],
              [
                89.0012796821448,
                69.94048000759554
              ],
              [
                88.98850299436566,
                69.94345343695755
              ],
              [
                88.99200234197389,
                69.94941250271273
              ],
              [
                89.01605832227648,
                69.96692348904088
              ],
              [
                89.04844763269722,
                69.972070787218
              ],
              [
                89.06584671452612,
                69.97103420681427
              ],
              [
                89.07802118899582,
                69.97953843858514
              ],
              [
                89.11260776419402,
                69.97747646755656
              ],
              [
                89.13744499419516,
                69.98125352647577
              ],
              [
                89.14789420891361,
                69.97750393337674
              ],
              [
                89.16325878631926,
                69.98389227973107
              ],
              [
                89.17600292202764,
                69.97804511176221
              ],
              [
                89.18003937880371,
                69.97584377712676
              ],
              [
                89.21337269927687,
                69.9737543402778
              ]
            ]
          ],
          [
            [
              [
                89.22240589891686,
                70.04711859809032
              ],
              [
                89.2379332366765,
                70.04424791124137
              ],
              [
                89.24668974371468,
                70.03369696723098
              ],
              [
                89.25692736997354,
                70.03474066840278
              ],
              [
                89.25917346285695,
                70.01904344346798
              ],
              [
                89.25154000226036,
                70.01270087348107
              ],
              [
                89.23834013756112,
                70.00516608344188
              ],
              [
                89.2373961275087,
                70.00402777777794
              ],
              [
                89.22017608206886,
                70.0050633409289
              ],
              [
                89.21750681226536,
                70.01415757921018
              ],
              [
                89.19724314820809,
                70.010953233507
              ],
              [
                89.18941437518669,
                70.01175177680133
              ],
              [
                89.18645213674637,
                70.02183275010856
              ],
              [
                89.18379914297822,
                70.02646531846807
              ],
              [
                89.18461294474758,
                70.03448025173617
              ],
              [
                89.17911164478659,
                70.03904568142369
              ],
              [
                89.16701855049388,
                70.03781175401483
              ],
              [
                89.16781607622772,
                70.0457127549914
              ],
              [
                89.18759145922331,
                70.0542912462023
              ],
              [
                89.20852244073154,
                70.0580204942492
              ],
              [
                89.21203806437512,
                70.04606268988724
              ],
              [
                89.22240589891686,
                70.04711859809032
              ]
            ]
          ],
          [
            [
              [
                92.21558508268237,
                70.1717279730903
              ],
              [
                92.21498286937293,
                70.18168280707474
              ],
              [
                92.22170487198792,
                70.18637844509556
              ],
              [
                92.22705968763029,
                70.18883612738719
              ],
              [
                92.23340734143136,
                70.19880215115032
              ],
              [
                92.27123284767151,
                70.204556749132
              ],
              [
                92.28562086295392,
                70.19540351019978
              ],
              [
                92.28664625318339,
                70.17823737250447
              ],
              [
                92.28189365085035,
                70.17565456814253
              ],
              [
                92.25712152499062,
                70.17179511176218
              ],
              [
                92.25614496286732,
                70.17069444444454
              ],
              [
                92.21558508268237,
                70.1717279730903
              ]
            ]
          ],
          [
            [
              [
                92.16441322742452,
                70.15720262315546
              ],
              [
                92.1331957915516,
                70.16206814236122
              ],
              [
                92.11934488543699,
                70.16842190212674
              ],
              [
                92.10933512367382,
                70.17737881130651
              ],
              [
                92.11885660437537,
                70.18385057237418
              ],
              [
                92.13433511402854,
                70.18626044379349
              ],
              [
                92.14253823586381,
                70.18846177842886
              ],
              [
                92.16125567655939,
                70.19195400661894
              ],
              [
                92.16166257744402,
                70.19881944444458
              ],
              [
                92.16104408809917,
                70.20915574815547
              ],
              [
                92.16735918982948,
                70.20953213161897
              ],
              [
                92.18536048496787,
                70.20672553168413
              ],
              [
                92.19071530061052,
                70.19687750922316
              ],
              [
                92.19034095179637,
                70.19048611111114
              ],
              [
                92.19081295682264,
                70.18251797146269
              ],
              [
                92.18837155151465,
                70.1780451117622
              ],
              [
                92.18542558910946,
                70.17161912706166
              ],
              [
                92.18212155392587,
                70.16554511176224
              ],
              [
                92.17998939329004,
                70.16088507758255
              ],
              [
                92.17587155633703,
                70.15721177842889
              ],
              [
                92.17489499421396,
                70.15611111111116
              ],
              [
                92.16441322742452,
                70.15720262315546
              ]
            ]
          ],
          [
            [
              [
                92.36140208371728,
                70.21160630967887
              ],
              [
                92.3655361967057,
                70.21963243272575
              ],
              [
                92.36849843514608,
                70.22573594835075
              ],
              [
                92.3840094968703,
                70.23625027126744
              ],
              [
                92.39904855356832,
                70.23655748155389
              ],
              [
                92.41967029040399,
                70.22432196723102
              ],
              [
                92.4104092262686,
                70.21847479926217
              ],
              [
                92.39053618706072,
                70.21338243272572
              ],
              [
                92.3800869723421,
                70.21133978949658
              ],
              [
                92.37906158211257,
                70.21027777777783
              ],
              [
                92.36140208371728,
                70.21160630967887
              ]
            ]
          ],
          [
            [
              [
                94.47827952222877,
                70.27364752875437
              ],
              [
                94.49742013984428,
                70.27126715766062
              ],
              [
                94.51730945508774,
                70.27578782823352
              ],
              [
                94.52046700595287,
                70.27080532497848
              ],
              [
                94.51623523675204,
                70.25604295518664
              ],
              [
                94.49771310848126,
                70.24516038682728
              ],
              [
                94.49071441326458,
                70.24428860134554
              ],
              [
                94.48231597900485,
                70.25101772732205
              ],
              [
                94.47242014948938,
                70.25315802680132
              ],
              [
                94.46822093235937,
                70.26306504991322
              ],
              [
                94.45497223955425,
                70.26537116156686
              ],
              [
                94.45406078157254,
                70.26652777777784
              ],
              [
                94.46981598382746,
                70.26745449490028
              ],
              [
                94.47827952222877,
                70.27364752875437
              ]
            ]
          ],
          [
            [
              [
                89.83428717326825,
                70.29127041286893
              ],
              [
                89.83767258862872,
                70.30034735785597
              ],
              [
                89.84467128384534,
                70.30508978949669
              ],
              [
                89.85315109828213,
                70.30715786404102
              ],
              [
                89.86695317629051,
                70.32151841905389
              ],
              [
                89.88361983652709,
                70.32634528266055
              ],
              [
                89.91783206291149,
                70.33134507921014
              ],
              [
                89.9530371274542,
                70.33421576605917
              ],
              [
                89.98008789826793,
                70.3381667751737
              ],
              [
                89.97460287434245,
                70.33314866807737
              ],
              [
                89.94179038700139,
                70.32191819932729
              ],
              [
                89.92800458502842,
                70.31967312282995
              ],
              [
                89.90796878546655,
                70.31100714789517
              ],
              [
                89.86762049374153,
                70.29879909939248
              ],
              [
                89.85293950982197,
                70.2959324815539
              ],
              [
                89.84467128384534,
                70.29050645616323
              ],
              [
                89.84364589361593,
                70.28944444444448
              ],
              [
                89.83428717326825,
                70.29127041286893
              ]
            ]
          ],
          [
            [
              [
                90.11146805591437,
                70.33010301378042
              ],
              [
                90.11332352394857,
                70.33226772732209
              ],
              [
                90.13021804868066,
                70.33828782823355
              ],
              [
                90.14618483939557,
                70.34549709743925
              ],
              [
                90.17196607944913,
                70.3487044949002
              ],
              [
                90.17186842323673,
                70.34066006130647
              ],
              [
                90.14896804144684,
                70.33412116156691
              ],
              [
                90.1258235191259,
                70.33018439398887
              ],
              [
                90.12489578510883,
                70.32902777777787
              ],
              [
                90.11146805591437,
                70.33010301378042
              ]
            ]
          ],
          [
            [
              [
                92.96340380458861,
                70.34877977159292
              ],
              [
                92.95228727241891,
                70.35782518174918
              ],
              [
                92.93651579412858,
                70.3680068630643
              ],
              [
                92.95853727000758,
                70.37377977159295
              ],
              [
                92.98817593044811,
                70.37127224392361
              ],
              [
                92.98013556896672,
                70.36382188585074
              ],
              [
                92.98215379735467,
                70.36127977159296
              ],
              [
                92.98623908223698,
                70.3574823676216
              ],
              [
                92.9732508059979,
                70.35500230577264
              ],
              [
                92.96656135545373,
                70.3477777777778
              ],
              [
                92.96340380458861,
                70.34877977159292
              ]
            ]
          ],
          [
            [
              [
                90.07906246945828,
                70.34361111111116
              ],
              [
                90.06753903640407,
                70.34459377712693
              ],
              [
                90.06109372639065,
                70.34690700954872
              ],
              [
                90.05510414536809,
                70.34654995388456
              ],
              [
                90.0471451640638,
                70.34702399359819
              ],
              [
                90.04475258686176,
                70.35659430609809
              ],
              [
                90.07043617070292,
                70.3613886176216
              ],
              [
                90.0737890339928,
                70.36609341091585
              ],
              [
                90.06530921955596,
                70.37366889105903
              ],
              [
                90.07035479052593,
                70.3808913845487
              ],
              [
                90.08624020106402,
                70.38699286566845
              ],
              [
                90.10100256516023,
                70.39042711046008
              ],
              [
                90.10712235446607,
                70.39262844509565
              ],
              [
                90.1292089344866,
                70.39667711046013
              ],
              [
                90.1252050297814,
                70.38930711534292
              ],
              [
                90.1312434389099,
                70.38067267523877
              ],
              [
                90.1489192133406,
                70.37387844509556
              ],
              [
                90.15295567011668,
                70.37032518174934
              ],
              [
                90.14639642785568,
                70.36093492296013
              ],
              [
                90.12185216649152,
                70.35149685329867
              ],
              [
                90.08033200021839,
                70.3450261094836
              ],
              [
                90.07906246945828,
                70.34361111111116
              ]
            ]
          ],
          [
            [
              [
                90.59468727052882,
                70.38669074164503
              ],
              [
                90.62455379546469,
                70.38550767686635
              ],
              [
                90.63552384331558,
                70.3816583930122
              ],
              [
                90.63840470157919,
                70.36961310492632
              ],
              [
                90.64232722610745,
                70.36219529893668
              ],
              [
                90.63007137146076,
                70.35927578396283
              ],
              [
                90.62906225726698,
                70.35819444444445
              ],
              [
                90.61415340885213,
                70.35938869900184
              ],
              [
                90.5998630497819,
                70.35882208930124
              ],
              [
                90.58010394282178,
                70.36399888780383
              ],
              [
                90.56916644704154,
                70.36113328721794
              ],
              [
                90.56247699649725,
                70.36139879014763
              ],
              [
                90.54358051941256,
                70.3713983832466
              ],
              [
                90.53221984671234,
                70.38010911729606
              ],
              [
                90.51989888792417,
                70.38915045844195
              ],
              [
                90.52544901599106,
                70.39964850531686
              ],
              [
                90.5158787071835,
                70.40851793077263
              ],
              [
                90.51513000955549,
                70.41752977159297
              ],
              [
                90.53715148543478,
                70.40792283799917
              ],
              [
                90.54148091084772,
                70.3987400987414
              ],
              [
                90.55721983706724,
                70.39260911729602
              ],
              [
                90.56340473051432,
                70.38836310492621
              ],
              [
                90.57990863039726,
                70.38610582139759
              ],
              [
                90.59468727052882,
                70.38669074164503
              ]
            ]
          ],
          [
            [
              [
                90.8486096986066,
                70.42215623643673
              ],
              [
                90.86403938015388,
                70.42769415961374
              ],
              [
                90.91107712242325,
                70.43064317491326
              ],
              [
                90.93114547405577,
                70.42635850694447
              ],
              [
                90.93873010654619,
                70.42363226996537
              ],
              [
                90.93830692962615,
                70.41652777777784
              ],
              [
                90.93856734619243,
                70.41236111111112
              ],
              [
                90.93835575773232,
                70.40893093532995
              ],
              [
                90.93114547405577,
                70.40936021592893
              ],
              [
                90.92714156935045,
                70.40912116156693
              ],
              [
                90.91975224928456,
                70.40084377712674
              ],
              [
                90.91128871088318,
                70.39887844509568
              ],
              [
                90.90140915740307,
                70.39121242947053
              ],
              [
                90.90604782748852,
                70.3826644558377
              ],
              [
                90.90087204823527,
                70.37804511176219
              ],
              [
                90.89989548611197,
                70.37694444444455
              ],
              [
                90.88910447465025,
                70.37858527289498
              ],
              [
                90.8503024062868,
                70.3762720404732
              ],
              [
                90.8322522830423,
                70.38012844509558
              ],
              [
                90.8154554145226,
                70.38209377712684
              ],
              [
                90.79343393864349,
                70.38544358995227
              ],
              [
                90.79003224724767,
                70.39647264268675
              ],
              [
                90.77269826956001,
                70.401827460395
              ],
              [
                90.75992158178116,
                70.4064112006294
              ],
              [
                90.75308564691846,
                70.41614122178822
              ],
              [
                90.77050100478277,
                70.42628831651493
              ],
              [
                90.79533823478386,
                70.42480821397572
              ],
              [
                90.8039482575038,
                70.43082119411895
              ],
              [
                90.8204521573864,
                70.42983751085077
              ],
              [
                90.83278939221009,
                70.42121324327263
              ],
              [
                90.8486096986066,
                70.42215623643673
              ]
            ]
          ],
          [
            [
              [
                93.40295441625875,
                70.4487604437935
              ],
              [
                93.3843997359171,
                70.452061428494
              ],
              [
                93.36350130647986,
                70.45531765407989
              ],
              [
                93.36574739936316,
                70.45987596299918
              ],
              [
                93.38433463177552,
                70.46334377712677
              ],
              [
                93.39465363821103,
                70.47055406358515
              ],
              [
                93.41545441143609,
                70.47179511176219
              ],
              [
                93.4207278469018,
                70.47277777777785
              ],
              [
                93.42170440902504,
                70.47167711046012
              ],
              [
                93.4612226229454,
                70.46858364529086
              ],
              [
                93.4616457998655,
                70.46173550075957
              ],
              [
                93.44670439937983,
                70.4530410427518
              ],
              [
                93.44702992008746,
                70.44731085883254
              ],
              [
                93.43254424859276,
                70.44644619411912
              ],
              [
                93.40295441625875,
                70.4487604437935
              ]
            ]
          ],
          [
            [
              [
                92.73488826775036,
                70.48238369411888
              ],
              [
                92.74680232565396,
                70.48010911729608
              ],
              [
                92.74952042356364,
                70.47155605740019
              ],
              [
                92.76545466220767,
                70.47218777126744
              ],
              [
                92.76584528705718,
                70.46250962999142
              ],
              [
                92.76276911636876,
                70.45281928168407
              ],
              [
                92.74901586646666,
                70.44553575303837
              ],
              [
                92.73840389139394,
                70.44052578396276
              ],
              [
                92.73221899794686,
                70.4362797715929
              ],
              [
                92.72388566782854,
                70.4323470730252
              ],
              [
                92.732853763327,
                70.42596177842884
              ],
              [
                92.76385961073987,
                70.42172390407998
              ],
              [
                92.79556532767441,
                70.40788723415815
              ],
              [
                92.81337131038805,
                70.40364630805132
              ],
              [
                92.81361545091886,
                70.39726711697051
              ],
              [
                92.79634657737296,
                70.38611294216594
              ],
              [
                92.79076389723502,
                70.3800765652127
              ],
              [
                92.78215387451507,
                70.37802578396264
              ],
              [
                92.77575739260783,
                70.37578579372837
              ],
              [
                92.76844945271915,
                70.37607571072056
              ],
              [
                92.74903214250202,
                70.37317857530383
              ],
              [
                92.73356990888402,
                70.37722927517368
              ],
              [
                92.69717669375797,
                70.37867173936638
              ],
              [
                92.69164284172626,
                70.37269843207474
              ],
              [
                92.68448138615582,
                70.36607001410593
              ],
              [
                92.68080300215826,
                70.35826260036899
              ],
              [
                92.66757058538826,
                70.35510911729611
              ],
              [
                92.65611225647575,
                70.34723049587683
              ],
              [
                92.63739481578023,
                70.34648790147577
              ],
              [
                92.62489482060283,
                70.3469843207466
              ],
              [
                92.61361552807938,
                70.34653672960084
              ],
              [
                92.59527243619794,
                70.35134629991327
              ],
              [
                92.57717348484726,
                70.34864651150178
              ],
              [
                92.56648012959778,
                70.3490707058377
              ],
              [
                92.55923729385017,
                70.34677578396276
              ],
              [
                92.54870669895473,
                70.34245144314241
              ],
              [
                92.53300032480598,
                70.34307400173606
              ],
              [
                92.51945866336376,
                70.3404901801216
              ],
              [
                92.51202051519164,
                70.3324681260851
              ],
              [
                92.48145412073433,
                70.33125657823354
              ],
              [
                92.47793849709063,
                70.33871405707475
              ],
              [
                92.46975165129078,
                70.34628750271276
              ],
              [
                92.47909409560305,
                70.35846706814237
              ],
              [
                92.4682705320705,
                70.36849209255644
              ],
              [
                92.46358303387905,
                70.37736050075964
              ],
              [
                92.46324123713578,
                70.38585659450959
              ],
              [
                92.49258692893909,
                70.39444627549918
              ],
              [
                92.51529199830458,
                70.39716335720493
              ],
              [
                92.52393457309523,
                70.40310716417102
              ],
              [
                92.53002181032997,
                70.40286505805125
              ],
              [
                92.53913639014695,
                70.40914048936637
              ],
              [
                92.55573794624195,
                70.40979763454865
              ],
              [
                92.56495018227128,
                70.40656989203563
              ],
              [
                92.57798728661652,
                70.40967352973092
              ],
              [
                92.57596905822862,
                70.41344245062942
              ],
              [
                92.56763572811025,
                70.41737514919711
              ],
              [
                92.56967023253372,
                70.43028815375439
              ],
              [
                92.57590395408693,
                70.4360630967883
              ],
              [
                92.57818259904116,
                70.44325914171012
              ],
              [
                92.59030824540486,
                70.45448554144971
              ],
              [
                92.59523988412712,
                70.46494493272573
              ],
              [
                92.60721904617213,
                70.46961310492617
              ],
              [
                92.6082281603662,
                70.47069444444455
              ],
              [
                92.61763570882005,
                70.46969245062942
              ],
              [
                92.62671773656615,
                70.4634424506294
              ],
              [
                92.63846903411587,
                70.46544643825962
              ],
              [
                92.64576069796948,
                70.46929673936637
              ],
              [
                92.68402565716502,
                70.47539415147591
              ],
              [
                92.69069883167379,
                70.48259935167104
              ],
              [
                92.71551978563946,
                70.48161566840287
              ],
              [
                92.73488826775036,
                70.48238369411888
              ]
            ]
          ],
          [
            [
              [
                92.12403238362839,
                70.48443142361117
              ],
              [
                92.18523027668499,
                70.48110297309037
              ],
              [
                92.18952715002706,
                70.47698615180124
              ],
              [
                92.1945727209972,
                70.47172695583782
              ],
              [
                92.21810786816735,
                70.46885118272573
              ],
              [
                92.22800369768282,
                70.46546576605908
              ],
              [
                92.2551195726382,
                70.46342312282994
              ],
              [
                92.26569899563975,
                70.45913336859812
              ],
              [
                92.28785067980198,
                70.45958502875442
              ],
              [
                92.31063712934434,
                70.45640407986113
              ],
              [
                92.31407137281099,
                70.44971666124138
              ],
              [
                92.30720288587747,
                70.43957872178831
              ],
              [
                92.3113369988659,
                70.43629909939241
              ],
              [
                92.32329988487567,
                70.42844794379343
              ],
              [
                92.3262621233161,
                70.41398668077258
              ],
              [
                92.32383699404323,
                70.40925645616326
              ],
              [
                92.32175366151381,
                70.39860175238721
              ],
              [
                92.3155362159959,
                70.3865432400174
              ],
              [
                92.32569246207743,
                70.37592617458785
              ],
              [
                92.33636954129173,
                70.37383978949666
              ],
              [
                92.34258698680964,
                70.37171576605908
              ],
              [
                92.35508698198703,
                70.36765997992626
              ],
              [
                92.35549388287166,
                70.34726406521287
              ],
              [
                92.35004141101689,
                70.33921963161902
              ],
              [
                92.35712148641056,
                70.33242336697054
              ],
              [
                92.35728424676427,
                70.32393541124125
              ],
              [
                92.3465095113379,
                70.31575975206164
              ],
              [
                92.32002840176273,
                70.31144863552527
              ],
              [
                92.31140210300742,
                70.30316006130647
              ],
              [
                92.30734937019605,
                70.29479824490025
              ],
              [
                92.29553296850474,
                70.28678331163206
              ],
              [
                92.28304924936282,
                70.2803603786893
              ],
              [
                92.2613695702268,
                70.27379909939245
              ],
              [
                92.23636957987173,
                70.26972907172316
              ],
              [
                92.23628819969503,
                70.26551357693143
              ],
              [
                92.26470615748121,
                70.26327969021281
              ],
              [
                92.28999911647315,
                70.2637964545358
              ],
              [
                92.31967032898427,
                70.2611587185331
              ],
              [
                92.31696850710995,
                70.25584357367623
              ],
              [
                92.2739672216166,
                70.25496568467901
              ],
              [
                92.23633702780114,
                70.25713243272577
              ],
              [
                92.22710851573646,
                70.26338243272579
              ],
              [
                92.21958898738751,
                70.26052090115019
              ],
              [
                92.21975174774138,
                70.25298611111117
              ],
              [
                92.21962153945833,
                70.2467778184679
              ],
              [
                92.22592036515329,
                70.23749538845493
              ],
              [
                92.21996333620149,
                70.23576911078567
              ],
              [
                92.20925370491642,
                70.23838243272576
              ],
              [
                92.20189693692163,
                70.24089809841584
              ],
              [
                92.18635332312658,
                70.2355758327908
              ],
              [
                92.16047442686084,
                70.24518683539497
              ],
              [
                92.15188068017636,
                70.25653123643664
              ],
              [
                92.16079994756848,
                70.26112616644974
              ],
              [
                92.20192948899233,
                70.26448004828566
              ],
              [
                92.207170372387,
                70.2695103624132
              ],
              [
                92.20469641500819,
                70.26970770941844
              ],
              [
                92.19727454287153,
                70.26955715603302
              ],
              [
                92.1941169920064,
                70.28250271267365
              ],
              [
                92.1657966904325,
                70.28192491319453
              ],
              [
                92.15725177185408,
                70.2901321072049
              ],
              [
                92.15704018339397,
                70.30076850043409
              ],
              [
                92.16342038926587,
                70.30508978949669
              ],
              [
                92.1859464222419,
                70.31058193630656
              ],
              [
                92.1901456393719,
                70.31874131944448
              ],
              [
                92.18428626663245,
                70.32175645616329
              ],
              [
                92.17800371697302,
                70.32379909939243
              ],
              [
                92.17178627145495,
                70.32592312282992
              ],
              [
                92.15526609553677,
                70.32995144314242
              ],
              [
                92.15009031628375,
                70.334927842882
              ],
              [
                92.16071856739154,
                70.34008734809032
              ],
              [
                92.15612872541226,
                70.35424648708778
              ],
              [
                92.1447029485704,
                70.35717312282998
              ],
              [
                92.12924071495246,
                70.36019436306432
              ],
              [
                92.12024006738335,
                70.36883287217893
              ],
              [
                92.12448811261925,
                70.37708889431428
              ],
              [
                92.11809163071212,
                70.3865330674914
              ],
              [
                92.12788980401541,
                70.39673102484818
              ],
              [
                92.1442309435443,
                70.40071560329866
              ],
              [
                92.1514900553268,
                70.40423122829867
              ],
              [
                92.15717039167708,
                70.41526231553823
              ],
              [
                92.1520271644946,
                70.42112169053846
              ],
              [
                92.14050373144056,
                70.42796576605909
              ],
              [
                92.13020100104035,
                70.43578538682732
              ],
              [
                92.07256755973378,
                70.4315800645617
              ],
              [
                92.0608650902904,
                70.43951463487423
              ],
              [
                92.053036317269,
                70.43421576605911
              ],
              [
                92.04678631968028,
                70.43118333604605
              ],
              [
                92.0500740788284,
                70.42601976182738
              ],
              [
                92.06758709290511,
                70.42316840277778
              ],
              [
                92.06485271896025,
                70.41566514756951
              ],
              [
                92.05508709772772,
                70.40925645616326
              ],
              [
                92.0444100185137,
                70.40202379014764
              ],
              [
                92.03467694935193,
                70.40703782823351
              ],
              [
                92.01812422136311,
                70.40737555609815
              ],
              [
                92.00928633414793,
                70.40308885362415
              ],
              [
                92.0134204471363,
                70.40088243272572
              ],
              [
                92.04050377002085,
                70.39601589626739
              ],
              [
                92.03612551650144,
                70.39234056260855
              ],
              [
                92.02170494914833,
                70.39263454861111
              ],
              [
                92.01407148855168,
                70.38468268500452
              ],
              [
                91.98428634379286,
                70.38004909939241
              ],
              [
                91.96561773120374,
                70.3777674018013
              ],
              [
                91.97383712907413,
                70.36987657335072
              ],
              [
                91.96844976136094,
                70.36374152289505
              ],
              [
                91.95513596441418,
                70.36829779730908
              ],
              [
                91.95508713630801,
                70.36538642035597
              ],
              [
                91.96053960816283,
                70.36013536241327
              ],
              [
                91.95279221531842,
                70.35487718370234
              ],
              [
                91.90617764996898,
                70.35741217719186
              ],
              [
                91.89470304502112,
                70.36133978949658
              ],
              [
                91.88049406612782,
                70.3641138373481
              ],
              [
                91.86970305466605,
                70.36967312282994
              ],
              [
                91.8644784473068,
                70.3706944444445
              ],
              [
                91.8656177697838,
                70.37188259548623
              ],
              [
                91.8797453685001,
                70.37159471299924
              ],
              [
                91.88814380275983,
                70.37566474066844
              ],
              [
                91.8946704929503,
                70.3800897894966
              ],
              [
                91.90713793605687,
                70.38313239203566
              ],
              [
                91.90725186830468,
                70.38834275987418
              ],
              [
                91.90402921329797,
                70.39458055284291
              ],
              [
                91.93008714595317,
                70.39689683702267
              ],
              [
                91.92803636549428,
                70.40092312282991
              ],
              [
                91.91553637031694,
                70.4049799262153
              ],
              [
                91.92616462142473,
                70.40873562282991
              ],
              [
                91.93664638821423,
                70.41142015245242
              ],
              [
                91.94468674969556,
                70.41125535753054
              ],
              [
                91.95689377623609,
                70.41150458441845
              ],
              [
                91.96529221049582,
                70.40717312282993
              ],
              [
                91.97178634861547,
                70.40921576605908
              ],
              [
                91.97800379413337,
                70.41133978949657
              ],
              [
                91.99675378689966,
                70.41363165961371
              ],
              [
                91.9945727981576,
                70.41784308539499
              ],
              [
                91.97421147788822,
                70.41742804633259
              ],
              [
                91.96752202734388,
                70.42067409939253
              ],
              [
                91.96770106373327,
                70.42996365017368
              ],
              [
                91.96136968596755,
                70.43425645616338
              ],
              [
                91.95717046883749,
                70.43629909939241
              ],
              [
                91.95430588660946,
                70.44513597276486
              ],
              [
                91.94261969320132,
                70.45080003526476
              ],
              [
                91.9501717736211,
                70.4589573838976
              ],
              [
                91.96148361821537,
                70.46444444444461
              ],
              [
                91.96122320164898,
                70.4770298936632
              ],
              [
                92.00459883595624,
                70.48336839463983
              ],
              [
                92.04053632209138,
                70.4862990993924
              ],
              [
                92.07349529375074,
                70.49111375596794
              ],
              [
                92.09159424510148,
                70.48376919216594
              ],
              [
                92.12403238362839,
                70.48443142361117
              ]
            ]
          ],
          [
            [
              [
                99.11545221236202,
                70.47112881130658
              ],
              [
                99.10679336153618,
                70.45518134223096
              ],
              [
                99.08628555694804,
                70.45304511176218
              ],
              [
                99.08530899482469,
                70.45194444444436
              ],
              [
                99.06545223165216,
                70.45292711046011
              ],
              [
                99.04556291640881,
                70.45527899848099
              ],
              [
                99.03075172420643,
                70.46332546657993
              ],
              [
                99.01825172902903,
                70.46623480902787
              ],
              [
                99.00969053441526,
                70.47578884548619
              ],
              [
                99.00490538001151,
                70.4779973008898
              ],
              [
                99.01141579416628,
                70.48001044379347
              ],
              [
                99.01336891841282,
                70.48314358181432
              ],
              [
                99.00448220309141,
                70.4883437771268
              ],
              [
                98.99640928953909,
                70.47930650499137
              ],
              [
                98.96961893529175,
                70.48247219509557
              ],
              [
                98.95614237799106,
                70.49352769639762
              ],
              [
                98.953082483338,
                70.50228929307727
              ],
              [
                98.96766581104515,
                70.5050104437936
              ],
              [
                98.97378560035094,
                70.50721177842888
              ],
              [
                99.00044574631511,
                70.50948737250437
              ],
              [
                99.0071189208241,
                70.50709377712681
              ],
              [
                99.03641578452135,
                70.50512844509555
              ],
              [
                99.04253557382685,
                70.50292711046009
              ],
              [
                99.06268530563625,
                70.49916836208772
              ],
              [
                99.06961889671135,
                70.49667711046015
              ],
              [
                99.08231420431349,
                70.49372809516063
              ],
              [
                99.10243138405218,
                70.48279161241322
              ],
              [
                99.11545221236202,
                70.47112881130658
              ]
            ]
          ],
          [
            [
              [
                93.9720297175412,
                70.5641769070096
              ],
              [
                93.980037526952,
                70.56124213324665
              ],
              [
                93.99660653097618,
                70.55625454372836
              ],
              [
                93.99738778067473,
                70.54629564073366
              ],
              [
                93.9939698132435,
                70.53861741807731
              ],
              [
                93.9842041920109,
                70.53639675564239
              ],
              [
                93.97697763229894,
                70.53237148708774
              ],
              [
                93.9676677400575,
                70.53757269965283
              ],
              [
                93.95516774488016,
                70.5341587999132
              ],
              [
                93.92137869541597,
                70.53221279568149
              ],
              [
                93.91864432147094,
                70.52902777777786
              ],
              [
                93.89087740510001,
                70.53185879177522
              ],
              [
                93.90295422335748,
                70.53459723578561
              ],
              [
                93.89683443405181,
                70.53639675564239
              ],
              [
                93.88837089565044,
                70.53832546657992
              ],
              [
                93.88433443887442,
                70.5405634223091
              ],
              [
                93.86975111116732,
                70.54322353786893
              ],
              [
                93.87382012001416,
                70.55075934516063
              ],
              [
                93.88156751285857,
                70.5550928412544
              ],
              [
                93.90100109911106,
                70.55707546657993
              ],
              [
                93.91675630136598,
                70.56178636338981
              ],
              [
                93.94748545617728,
                70.5659550645617
              ],
              [
                93.95809743124971,
                70.5630569118924
              ],
              [
                93.9720297175412,
                70.5641769070096
              ]
            ]
          ],
          [
            [
              [
                100.85360258344582,
                70.56440578884556
              ],
              [
                100.8154841085688,
                70.56135911729612
              ],
              [
                100.81447499437473,
                70.56027777777783
              ],
              [
                100.78426667269588,
                70.56177415635861
              ],
              [
                100.7697484491303,
                70.56119839138461
              ],
              [
                100.76554923200035,
                70.56438646104601
              ],
              [
                100.78716380699467,
                70.57040554470498
              ],
              [
                100.80851796542294,
                70.56955817328563
              ],
              [
                100.84201404625009,
                70.57188259548613
              ],
              [
                100.86161039285633,
                70.5711064317492
              ],
              [
                100.86548408927871,
                70.56816453721794
              ],
              [
                100.85360258344582,
                70.56440578884556
              ]
            ]
          ],
          [
            [
              [
                93.85028497284401,
                70.57755072699658
              ],
              [
                93.84364435040607,
                70.56861111111118
              ],
              [
                93.81955581803265,
                70.56953782823359
              ],
              [
                93.81483576777049,
                70.57232103135854
              ],
              [
                93.80523290689189,
                70.5760177273221
              ],
              [
                93.78648291412577,
                70.57874701605905
              ],
              [
                93.7884685904429,
                70.58253831651487
              ],
              [
                93.79764827440147,
                70.58139594184036
              ],
              [
                93.81590998610591,
                70.58483730740028
              ],
              [
                93.82339696238427,
                70.58390346950961
              ],
              [
                93.83482273922624,
                70.5882878282336
              ],
              [
                93.83924982085153,
                70.58609463161895
              ],
              [
                93.84393731904288,
                70.58021796332474
              ],
              [
                93.85028497284401,
                70.57755072699658
              ]
            ]
          ],
          [
            [
              [
                93.03098190351676,
                70.57623948838983
              ],
              [
                93.04050338421825,
                70.57379909939246
              ],
              [
                93.0530684835374,
                70.57134345160591
              ],
              [
                93.05298710336041,
                70.566812608507
              ],
              [
                93.01685430480046,
                70.56093085394971
              ],
              [
                92.99107306474696,
                70.56145677354604
              ],
              [
                92.97556200302267,
                70.56775254991331
              ],
              [
                92.96343635665914,
                70.56750535753048
              ],
              [
                92.95417529252387,
                70.56769456651477
              ],
              [
                92.94886930498768,
                70.56722256130644
              ],
              [
                92.9551193025764,
                70.55508978949663
              ],
              [
                92.95717008303507,
                70.54980414496524
              ],
              [
                92.94467008785767,
                70.54675645616328
              ],
              [
                92.93428597728058,
                70.53456366644969
              ],
              [
                92.94683480056415,
                70.51962327745235
              ],
              [
                92.94673714435197,
                70.51502122667108
              ],
              [
                92.9113367673844,
                70.5092564561632
              ],
              [
                92.90295460916008,
                70.50711005316847
              ],
              [
                92.9030685414076,
                70.50154873318147
              ],
              [
                92.91970264957342,
                70.49883978949654
              ],
              [
                92.92592009509144,
                70.49671576605905
              ],
              [
                92.96114143566973,
                70.49425299750436
              ],
              [
                92.97745002312763,
                70.49007412380644
              ],
              [
                93.01490118055392,
                70.49554796006953
              ],
              [
                93.01774948674682,
                70.51007941352003
              ],
              [
                93.0270431029528,
                70.51617886013457
              ],
              [
                93.03845260375942,
                70.52171576605909
              ],
              [
                93.04258671674785,
                70.52383978949658
              ],
              [
                93.0629480370174,
                70.52796576605903
              ],
              [
                93.0654870985378,
                70.50713243272571
              ],
              [
                93.06962121152623,
                70.49915513780383
              ],
              [
                93.07173709612647,
                70.49234564887155
              ],
              [
                93.06555220267938,
                70.48032274034298
              ],
              [
                93.06324100565433,
                70.4708612738716
              ],
              [
                93.05399621755447,
                70.46479336208773
              ],
              [
                93.03622278691142,
                70.45617214626748
              ],
              [
                93.03640182330076,
                70.44738206651488
              ],
              [
                93.06503136954694,
                70.44272304958776
              ],
              [
                93.07847537477676,
                70.43927456325963
              ],
              [
                93.09673708648148,
                70.44301601833774
              ],
              [
                93.1071537491294,
                70.45092312282989
              ],
              [
                93.13775269565758,
                70.45590053982215
              ],
              [
                93.15507039730977,
                70.4508824327257
              ],
              [
                93.16971882915828,
                70.44883978949656
              ],
              [
                93.17382039007589,
                70.44671576605907
              ],
              [
                93.18430215686539,
                70.44467312282995
              ],
              [
                93.19257038284195,
                70.44254909939247
              ],
              [
                93.23150265948857,
                70.43937425401484
              ],
              [
                93.24048703102233,
                70.43629909939241
              ],
              [
                93.24888546528223,
                70.43425645616338
              ],
              [
                93.25715369125896,
                70.4321324327259
              ],
              [
                93.27284378937253,
                70.42906948513459
              ],
              [
                93.27590368402531,
                70.41963243272573
              ],
              [
                93.27805212069637,
                70.41550645616329
              ],
              [
                93.2800703490845,
                70.40921576605908
              ],
              [
                93.28221878575556,
                70.40508978949663
              ],
              [
                93.28423701414351,
                70.39455003526484
              ],
              [
                93.27375524735396,
                70.38946478949654
              ],
              [
                93.27388545563713,
                70.38319444444448
              ],
              [
                93.27382035149554,
                70.37995042588972
              ],
              [
                93.2595299924256,
                70.37058458116329
              ],
              [
                93.25650264984364,
                70.36118516710073
              ],
              [
                93.24429562330312,
                70.36143439398876
              ],
              [
                93.23638547010466,
                70.36550645616322
              ],
              [
                93.22590370331534,
                70.36754909939236
              ],
              [
                93.20259642064065,
                70.3746037462023
              ],
              [
                93.1899987692509,
                70.38417711046006
              ],
              [
                93.17388549421747,
                70.38004909939241
              ],
              [
                93.16340372742798,
                70.37800645616329
              ],
              [
                93.15305216892165,
                70.3758824327258
              ],
              [
                93.13781779979917,
                70.37291002061636
              ],
              [
                93.13221884362582,
                70.36855414496534
              ],
              [
                93.14471883880333,
                70.36550645616322
              ],
              [
                93.17268106759877,
                70.35684658474398
              ],
              [
                93.18423705272374,
                70.35088243272577
              ],
              [
                93.19481647572564,
                70.34575547960088
              ],
              [
                93.19458861123013,
                70.3339238145617
              ],
              [
                93.1843347089362,
                70.3240778266059
              ],
              [
                93.18133991842473,
                70.31485541449663
              ],
              [
                93.16548705995768,
                70.30717312282991
              ],
              [
                93.15305216892165,
                70.29671576605907
              ],
              [
                93.14048706960267,
                70.29467312283003
              ],
              [
                93.13430217615542,
                70.29254909939263
              ],
              [
                93.12798707442522,
                70.29050645616323
              ],
              [
                93.12697796023116,
                70.28944444444448
              ],
              [
                93.12382040936603,
                70.29046576605904
              ],
              [
                93.11971884844837,
                70.29258978949662
              ],
              [
                93.11340374671812,
                70.29463243272576
              ],
              [
                93.10930218580052,
                70.29695990668404
              ],
              [
                93.11389202777974,
                70.30589647081166
              ],
              [
                93.11128786211788,
                70.31353603786894
              ],
              [
                93.12609905432026,
                70.32776536729614
              ],
              [
                93.12590374189551,
                70.33706915961375
              ],
              [
                93.08410688302098,
                70.34047695583772
              ],
              [
                93.07583865704407,
                70.34473822699658
              ],
              [
                93.07606652153964,
                70.35693406846798
              ],
              [
                93.07365766830225,
                70.36161749945757
              ],
              [
                93.07391808486858,
                70.37394456651484
              ],
              [
                93.08606000726746,
                70.37983140733516
              ],
              [
                93.09257042142235,
                70.38425645616323
              ],
              [
                93.09768109653402,
                70.38673753526496
              ],
              [
                93.0963139095615,
                70.39254909939248
              ],
              [
                93.0759688653273,
                70.38838243272568
              ],
              [
                93.0621505112835,
                70.38568671332473
              ],
              [
                93.0260014366882,
                70.38642422146276
              ],
              [
                93.02154180299209,
                70.3817957221139
              ],
              [
                92.99732306233557,
                70.38229010687937
              ],
              [
                92.98020067310813,
                70.38923794216586
              ],
              [
                92.95533089103628,
                70.38606004503046
              ],
              [
                92.93220264475104,
                70.38842312282995
              ],
              [
                92.89857635564061,
                70.39116461859811
              ],
              [
                92.88636932910015,
                70.39821926540804
              ],
              [
                92.89758351748225,
                70.40556891547311
              ],
              [
                92.90300343726597,
                70.41142218695751
              ],
              [
                92.89467010714787,
                70.4154657660591
              ],
              [
                92.88615774064027,
                70.42191514756945
              ],
              [
                92.88638560513562,
                70.43238674587678
              ],
              [
                92.89058482226557,
                70.44054612901482
              ],
              [
                92.89050344208863,
                70.44471584743931
              ],
              [
                92.8853113868002,
                70.44461005316845
              ],
              [
                92.8799728471929,
                70.44471889919708
              ],
              [
                92.87595266645224,
                70.45300645616328
              ],
              [
                92.8732182925072,
                70.45833889431424
              ],
              [
                92.87863821229132,
                70.4663406032987
              ],
              [
                92.9050053896188,
                70.48199713812943
              ],
              [
                92.90717010232527,
                70.48451178656691
              ],
              [
                92.88308156995214,
                70.48402045355914
              ],
              [
                92.86971894489898,
                70.49416347927527
              ],
              [
                92.8590093136142,
                70.4967717149523
              ],
              [
                92.84696504742766,
                70.50298305935334
              ],
              [
                92.82792208602444,
                70.50564012315539
              ],
              [
                92.80511936044661,
                70.51550645616322
              ],
              [
                92.79247288095064,
                70.51797736273875
              ],
              [
                92.77608291331575,
                70.53173468695752
              ],
              [
                92.75827693060188,
                70.52717332628043
              ],
              [
                92.75202693301321,
                70.52065273708774
              ],
              [
                92.74776261174185,
                70.51656948513457
              ],
              [
                92.74266821266559,
                70.51125739203565
              ],
              [
                92.73576717366126,
                70.50462592230906
              ],
              [
                92.73850154760635,
                70.49663743760857
              ],
              [
                92.73840389139394,
                70.49210456000438
              ],
              [
                92.69388893460967,
                70.48485663519969
              ],
              [
                92.68845273879032,
                70.49050645616327
              ],
              [
                92.66654519515902,
                70.49265082465283
              ],
              [
                92.64886942072843,
                70.51154324001737
              ],
              [
                92.65303608578762,
                70.51963243272576
              ],
              [
                92.65559142334331,
                70.52489264594189
              ],
              [
                92.66454324280636,
                70.53076219346795
              ],
              [
                92.67836159685004,
                70.53746487087679
              ],
              [
                92.6967860689087,
                70.54046576605907
              ],
              [
                92.70953020461684,
                70.54263760036898
              ],
              [
                92.72175350719272,
                70.55092312282991
              ],
              [
                92.73431860651169,
                70.55398607042102
              ],
              [
                92.74675349754779,
                70.55717312282994
              ],
              [
                92.76521052167703,
                70.56077826605915
              ],
              [
                92.81057183230138,
                70.56373745388458
              ],
              [
                92.836353072355,
                70.56321153428826
              ],
              [
                92.84912976013408,
                70.5634719509548
              ],
              [
                92.85743053818146,
                70.57211961534293
              ],
              [
                92.88011933151154,
                70.5821324327257
              ],
              [
                92.88425344449996,
                70.5842564561633
              ],
              [
                92.89078013469009,
                70.58742824978304
              ],
              [
                92.94561409791021,
                70.59189704047316
              ],
              [
                92.96967007821269,
                70.58838243272575
              ],
              [
                92.98438361420273,
                70.58632758246532
              ],
              [
                92.99040574729617,
                70.58006842719195
              ],
              [
                93.00095261822696,
                70.57800645616325
              ],
              [
                93.00956264094691,
                70.57580206977002
              ],
              [
                93.03098190351676,
                70.57623948838983
              ]
            ]
          ],
          [
            [
              [
                93.34523959477525,
                70.57902777777784
              ],
              [
                93.34250522083016,
                70.5736800808377
              ],
              [
                93.34266798118409,
                70.56589097764763
              ],
              [
                93.38726431814536,
                70.5612482367622
              ],
              [
                93.40106639615374,
                70.55286404079865
              ],
              [
                93.40087108372921,
                70.54229885525197
              ],
              [
                93.39185416012464,
                70.53364712185356
              ],
              [
                93.38007031050421,
                70.52592312282988
              ],
              [
                93.36659375320352,
                70.51569363064243
              ],
              [
                93.36177604672866,
                70.50572862413199
              ],
              [
                93.32684767478764,
                70.50300645616326
              ],
              [
                93.31480340860082,
                70.5111770290799
              ],
              [
                93.28677607566402,
                70.51460110134553
              ],
              [
                93.27443884084033,
                70.51881761338984
              ],
              [
                93.26138546045973,
                70.51546576605915
              ],
              [
                93.25090369367024,
                70.51342312282992
              ],
              [
                93.2457279144171,
                70.51075080023878
              ],
              [
                93.24055213516391,
                70.51342312282992
              ],
              [
                93.22893104589747,
                70.51546576605915
              ],
              [
                93.21789589390471,
                70.50798387315552
              ],
              [
                93.20620970049663,
                70.51400295681421
              ],
              [
                93.20031777568636,
                70.51097052680126
              ],
              [
                93.17883340897521,
                70.51140896267364
              ],
              [
                93.16971882915828,
                70.51758978949664
              ],
              [
                93.15917195822715,
                70.52449388292106
              ],
              [
                93.15933471858114,
                70.53229315863726
              ],
              [
                93.15087118017976,
                70.5404260932076
              ],
              [
                93.15096883639211,
                70.54485419379344
              ],
              [
                93.19061725859564,
                70.55772142198359
              ],
              [
                93.19048705031253,
                70.5635085720487
              ],
              [
                93.17593627467613,
                70.56321153428826
              ],
              [
                93.16542195581599,
                70.56342617458776
              ],
              [
                93.16574747652379,
                70.5790064154732
              ],
              [
                93.18674356217332,
                70.58838243272575
              ],
              [
                93.20298704548986,
                70.58421576605912
              ],
              [
                93.21138547974994,
                70.58217312282989
              ],
              [
                93.21757037319702,
                70.5800490993924
              ],
              [
                93.23244666954105,
                70.57642462836375
              ],
              [
                93.2468346848234,
                70.5801121690539
              ],
              [
                93.24673702861105,
                70.58433987087682
              ],
              [
                93.23840369849285,
                70.58838243272575
              ],
              [
                93.23638547010466,
                70.59084723578562
              ],
              [
                93.26031124212409,
                70.59035895453562
              ],
              [
                93.26779821840245,
                70.59051154242638
              ],
              [
                93.2800703490845,
                70.59883978949657
              ],
              [
                93.29774612351491,
                70.60229031032989
              ],
              [
                93.32596876887675,
                70.60504909939243
              ],
              [
                93.34074740900832,
                70.6072117784289
              ],
              [
                93.35546094499841,
                70.6069116889106
              ],
              [
                93.35822787101426,
                70.60402777777796
              ],
              [
                93.3535078207521,
                70.60249681260856
              ],
              [
                93.3505455823115,
                70.59335883246533
              ],
              [
                93.34465365750123,
                70.59050645616324
              ],
              [
                93.34055209658356,
                70.58817898220497
              ],
              [
                93.34523959477525,
                70.57902777777784
              ]
            ]
          ],
          [
            [
              [
                93.57255070499468,
                70.60741014268672
              ],
              [
                93.60728376451124,
                70.60603481716589
              ],
              [
                93.61643089639898,
                70.6108789740669
              ],
              [
                93.64924338373982,
                70.60504808213983
              ],
              [
                93.65715353693793,
                70.60086310492636
              ],
              [
                93.67590352970427,
                70.59356126573351
              ],
              [
                93.67261577055592,
                70.58845974392372
              ],
              [
                93.65015484172153,
                70.58577012803823
              ],
              [
                93.64055198084287,
                70.58124640570756
              ],
              [
                93.64768088434272,
                70.57503099229606
              ],
              [
                93.65777202628271,
                70.5819696723091
              ],
              [
                93.66545431498554,
                70.58227383083778
              ],
              [
                93.67173686464503,
                70.57794643825963
              ],
              [
                93.69055196155273,
                70.57594245062938
              ],
              [
                93.70090352005928,
                70.57169643825961
              ],
              [
                93.70969257916835,
                70.5689101833768
              ],
              [
                93.72479674000789,
                70.55732164171008
              ],
              [
                93.73739439139769,
                70.55682217068144
              ],
              [
                93.75295428122786,
                70.55743964301223
              ],
              [
                93.75314959365261,
                70.55303188747843
              ],
              [
                93.74989438657502,
                70.55290371365024
              ],
              [
                93.74257017065071,
                70.55319363064243
              ],
              [
                93.73511574644346,
                70.54516954210072
              ],
              [
                93.72639179147569,
                70.54054511176224
              ],
              [
                93.7206300749487,
                70.54031724717888
              ],
              [
                93.69139831539309,
                70.5441309271919
              ],
              [
                93.64058453291369,
                70.54211778428822
              ],
              [
                93.64038922048906,
                70.54666083441845
              ],
              [
                93.69465352247033,
                70.54955288357212
              ],
              [
                93.69100769054353,
                70.55207973904089
              ],
              [
                93.65715353693793,
                70.55502977159293
              ],
              [
                93.65305197602055,
                70.5571924506294
              ],
              [
                93.61288272068458,
                70.56417385525188
              ],
              [
                93.60786970178532,
                70.57479295518675
              ],
              [
                93.59055200013307,
                70.57891994900189
              ],
              [
                93.59286319715812,
                70.58509263780394
              ],
              [
                93.62587099692365,
                70.58378445095494
              ],
              [
                93.62606630934812,
                70.58830715603304
              ],
              [
                93.61971865554722,
                70.59052578396268
              ],
              [
                93.61132022128731,
                70.59252977159292
              ],
              [
                93.5910402811947,
                70.60086310492636
              ],
              [
                93.56213404234677,
                70.59876654730905
              ],
              [
                93.54712753771958,
                70.58845872667104
              ],
              [
                93.53322780349885,
                70.58790737575961
              ],
              [
                93.50656765753433,
                70.5889643012153
              ],
              [
                93.4902590700762,
                70.58324835883252
              ],
              [
                93.4606692377422,
                70.57939398871531
              ],
              [
                93.43531117460861,
                70.58040005154089
              ],
              [
                93.4217695131664,
                70.57986294216587
              ],
              [
                93.40096873994133,
                70.58235317654095
              ],
              [
                93.40910675763502,
                70.59039150661894
              ],
              [
                93.42577341787188,
                70.59526414659294
              ],
              [
                93.45822783243398,
                70.5991510687935
              ],
              [
                93.48423693698311,
                70.60302578396275
              ],
              [
                93.51132025986766,
                70.60518948025191
              ],
              [
                93.50842312556858,
                70.60806932237418
              ],
              [
                93.4613853832991,
                70.60620469835072
              ],
              [
                93.46415230931495,
                70.61330715603307
              ],
              [
                93.46949084892225,
                70.61351976182729
              ],
              [
                93.48160021925025,
                70.60927578396277
              ],
              [
                93.49471870377255,
                70.61127977159293
              ],
              [
                93.50178250313064,
                70.61500698513464
              ],
              [
                93.52873561773197,
                70.61852261013465
              ],
              [
                93.54048691528163,
                70.61544643825962
              ],
              [
                93.5572186796598,
                70.6134424506294
              ],
              [
                93.55822779385386,
                70.61236111111111
              ],
              [
                93.55513534713037,
                70.60950263129348
              ],
              [
                93.56187362578072,
                70.6046137152778
              ],
              [
                93.57255070499468,
                70.60741014268672
              ]
            ]
          ],
          [
            [
              [
                103.34464979947654,
                70.65919643825967
              ],
              [
                103.33638157349998,
                70.66135911729606
              ],
              [
                103.28638159279006,
                70.66571601019976
              ],
              [
                103.2904506016369,
                70.67377977159296
              ],
              [
                103.34630995508627,
                70.6709589301218
              ],
              [
                103.36756645730208,
                70.66423183865027
              ],
              [
                103.36346489638441,
                70.66127977159289
              ],
              [
                103.35089979706538,
                70.65927578396276
              ],
              [
                103.34989068287138,
                70.65819444444446
              ],
              [
                103.34464979947654,
                70.65919643825967
              ]
            ]
          ],
          [
            [
              [
                103.28006649105981,
                70.68002977159298
              ],
              [
                103.26532040299873,
                70.68259629991326
              ],
              [
                103.25272275160899,
                70.67995754665816
              ],
              [
                103.24572405639248,
                70.68023423936637
              ],
              [
                103.23114072868538,
                70.67965643988717
              ],
              [
                103.21740375481852,
                70.68020067003042
              ],
              [
                103.21138162172525,
                70.68614142523873
              ],
              [
                103.2574753539422,
                70.68859809027785
              ],
              [
                103.26447404915865,
                70.68832038031687
              ],
              [
                103.268022224873,
                70.68846177842886
              ],
              [
                103.27570451357587,
                70.69675340440543
              ],
              [
                103.29126440340627,
                70.69877977159308
              ],
              [
                103.29673315129645,
                70.68904873318147
              ],
              [
                103.28947403951366,
                70.67902777777778
              ],
              [
                103.28006649105981,
                70.68002977159298
              ]
            ]
          ],
          [
            [
              [
                101.08322489069025,
                70.67298224555131
              ],
              [
                101.09058165868532,
                70.66341803656687
              ],
              [
                101.08947488827903,
                70.66027777777805
              ],
              [
                101.06965067717726,
                70.66127977159289
              ],
              [
                101.06258687781923,
                70.66374966091581
              ],
              [
                101.04673401935196,
                70.66752977159291
              ],
              [
                101.0405491259047,
                70.6696924506295
              ],
              [
                101.027365537241,
                70.6728327094184
              ],
              [
                101.01138247049056,
                70.68455552842886
              ],
              [
                101.02137595621844,
                70.68895514594192
              ],
              [
                101.04048402176323,
                70.68819831000434
              ],
              [
                101.03677308569485,
                70.69248297797313
              ],
              [
                101.02804913072708,
                70.69524787055121
              ],
              [
                101.03387595139577,
                70.6996820746528
              ],
              [
                101.05513245361169,
                70.69677578396275
              ],
              [
                101.05923401452935,
                70.69461310492628
              ],
              [
                101.06877177126631,
                70.69159084743933
              ],
              [
                101.06434468964102,
                70.67896470811638
              ],
              [
                101.08322489069025,
                70.67298224555131
              ]
            ]
          ],
          [
            [
              [
                102.16955259658221,
                70.6841211615669
              ],
              [
                102.16356301555976,
                70.68851772732211
              ],
              [
                102.15575051857377,
                70.69324490017365
              ],
              [
                102.14605000148293,
                70.70655361599398
              ],
              [
                102.14735208431392,
                70.71709235297317
              ],
              [
                102.13670755717044,
                70.73042243109813
              ],
              [
                102.13547057848115,
                70.74024705674938
              ],
              [
                102.15226744700095,
                70.74233649359826
              ],
              [
                102.15913593393435,
                70.7382878282337
              ],
              [
                102.17544452139254,
                70.73476304796017
              ],
              [
                102.17889504089459,
                70.72890265570754
              ],
              [
                102.17189634567785,
                70.71931504991335
              ],
              [
                102.17515155275544,
                70.71236518012171
              ],
              [
                102.18504738227091,
                70.70818834092887
              ],
              [
                102.18205259175971,
                70.70310106065548
              ],
              [
                102.18022967579628,
                70.69245449490026
              ],
              [
                102.17280780365957,
                70.6831944444445
              ],
              [
                102.16955259658221,
                70.6841211615669
              ]
            ]
          ],
          [
            [
              [
                103.13664206722666,
                70.71546169704857
              ],
              [
                103.132670714592,
                70.7217361111112
              ],
              [
                103.13651185894349,
                70.7278141954211
              ],
              [
                103.1384649831898,
                70.7351353624133
              ],
              [
                103.14399883522162,
                70.73910061306424
              ],
              [
                103.15041159316428,
                70.74804734971781
              ],
              [
                103.15734518423932,
                70.75073086208772
              ],
              [
                103.16118632859065,
                70.75315802680129
              ],
              [
                103.16776184688723,
                70.75489752875444
              ],
              [
                103.1725795533618,
                70.75795844184037
              ],
              [
                103.18491678818549,
                70.76039272732208
              ],
              [
                103.19416157628535,
                70.74746649848092
              ],
              [
                103.20910297677102,
                70.74447577582472
              ],
              [
                103.20578266555185,
                70.74050747341582
              ],
              [
                103.20076964665253,
                70.73857469346791
              ],
              [
                103.19484516977178,
                70.73406419542104
              ],
              [
                103.1882696514752,
                70.73232469346789
              ],
              [
                103.18442850712387,
                70.7298975287544
              ],
              [
                103.17046366876156,
                70.72800543891077
              ],
              [
                103.16095846409536,
                70.72196397569448
              ],
              [
                103.15138815528752,
                70.71944017198356
              ],
              [
                103.1478074275023,
                70.71444444444455
              ],
              [
                103.13664206722666,
                70.71546169704857
              ]
            ]
          ],
          [
            [
              [
                101.7237845393941,
                70.89457546657994
              ],
              [
                101.73016474526588,
                70.8926467556424
              ],
              [
                101.73420120204202,
                70.88867743598101
              ],
              [
                101.72170120686457,
                70.88639675564247
              ],
              [
                101.72072464474132,
                70.88527777777787
              ],
              [
                101.71545120927567,
                70.88624213324658
              ],
              [
                101.70799678506836,
                70.8889785427518
              ],
              [
                101.69178585382264,
                70.89265794542109
              ],
              [
                101.6838105964826,
                70.8971175808378
              ],
              [
                101.67248247585314,
                70.89620917426222
              ],
              [
                101.6672090403876,
                70.89915818956175
              ],
              [
                101.66772987352005,
                70.90547837999142
              ],
              [
                101.69390173842288,
                70.90337368435337
              ],
              [
                101.70594600460959,
                70.89895067003042
              ],
              [
                101.71766475008826,
                70.89681342230912
              ],
              [
                101.7237845393941,
                70.89457546657994
              ]
            ]
          ],
          [
            [
              [
                102.18322446630748,
                70.88319444444446
              ],
              [
                102.17280780365957,
                70.88423611111116
              ],
              [
                102.1614471309594,
                70.88849941677523
              ],
              [
                102.1459848973414,
                70.89047695583795
              ],
              [
                102.13853047313387,
                70.89474941677526
              ],
              [
                102.1326385483236,
                70.8966394721138
              ],
              [
                102.12980651816639,
                70.88701015896277
              ],
              [
                102.12401224956858,
                70.8843327501086
              ],
              [
                102.1085825680214,
                70.89092149522574
              ],
              [
                102.10952657807383,
                70.90017442491325
              ],
              [
                102.13963724354034,
                70.89710435655391
              ],
              [
                102.1508351558868,
                70.90516608344191
              ],
              [
                102.16297707828573,
                70.90786078559034
              ],
              [
                102.17437030305695,
                70.90134833441851
              ],
              [
                102.18514503848331,
                70.88834784613724
              ],
              [
                102.18322446630748,
                70.88319444444446
              ]
            ]
          ],
          [
            [
              [
                103.0684129268829,
                71.05527798122833
              ],
              [
                103.08826969005548,
                71.05237575954874
              ],
              [
                103.12804832054218,
                71.04883978949658
              ],
              [
                103.13543764060785,
                71.04503323025179
              ],
              [
                103.14982565589025,
                71.03341315375442
              ],
              [
                103.16346497354488,
                71.0300897894966
              ],
              [
                103.165483201933,
                71.0235956488716
              ],
              [
                103.15291810261402,
                71.01149949815542
              ],
              [
                103.15304831089696,
                71.00487820095495
              ],
              [
                103.17280741785714,
                71.005282050239
              ],
              [
                103.19364074315291,
                71.00485683865031
              ],
              [
                103.21053526788506,
                71.00520168728306
              ],
              [
                103.22798317782025,
                71.00284369574655
              ],
              [
                103.22313291927486,
                70.99818366156686
              ],
              [
                103.25096493978714,
                70.99365281846792
              ],
              [
                103.25714983323428,
                70.99046576605909
              ],
              [
                103.26763160002378,
                70.98842312282997
              ],
              [
                103.27381649347103,
                70.98629909939248
              ],
              [
                103.28452612475593,
                70.98283128526481
              ],
              [
                103.30190893054947,
                70.97103217230904
              ],
              [
                103.30506648141466,
                70.96129909939245
              ],
              [
                103.3076380950057,
                70.95632575141065
              ],
              [
                103.30503392934384,
                70.94872077094189
              ],
              [
                103.30516413762695,
                70.9425684271919
              ],
              [
                103.30070450393094,
                70.9405064561632
              ],
              [
                103.28866023774424,
                70.9467116970487
              ],
              [
                103.27892716858258,
                70.94879909939237
              ],
              [
                103.26971493255337,
                70.94254909939244
              ],
              [
                103.25714983323428,
                70.9405064561632
              ],
              [
                103.25304827231662,
                70.93838243272572
              ],
              [
                103.24738421200192,
                70.93564297146273
              ],
              [
                103.2357956748063,
                70.93217312283005
              ],
              [
                103.2065639152504,
                70.93715969509554
              ],
              [
                103.1967982940181,
                70.9405064561632
              ],
              [
                103.17798319711045,
                70.94254909939244
              ],
              [
                103.16626445163155,
                70.94495185004351
              ],
              [
                103.1625209634924,
                70.93345791286902
              ],
              [
                103.1370977962174,
                70.92990566677523
              ],
              [
                103.12697410220647,
                70.93011216905387
              ],
              [
                103.11134910823472,
                70.92979275173622
              ],
              [
                103.09054833500971,
                70.93021796332474
              ],
              [
                103.08846500248,
                70.92440538194452
              ],
              [
                103.11877098037127,
                70.92144110785591
              ],
              [
                103.13999493051637,
                70.92187445746538
              ],
              [
                103.14302227309827,
                70.90948228624126
              ],
              [
                103.15721497595615,
                70.90717312282993
              ],
              [
                103.16339986940329,
                70.90504909939244
              ],
              [
                103.17336080306035,
                70.90182542588991
              ],
              [
                103.16958476285038,
                70.89454800075964
              ],
              [
                103.16024231853817,
                70.89473924424914
              ],
              [
                103.15721497595615,
                70.88817898220498
              ],
              [
                103.16200013035996,
                70.878883327908
              ],
              [
                103.15708476767304,
                70.87163235134554
              ],
              [
                103.14259909617823,
                70.87192735460079
              ],
              [
                103.13114076726578,
                70.87169338650185
              ],
              [
                103.12609519629558,
                70.87179612901483
              ],
              [
                103.1155483253645,
                70.86963243272575
              ],
              [
                103.08966942909888,
                70.86542304144967
              ],
              [
                103.08638166995053,
                70.86020555284293
              ],
              [
                103.09657046810287,
                70.85525254991325
              ],
              [
                103.105066558575,
                70.84859564887157
              ],
              [
                103.09881656098628,
                70.84258978949657
              ],
              [
                103.0978074467925,
                70.84152777777783
              ],
              [
                103.05298324533572,
                70.84463243272572
              ],
              [
                103.030131691652,
                70.8467564561632
              ],
              [
                103.00506659715535,
                70.84879909939244
              ],
              [
                102.98602363575208,
                70.85204820421018
              ],
              [
                102.98013171094209,
                70.85508978949665
              ],
              [
                102.9571499489752,
                70.85713243272588
              ],
              [
                102.94204578813566,
                70.8593398708768
              ],
              [
                102.930131730232,
                70.86342312282989
              ],
              [
                102.91359527827859,
                70.86745042588981
              ],
              [
                102.90929840493646,
                70.86967312282994
              ],
              [
                102.90086741860569,
                70.8737573920356
              ],
              [
                102.89484528551236,
                70.88001553005648
              ],
              [
                102.88901846484373,
                70.8828516303169
              ],
              [
                102.88377758144901,
                70.89364264594187
              ],
              [
                102.87589998032166,
                70.89879909939242
              ],
              [
                102.86473462004574,
                70.90782823350702
              ],
              [
                102.85929842422638,
                70.91014350043409
              ],
              [
                102.86561352595663,
                70.90080105251738
              ],
              [
                102.86548331767375,
                70.8945042588976
              ],
              [
                102.85581535265356,
                70.89470160590284
              ],
              [
                102.84126457701723,
                70.9130548773872
              ],
              [
                102.82687656173482,
                70.92686102973096
              ],
              [
                102.81538568075149,
                70.93884629991322
              ],
              [
                102.8155484411052,
                70.94777777777782
              ],
              [
                102.81535312868078,
                70.95768480089001
              ],
              [
                102.79985834299191,
                70.96379442003047
              ],
              [
                102.78367996381695,
                70.9721318223742
              ],
              [
                102.77791824728985,
                70.97813564724399
              ],
              [
                102.77804845557301,
                70.98527777777781
              ],
              [
                102.77791824728985,
                70.99247992621545
              ],
              [
                102.78442866144462,
                71.00104824490023
              ],
              [
                102.79468256373883,
                71.00083869086382
              ],
              [
                102.8097867245782,
                71.00114691840284
              ],
              [
                102.81955234581062,
                71.0113143581815
              ],
              [
                102.82814609249499,
                71.01340786404083
              ],
              [
                102.83488437114534,
                71.02043402777787
              ],
              [
                102.8446174403071,
                71.01542405870237
              ],
              [
                102.85304842663766,
                71.01133978949659
              ],
              [
                102.86356274549797,
                71.00283047146274
              ],
              [
                102.86336743307317,
                70.99224900987412
              ],
              [
                102.85900545558951,
                70.98377122667111
              ],
              [
                102.85158358345296,
                70.97664537217895
              ],
              [
                102.83423332973001,
                70.97175645616326
              ],
              [
                102.83013176881235,
                70.96934658474396
              ],
              [
                102.84263176398974,
                70.95733079698354
              ],
              [
                102.88680492403091,
                70.95300849066845
              ],
              [
                102.90080231446404,
                70.96755215115024
              ],
              [
                102.90721507240676,
                70.96963243272577
              ],
              [
                102.91131663332436,
                70.97175645616326
              ],
              [
                102.91964996344274,
                70.97445726182727
              ],
              [
                102.93875802898742,
                70.97166490342892
              ],
              [
                102.94676583839811,
                70.96753790961378
              ],
              [
                102.9508999513863,
                70.96967312282987
              ],
              [
                102.96554838323499,
                70.97379909939241
              ],
              [
                102.97036608970961,
                70.97629238552526
              ],
              [
                102.99432441379975,
                70.97580410427526
              ],
              [
                103.00506659715535,
                70.97800645616331
              ],
              [
                103.02882960882101,
                70.98032884385862
              ],
              [
                103.04780746608253,
                70.979942287869
              ],
              [
                103.06968245764307,
                70.98038784450955
              ],
              [
                103.09325015688404,
                70.97990770128047
              ],
              [
                103.07974104751253,
                70.98646084255648
              ],
              [
                103.06385563697444,
                70.98613633897577
              ],
              [
                103.05721501453644,
                70.99206692165805
              ],
              [
                103.07199365466812,
                70.99671576605922
              ],
              [
                103.08071760963571,
                70.99222052680133
              ],
              [
                103.1009324455868,
                70.99263353135854
              ],
              [
                103.11134910823472,
                70.99242092556432
              ],
              [
                103.12072410461786,
                70.9926121690539
              ],
              [
                103.14256654410747,
                70.99922329372828
              ],
              [
                103.11649233541698,
                70.9986902533638
              ],
              [
                103.10513166271676,
                70.99993333604601
              ],
              [
                103.11180483722546,
                71.00316819932726
              ],
              [
                103.1256720193756,
                71.00288540310339
              ],
              [
                103.13423321398926,
                71.00535325792106
              ],
              [
                103.10714989110471,
                71.0112990993924
              ],
              [
                103.10304833018716,
                71.01342312282989
              ],
              [
                103.08423323327946,
                71.01754909939245
              ],
              [
                103.07804833983204,
                71.02073615180126
              ],
              [
                103.07173323810201,
                71.02379909939239
              ],
              [
                103.06489730323932,
                71.02733201768675
              ],
              [
                103.05477360922833,
                71.0409896511502
              ],
              [
                103.05096501694754,
                71.04883978949658
              ],
              [
                103.03836736555775,
                71.05129543728313
              ],
              [
                103.03846502177015,
                71.05530239529082
              ],
              [
                103.05405746367131,
                71.05498399522577
              ],
              [
                103.0684129268829,
                71.05527798122833
              ]
            ]
          ],
          [
            [
              [
                102.5757047836376,
                71.05180914984814
              ],
              [
                102.58420087410974,
                71.04876044379353
              ],
              [
                102.60308107515903,
                71.04679511176218
              ],
              [
                102.60920086446458,
                71.0445937771268
              ],
              [
                102.63602377078314,
                71.04230495876743
              ],
              [
                102.64087402932859,
                71.04494167751744
              ],
              [
                102.65031412985326,
                71.04437811957473
              ],
              [
                102.68407062724651,
                71.03989203559033
              ],
              [
                102.68872557336732,
                71.04509528266061
              ],
              [
                102.688041979881,
                71.05660651312945
              ],
              [
                102.69836098631652,
                71.05917711046018
              ],
              [
                102.71336749094365,
                71.05292711046013
              ],
              [
                102.71974769681555,
                71.0509617784289
              ],
              [
                102.72170082106186,
                71.04757941352003
              ],
              [
                102.7152229589779,
                71.04459682888458
              ],
              [
                102.71580889625187,
                71.03451382107207
              ],
              [
                102.7094612424508,
                71.02540737575967
              ],
              [
                102.71492999034098,
                71.02051642523872
              ],
              [
                102.71753415600296,
                71.01728563096793
              ],
              [
                102.70724770163804,
                71.01255947536899
              ],
              [
                102.68286620062781,
                71.00876105414503
              ],
              [
                102.67215656934286,
                71.00939887152785
              ],
              [
                102.65308105586911,
                71.00501044379348
              ],
              [
                102.64045085240849,
                71.00304511176233
              ],
              [
                102.63947429028525,
                71.00194444444449
              ],
              [
                102.62635580576301,
                71.0039423285591
              ],
              [
                102.60575034496264,
                71.00271552191856
              ],
              [
                102.5699105150398,
                71.00542955186634
              ],
              [
                102.56141442456766,
                71.01137844509549
              ],
              [
                102.54943526252248,
                71.01598354763462
              ],
              [
                102.50711757051539,
                71.01959377712677
              ],
              [
                102.50308111373937,
                71.02179511176223
              ],
              [
                102.4800342476309,
                71.02376044379358
              ],
              [
                102.47183112579557,
                71.02596177842887
              ],
              [
                102.45379727858653,
                71.02837063259557
              ],
              [
                102.46160977557247,
                71.03950954861119
              ],
              [
                102.46095873415697,
                71.05021511501744
              ],
              [
                102.47004076190296,
                71.05302171495231
              ],
              [
                102.47905768550754,
                71.06308844672313
              ],
              [
                102.48530768309627,
                71.06542711046012
              ],
              [
                102.5020068954039,
                71.05509894477004
              ],
              [
                102.53439620582463,
                71.05206142849394
              ],
              [
                102.54272953594284,
                71.04752549913195
              ],
              [
                102.55591312460666,
                71.04471177842896
              ],
              [
                102.5757047836376,
                71.05180914984814
              ]
            ]
          ],
          [
            [
              [
                102.32603040079613,
                71.0676772732206
              ],
              [
                102.33006685757215,
                71.06330003526494
              ],
              [
                102.3217009753829,
                71.0592361111112
              ],
              [
                102.32690930670702,
                71.05670823838983
              ],
              [
                102.35721528459823,
                71.05300645616322
              ],
              [
                102.36831554073234,
                71.05016221788196
              ],
              [
                102.37381684069322,
                71.05300645616322
              ],
              [
                102.38872568910807,
                71.05713243272575
              ],
              [
                102.40822437950192,
                71.05046535915804
              ],
              [
                102.4288298403024,
                71.03984015570754
              ],
              [
                102.43605640001437,
                71.03234198676216
              ],
              [
                102.44637540644993,
                71.02468207465284
              ],
              [
                102.45057462357994,
                71.0160588243273
              ],
              [
                102.46138191107724,
                71.01342312282989
              ],
              [
                102.46564623234849,
                71.01121568467889
              ],
              [
                102.47375169797135,
                71.01138149685335
              ],
              [
                102.48019700798483,
                71.00917405870234
              ],
              [
                102.48628424521951,
                71.00929816352004
              ],
              [
                102.49442226291319,
                71.00510504828563
              ],
              [
                102.5031462178809,
                71.00298102484814
              ],
              [
                102.51138189178704,
                70.9944198269315
              ],
              [
                102.52576990706933,
                70.9947127956815
              ],
              [
                102.53651209042499,
                70.9925145128039
              ],
              [
                102.53631677800041,
                70.9831944444445
              ],
              [
                102.53644698628341,
                70.97588243272583
              ],
              [
                102.52821131237727,
                70.96797634548616
              ],
              [
                102.55096520984893,
                70.96550645616324
              ],
              [
                102.5707243168091,
                70.96326239691851
              ],
              [
                102.56750166180234,
                70.95704800075958
              ],
              [
                102.54377120220767,
                70.95753323025184
              ],
              [
                102.53556808037246,
                70.96174974229606
              ],
              [
                102.50939621546962,
                70.9612156846789
              ],
              [
                102.50513189419814,
                70.96342312282994
              ],
              [
                102.4613168069356,
                70.96546576605908
              ],
              [
                102.452723060251,
                70.96767015245231
              ],
              [
                102.4436410325049,
                70.9674839952257
              ],
              [
                102.4405485857813,
                70.96166531032992
              ],
              [
                102.46763190866585,
                70.95925645616322
              ],
              [
                102.47381680211299,
                70.95713243272573
              ],
              [
                102.49383632563934,
                70.95225572374136
              ],
              [
                102.5114795479991,
                70.94029690212679
              ],
              [
                102.52417485560125,
                70.94055630154091
              ],
              [
                102.53302901885212,
                70.945127834744
              ],
              [
                102.53006678041152,
                70.95091498480912
              ],
              [
                102.5368050590618,
                70.95419460720493
              ],
              [
                102.55298343823705,
                70.95088243272579
              ],
              [
                102.56867353635033,
                70.94869228786894
              ],
              [
                102.57795087652107,
                70.94888149685332
              ],
              [
                102.58215009365102,
                70.94671576605907
              ],
              [
                102.6030485230882,
                70.94467312282993
              ],
              [
                102.61115398871135,
                70.94048509385857
              ],
              [
                102.62804851344328,
                70.9384231228299
              ],
              [
                102.63836751987878,
                70.93309983995229
              ],
              [
                102.6449104861046,
                70.9364638943143
              ],
              [
                102.65311360793964,
                70.93629604763464
              ],
              [
                102.65298339965676,
                70.93005113389765
              ],
              [
                102.6543831387001,
                70.92592312282994
              ],
              [
                102.68628416805922,
                70.93310289171015
              ],
              [
                102.69256671771865,
                70.93633978949669
              ],
              [
                102.70291827622498,
                70.93969163682729
              ],
              [
                102.71756670807366,
                70.93213243272578
              ],
              [
                102.73459144108875,
                70.93005215115025
              ],
              [
                102.74673336348775,
                70.91734564887162
              ],
              [
                102.7425666984285,
                70.90925645616323
              ],
              [
                102.74002763690822,
                70.90140936957482
              ],
              [
                102.72980628668472,
                70.89675645616327
              ],
              [
                102.71763181221502,
                70.90092312282991
              ],
              [
                102.70601072294858,
                70.90296576605914
              ],
              [
                102.69679848691948,
                70.89671576605917
              ],
              [
                102.68612140770517,
                70.89258978949655
              ],
              [
                102.67804849415313,
                70.89675645616327
              ],
              [
                102.6735563083862,
                70.89879909939242
              ],
              [
                102.65825683512219,
                70.89356940375436
              ],
              [
                102.64881673459752,
                70.89050645616325
              ],
              [
                102.64455241332615,
                70.88829901801222
              ],
              [
                102.63039226253915,
                70.8885879177518
              ],
              [
                102.62586752470139,
                70.88625739203567
              ],
              [
                102.61720867387533,
                70.88643439398876
              ],
              [
                102.60929852067721,
                70.89050645616325
              ],
              [
                102.59526857817326,
                70.8939274766712
              ],
              [
                102.5867073835596,
                70.90283352322058
              ],
              [
                102.59471519297,
                70.91338243272597
              ],
              [
                102.59767743141066,
                70.91948391384551
              ],
              [
                102.61440919578865,
                70.9222091335721
              ],
              [
                102.61112143664053,
                70.93506618923612
              ],
              [
                102.595854515447,
                70.93193813747834
              ],
              [
                102.56577640205137,
                70.93255154079864
              ],
              [
                102.55936364410866,
                70.92588853624142
              ],
              [
                102.53058761354396,
                70.92372178819446
              ],
              [
                102.5190641804898,
                70.91497138129344
              ],
              [
                102.49048346234957,
                70.91031948513458
              ],
              [
                102.48429856890249,
                70.90713243272575
              ],
              [
                102.4519418105524,
                70.89856513129357
              ],
              [
                102.42703947640979,
                70.89907274034294
              ],
              [
                102.40972177475766,
                70.89552456325958
              ],
              [
                102.39679860266023,
                70.89883978949658
              ],
              [
                102.37248220579153,
                70.90088243272572
              ],
              [
                102.34419445628816,
                70.89451443142363
              ],
              [
                102.33436373091428,
                70.89471483018673
              ],
              [
                102.32257988129379,
                70.8906753200956
              ],
              [
                102.29810072407133,
                70.88406012641067
              ],
              [
                102.28634942652178,
                70.88430019802524
              ],
              [
                102.27326349407036,
                70.8840326605903
              ],
              [
                102.26554865329678,
                70.88004909939241
              ],
              [
                102.25090022144803,
                70.87592312282996
              ],
              [
                102.2498911072542,
                70.87486111111122
              ],
              [
                102.24412939072693,
                70.87604010687943
              ],
              [
                102.2180551820365,
                70.87550808376747
              ],
              [
                102.21346534005716,
                70.87908474392378
              ],
              [
                102.22723486599494,
                70.88244574652782
              ],
              [
                102.23215022868197,
                70.89258978949655
              ],
              [
                102.24370621380683,
                70.90690761990024
              ],
              [
                102.2599822491942,
                70.91149644639762
              ],
              [
                102.27173354674386,
                70.91125637478302
              ],
              [
                102.27798354433259,
                70.91550645616337
              ],
              [
                102.29419447557837,
                70.92238817003039
              ],
              [
                102.29673353709887,
                70.92958624945766
              ],
              [
                102.27590021180305,
                70.93213243272578
              ],
              [
                102.2717986508855,
                70.93425645616327
              ],
              [
                102.25845230186769,
                70.93750759548618
              ],
              [
                102.25083511730645,
                70.94267320421017
              ],
              [
                102.2425994434006,
                70.9425053575304
              ],
              [
                102.23820491384583,
                70.94259589301217
              ],
              [
                102.23013200029379,
                70.94675645616326
              ],
              [
                102.22362158613902,
                70.94879909939237
              ],
              [
                102.21564632879904,
                70.94050340440543
              ],
              [
                102.20923357085661,
                70.9384231228299
              ],
              [
                102.20513200993895,
                70.93629909939241
              ],
              [
                102.19569190941439,
                70.9332361518014
              ],
              [
                102.18289894559979,
                70.92886094835075
              ],
              [
                102.1740447823492,
                70.91964260525174
              ],
              [
                102.1246307389132,
                70.91662034776482
              ],
              [
                102.11769714783804,
                70.92382859971792
              ],
              [
                102.10090027931852,
                70.92588243272576
              ],
              [
                102.09657085390529,
                70.92811530219188
              ],
              [
                102.09679871840086,
                70.93850653754345
              ],
              [
                102.10513204851907,
                70.94254909939244
              ],
              [
                102.10923360943673,
                70.94467312282993
              ],
              [
                102.13293151696081,
                70.95107876247832
              ],
              [
                102.15037942689594,
                70.95072272406705
              ],
              [
                102.15715025761705,
                70.95112657335073
              ],
              [
                102.15190937422238,
                70.96131944444448
              ],
              [
                102.15669452862625,
                70.97057542588988
              ],
              [
                102.14269713819311,
                70.97511135525176
              ],
              [
                102.14891458371096,
                70.98429002549918
              ],
              [
                102.14338073167937,
                70.98960517035596
              ],
              [
                102.14054870152205,
                70.99263251410605
              ],
              [
                102.15197447836402,
                70.9923995632596
              ],
              [
                102.16405129662138,
                70.99264573838985
              ],
              [
                102.16965025279444,
                70.9957666693794
              ],
              [
                102.16340025520577,
                70.99879909939244
              ],
              [
                102.15929869428811,
                71.0023838975695
              ],
              [
                102.18846534970226,
                71.0071324327258
              ],
              [
                102.19256691061997,
                71.00925645616329
              ],
              [
                102.1989796685624,
                71.01133673773882
              ],
              [
                102.203243989834,
                71.01576687282994
              ],
              [
                102.2071502383269,
                71.02383978949655
              ],
              [
                102.21385596490643,
                71.03372748480922
              ],
              [
                102.22179867017559,
                71.03629909939244
              ],
              [
                102.22590023109325,
                71.03842312282993
              ],
              [
                102.23013200029379,
                71.04046576605907
              ],
              [
                102.23631689374116,
                71.04614915635852
              ],
              [
                102.22703955357025,
                71.0584080674914
              ],
              [
                102.23328955115892,
                71.06442003038202
              ],
              [
                102.28228041767494,
                71.06784410264765
              ],
              [
                102.30822441808226,
                71.06731411404098
              ],
              [
                102.32603040079613,
                71.0676772732206
              ]
            ]
          ],
          [
            [
              [
                103.03843246969939,
                71.08391771104607
              ],
              [
                103.03055486857198,
                71.08472134060338
              ],
              [
                103.02394679820458,
                71.07997280544708
              ],
              [
                103.01903143551766,
                71.07784369574654
              ],
              [
                103.01655747813896,
                71.0748611111112
              ],
              [
                103.00513170129693,
                71.07689968532986
              ],
              [
                102.99588691319701,
                71.08802130805131
              ],
              [
                102.987228062371,
                71.09177802191849
              ],
              [
                102.99080879015611,
                71.10129238552523
              ],
              [
                102.99009264459892,
                71.10828294542108
              ],
              [
                102.99852363092981,
                71.11194098578565
              ],
              [
                103.00662909655267,
                71.12169542100696
              ],
              [
                103.01353013555683,
                71.12372280544713
              ],
              [
                103.01877101895155,
                71.12673387315544
              ],
              [
                103.0327033052431,
                71.13195949978305
              ],
              [
                103.03149887862452,
                71.12019802517369
              ],
              [
                103.0362514809575,
                71.11747280544719
              ],
              [
                103.04513819627891,
                71.11486660427525
              ],
              [
                103.05500147372385,
                71.10705613878054
              ],
              [
                103.063334803842,
                71.10344184027781
              ],
              [
                103.05851709736743,
                71.09519599066857
              ],
              [
                103.04357569688187,
                71.0844415961372
              ],
              [
                103.03843246969939,
                71.08391771104607
              ]
            ]
          ],
          [
            [
              [
                123.14154971386421,
                72.73015184190544
              ],
              [
                123.16313173678782,
                72.72929633246534
              ],
              [
                123.17195334796787,
                72.72463121202259
              ],
              [
                123.19662781761508,
                72.71927639431433
              ],
              [
                123.2082163548107,
                72.71973517523878
              ],
              [
                123.21342468613466,
                72.71952867296022
              ],
              [
                123.21967468372344,
                72.71977688259554
              ],
              [
                123.22800801384165,
                72.7194462754992
              ],
              [
                123.2352996776952,
                72.71973517523878
              ],
              [
                123.25424498288606,
                72.71898444281686
              ],
              [
                123.30541683814391,
                72.70912523057754
              ],
              [
                123.31436865760696,
                72.70948025173624
              ],
              [
                123.32797542319054,
                72.70711310492638
              ],
              [
                123.34470718756899,
                72.70510911729605
              ],
              [
                123.34880874848636,
                72.70294643825966
              ],
              [
                123.35304051768719,
                72.70094245062941
              ],
              [
                123.3571420786048,
                72.69877977159294
              ],
              [
                123.36345718033505,
                72.69677578396278
              ],
              [
                123.37380873884143,
                72.69252977159292
              ],
              [
                123.39470716827879,
                72.69052578396276
              ],
              [
                123.44239595196365,
                72.68134304470487
              ],
              [
                123.44880870990625,
                72.67794643825954
              ],
              [
                123.45808605007699,
                72.67356614854612
              ],
              [
                123.4665495884783,
                72.67390184190543
              ],
              [
                123.47113943045753,
                72.67371975368928
              ],
              [
                123.46739594231866,
                72.66302232530387
              ],
              [
                123.45505870749497,
                72.6571924506294
              ],
              [
                123.44887381404789,
                72.65294643825959
              ],
              [
                123.44255871231735,
                72.65094245062954
              ],
              [
                123.42218111601261,
                72.64256842719192
              ],
              [
                123.40297539425546,
                72.64052578396269
              ],
              [
                123.40196628006157,
                72.6394444444445
              ],
              [
                123.36469415902445,
                72.64148607042105
              ],
              [
                123.33738297164467,
                72.64040371365027
              ],
              [
                123.33217464032055,
                72.64061021592892
              ],
              [
                123.32488297646722,
                72.64032131618933
              ],
              [
                123.31697282326883,
                72.64063462999133
              ],
              [
                123.30587256713454,
                72.64650519476999
              ],
              [
                123.28214210753993,
                72.64877977159296
              ],
              [
                123.27804054662226,
                72.65094245062954
              ],
              [
                123.26827492539002,
                72.65554755316847
              ],
              [
                123.26554055144487,
                72.66135911729612
              ],
              [
                123.26065774082878,
                72.66366522894975
              ],
              [
                123.2330861368826,
                72.66257168240026
              ],
              [
                123.2217905683238,
                72.66552578396272
              ],
              [
                123.21339213406401,
                72.66752977159288
              ],
              [
                123.20916036486318,
                72.66977179633253
              ],
              [
                123.20199890929285,
                72.66948900010857
              ],
              [
                123.19262391290971,
                72.67594245062938
              ],
              [
                123.17436220120504,
                72.67813056098106
              ],
              [
                123.16768902669634,
                72.67786709255645
              ],
              [
                123.16345725749545,
                72.68010911729601
              ],
              [
                123.13949893340532,
                72.68531134711378
              ],
              [
                123.10444035318102,
                72.68392178005655
              ],
              [
                123.07830104034906,
                72.68878221299923
              ],
              [
                123.06375026471278,
                72.69880723741332
              ],
              [
                123.0529755292863,
                72.70086310492624
              ],
              [
                123.04122423173663,
                72.71041714138457
              ],
              [
                123.03845730572084,
                72.7211247422961
              ],
              [
                123.05512396595748,
                72.72377977159297
              ],
              [
                123.07413437528982,
                72.73234707302527
              ],
              [
                123.08197942434657,
                72.73203579372841
              ],
              [
                123.08839218228928,
                72.73427578396289
              ],
              [
                123.10138045852835,
                72.73675584581184
              ],
              [
                123.11700545250005,
                72.73613633897577
              ],
              [
                123.12657576130783,
                72.72955878363726
              ],
              [
                123.14154971386421,
                72.73015184190544
              ]
            ]
          ],
          [
            [
              [
                122.62087934182352,
                72.82397813585072
              ],
              [
                122.64076865706687,
                72.8231897650825
              ],
              [
                122.66169963857504,
                72.81954291449665
              ],
              [
                122.67123739531206,
                72.81992133246541
              ],
              [
                122.68214233902131,
                72.81544643825967
              ],
              [
                122.69151733540463,
                72.81321458604603
              ],
              [
                122.70489623649297,
                72.80851996527781
              ],
              [
                122.69672566672847,
                72.80094245062935
              ],
              [
                122.69470743834057,
                72.79861497667108
              ],
              [
                122.70613321518238,
                72.79906765407989
              ],
              [
                122.71446654530081,
                72.7987370469836
              ],
              [
                122.72149779258802,
                72.7990157741971
              ],
              [
                122.7267712280534,
                72.79623155381947
              ],
              [
                122.75304074916863,
                72.79052578396269
              ],
              [
                122.76072303787146,
                72.78784125434038
              ],
              [
                122.77696652118794,
                72.78848517523875
              ],
              [
                122.78217485251196,
                72.7882786729601
              ],
              [
                122.78946651636562,
                72.78856757269969
              ],
              [
                122.81173213277538,
                72.78768561469192
              ],
              [
                122.82201858714006,
                72.77979071723098
              ],
              [
                122.83946649707536,
                72.78048244900185
              ],
              [
                122.85613315731217,
                72.77982123480913
              ],
              [
                122.86814487142789,
                72.7734695095487
              ],
              [
                122.87904981513742,
                72.77390184190546
              ],
              [
                122.88425814646132,
                72.77369533962681
              ],
              [
                122.8936005907737,
                72.77406561957477
              ],
              [
                122.91794953971305,
                72.76953782823352
              ],
              [
                122.91694042551916,
                72.74349005805124
              ],
              [
                122.89255892450893,
                72.73010911729608
              ],
              [
                122.89154981031481,
                72.72902777777779
              ],
              [
                122.88839225944969,
                72.73002977159291
              ],
              [
                122.87673861811237,
                72.73411404079869
              ],
              [
                122.84574904673497,
                72.74065192328564
              ],
              [
                122.83360712433591,
                72.74017178005644
              ],
              [
                122.80893265468865,
                72.74476365831168
              ],
              [
                122.7982881275455,
                72.74434149848105
              ],
              [
                122.7827282377151,
                72.747047390408
              ],
              [
                122.77208371057185,
                72.74662523057737
              ],
              [
                122.73809934868302,
                72.75309699164504
              ],
              [
                122.73009153927251,
                72.75277960883255
              ],
              [
                122.7217582091543,
                72.75311021592901
              ],
              [
                122.71560586777775,
                72.75286709255647
              ],
              [
                122.71049519266603,
                72.75557400173619
              ],
              [
                122.68028687098717,
                72.7621312120227
              ],
              [
                122.67387411304475,
                72.76552578396277
              ],
              [
                122.66459677287384,
                72.76773932562935
              ],
              [
                122.65535198477397,
                72.76737311469185
              ],
              [
                122.65007854930826,
                72.77015733506948
              ],
              [
                122.6238090281933,
                72.77586310492626
              ],
              [
                122.61622439570289,
                72.77986802842887
              ],
              [
                122.59047570771997,
                72.78211310492628
              ],
              [
                122.56762415403614,
                72.78635911729609
              ],
              [
                122.55297572218768,
                72.7883631049263
              ],
              [
                122.54470749621083,
                72.79052578396269
              ],
              [
                122.5081515207309,
                72.79823859320749
              ],
              [
                122.50304084561924,
                72.80094245062935
              ],
              [
                122.48224007239412,
                72.80343166775182
              ],
              [
                122.49249397468833,
                72.81293382432727
              ],
              [
                122.50304084561913,
                72.81544643825967
              ],
              [
                122.52205125495163,
                72.82401373969185
              ],
              [
                122.52989630400845,
                72.82370246039503
              ],
              [
                122.53630906195104,
                72.82594245062938
              ],
              [
                122.56163457301352,
                72.83044684516062
              ],
              [
                122.58702518821781,
                72.82573187934037
              ],
              [
                122.5949678934868,
                72.82152248806429
              ],
              [
                122.62087934182352,
                72.82397813585072
              ]
            ]
          ]
        ]
      }
    },
    {
      "type": "Feature",
      "properties": {
        "name": "Аравийское плоскогорье",
        "name_en": "Arabian Plateau",
        "description": "Высокое плато с разрежённым воздухом и большими суточными колебаниями температур."
      },
      "geometry": {
        "coordinates": [
          [
            [
              35.44975294362723,
              30.960547918001396
            ],
            [
              35.132472938179404,
              28.73631706626695
            ],
            [
              37.00971297041099,
              26.01312309106683
            ],
            [
              38.88695300264254,
              23.855504152635618
            ],
            [
              39.57439301444472,
              21.415414163134542
            ],
            [
              40.49979303033393,
              20.204400012496777
            ],
            [
              42.05975305711763,
              17.855069937578463
            ],
            [
              43.22311307709265,
              16.28807663525616
            ],
            [
              43.540393082539424,
              13.374696362092877
            ],
            [
              43.804793087079645,
              12.756567322513376
            ],
            [
              45.3911931143177,
              13.374696362092877
            ],
            [
              47.63859315290364,
              14.016898062029185
            ],
            [
              45.78779312112641,
              17.25005798408425
            ],
            [
              42.58855306619702,
              23.176674623932342
            ],
            [
              38.75475300037189,
              28.92162178290731
            ],
            [
              37.22123297404249,
              30.869813381603322
            ],
            [
              35.44975294362723,
              30.960547918001396
            ]
          ]
        ],
        "type": "Polygon"
      }
    },
    {
      "type": "Feature",
      "properties": {
        "name": "Деканское плоскогорье",
        "name_en": "Deccan Plateau",
        "description": "Высокое плато с разрежённым воздухом и большими суточными колебаниями температур."
      },
      "geometry": {
        "type": "MultiPolygon",
        "coordinates": [
          [
            [
              [
                79.2596541675837,
                19.796087957806606
              ],
              [
                80.32142174570876,
                19.844427801556606
              ],
              [
                80.81912310064338,
                19.78805978603221
              ],
              [
                80.8194957293232,
                19.78907416449644
              ],
              [
                80.80935575927703,
                19.794730088975612
              ],
              [
                80.7961396185425,
                19.79713894314223
              ],
              [
                80.78435576892196,
                19.812198350694317
              ],
              [
                80.78627634109779,
                19.819730088975632
              ],
              [
                80.7885224339812,
                19.823742133246398
              ],
              [
                80.79065459461685,
                19.828531358506865
              ],
              [
                80.7967743839227,
                19.8338007269964
              ],
              [
                80.79968779425684,
                19.846658799913115
              ],
              [
                80.8031057616883,
                19.84473008897558
              ],
              [
                80.8091929989231,
                19.840408799913092
              ],
              [
                80.81352242433621,
                19.838480088975643
              ],
              [
                80.82105822872046,
                19.83427680121521
              ],
              [
                80.83232124520856,
                19.832221950954775
              ],
              [
                80.8546031376539,
                19.818265245225604
              ],
              [
                80.86446641509855,
                19.800589463975555
              ],
              [
                80.86589319214835,
                19.782762759576705
              ],
              [
                81.11793053477126,
                19.754217840619106
              ],
              [
                81.15772545664626,
                19.730047918744077
              ],
              [
                81.18958580820876,
                19.6966616882753
              ],
              [
                81.21473229258376,
                19.651678778119077
              ],
              [
                81.2497664722712,
                19.517767645306577
              ],
              [
                81.25387788084572,
                19.449752187940266
              ],
              [
                81.25494478007596,
                19.450866156683958
              ],
              [
                81.2735971166299,
                19.45878038194435
              ],
              [
                81.27603852193783,
                19.463541124131837
              ],
              [
                81.27589203761949,
                19.470694444444376
              ],
              [
                81.27600596986701,
                19.475902777777705
              ],
              [
                81.27582693347796,
                19.48421169704855
              ],
              [
                81.29856455491392,
                19.484675564236056
              ],
              [
                81.30094085608056,
                19.465303005642312
              ],
              [
                81.30527028149345,
                19.456884223090157
              ],
              [
                81.31111337819772,
                19.43887885199642
              ],
              [
                81.31986988523596,
                19.423441026475643
              ],
              [
                81.32808928310664,
                19.4155471462673
              ],
              [
                81.3279265227527,
                19.407254503038132
              ],
              [
                81.33225594816582,
                19.40086208767353
              ],
              [
                81.33209318781189,
                19.393065863715208
              ],
              [
                81.33455086915535,
                19.37622422960061
              ],
              [
                81.32800790292964,
                19.367589789496463
              ],
              [
                81.32595712247092,
                19.363382432725572
              ],
              [
                81.31746103199879,
                19.352851833767218
              ],
              [
                81.31770517252954,
                19.340701768663067
              ],
              [
                81.31440113734584,
                19.331046006944348
              ],
              [
                81.32870777245142,
                19.31903835720476
              ],
              [
                81.35248706015233,
                19.31439561631933
              ],
              [
                81.35925789087338,
                19.301248643663115
              ],
              [
                81.35720711041444,
                19.28004909939223
              ],
              [
                81.34469083920163,
                19.263553331163067
              ],
              [
                81.34262378270756,
                19.252965766058963
              ],
              [
                81.33980802858554,
                19.239192165798542
              ],
              [
                81.3447071152371,
                19.23408962673598
              ],
              [
                81.35709317816679,
                19.234341905381868
              ],
              [
                81.36529630000189,
                19.220804307725572
              ],
              [
                81.36814460619479,
                19.204153917100555
              ],
              [
                81.36485684704644,
                19.197395290798468
              ],
              [
                81.35925789087338,
                19.19467312282974
              ],
              [
                81.34835294716385,
                19.18640489366308
              ],
              [
                81.33323251028884,
                19.191584743923528
              ],
              [
                81.3207325151115,
                19.18730414496521
              ],
              [
                81.30815113975711,
                19.19161322699641
              ],
              [
                81.29825531024159,
                19.181318630642266
              ],
              [
                81.28427419584392,
                19.176533474392272
              ],
              [
                81.27260427847119,
                19.18052924262146
              ],
              [
                81.26379894332649,
                19.175988226996424
              ],
              [
                81.2570443886408,
                19.173803168402713
              ],
              [
                81.25006196945975,
                19.166523708767272
              ],
              [
                81.24865602820744,
                19.166067659547117
              ],
              [
                81.23389733164626,
                19.052557684369077
              ],
              [
                81.17249596445876,
                18.91120026249405
              ],
              [
                81.13275094216867,
                18.855661968517264
              ],
              [
                81.14636734800712,
                18.844758572048477
              ],
              [
                81.14794612343957,
                18.83215277777765
              ],
              [
                81.14556982227293,
                18.813065049913035
              ],
              [
                81.15050146099543,
                18.80467881944432
              ],
              [
                81.14814143586437,
                18.7857050238714
              ],
              [
                81.15287776216189,
                18.77335150824645
              ],
              [
                81.14480484860985,
                18.767455512152708
              ],
              [
                81.1326466501755,
                18.760074327256874
              ],
              [
                81.13114925491993,
                18.758194444444342
              ],
              [
                81.12449235644647,
                18.760098741319297
              ],
              [
                81.1214487378291,
                18.768021104600606
              ],
              [
                81.12213233131536,
                18.77353054470474
              ],
              [
                81.1195769937595,
                18.777872178819365
              ],
              [
                81.11697282809752,
                18.78406521267354
              ],
              [
                81.10841163348385,
                18.789094509548505
              ],
              [
                81.09342140489207,
                18.79337917751728
              ],
              [
                81.0919234504967,
                18.798611069960387
              ],
              [
                81.08448326914626,
                18.788214422650327
              ],
              [
                80.75058115885949,
                18.44786941248903
              ],
              [
                80.75090851620098,
                18.446695421006808
              ],
              [
                80.75305695287233,
                18.44261013454853
              ],
              [
                80.75806997177159,
                18.43199408637146
              ],
              [
                80.76672882259766,
                18.41564480251725
              ],
              [
                80.77281605983245,
                18.402737901475618
              ],
              [
                80.77839873997016,
                18.382702094183955
              ],
              [
                80.7822236082863,
                18.371776801215148
              ],
              [
                80.78456735738217,
                18.357136501736022
              ],
              [
                80.78419300856825,
                18.34777777777765
              ],
              [
                80.784518529276,
                18.339444444444297
              ],
              [
                80.78393259200197,
                18.324364691840174
              ],
              [
                80.78910837125528,
                18.314554307725587
              ],
              [
                80.79288441146491,
                18.279166124131862
              ],
              [
                80.80305693358213,
                18.27594346788183
              ],
              [
                80.80820016076439,
                18.273229437933935
              ],
              [
                80.81132515955898,
                18.263362087673514
              ],
              [
                80.81415718971618,
                18.255281032985962
              ],
              [
                80.81329455984076,
                18.233609483506825
              ],
              [
                80.80898141046322,
                18.225475531683898
              ],
              [
                80.79275420318203,
                18.217817654079766
              ],
              [
                80.79156605259857,
                18.216527777777642
              ],
              [
                80.78424183667443,
                18.217528754340165
              ],
              [
                80.77574574620223,
                18.220507269965154
              ],
              [
                80.76764028057914,
                18.234276801215202
              ],
              [
                80.75688182118824,
                18.24700873480893
              ],
              [
                80.75221059903208,
                18.25690863715269
              ],
              [
                80.7408499263318,
                18.250898708767252
              ],
              [
                80.72312532379493,
                18.248860134548494
              ],
              [
                80.70440788309958,
                18.253767361111016
              ],
              [
                80.69680697457352,
                18.265526801215174
              ],
              [
                80.69203809620518,
                18.271695421006854
              ],
              [
                80.68131218888499,
                18.260119086371432
              ],
              [
                80.67389031674821,
                18.25324245876729
              ],
              [
                80.67162794782939,
                18.2461094835068
              ],
              [
                80.66718459016869,
                18.242610134548542
              ],
              [
                80.65763055739626,
                18.24766791449639
              ],
              [
                80.64680699386372,
                18.255110134548516
              ],
              [
                80.63984085071803,
                18.259606391058924
              ],
              [
                80.63639033121575,
                18.26359809027764
              ],
              [
                80.64565139535131,
                18.2679600694443
              ],
              [
                80.64239618827378,
                18.274092068142266
              ],
              [
                80.63424189454474,
                18.27794542100679
              ],
              [
                80.62242549285344,
                18.287560492621424
              ],
              [
                80.62015587411867,
                18.297094807586433
              ],
              [
                80.5688582691462,
                18.215277410931606
              ],
              [
                80.4452010425837,
                17.789740301556606
              ],
              [
                80.38172448008376,
                17.697027899212827
              ],
              [
                79.93931326632892,
                17.26962165446878
              ],
              [
                79.79865063467687,
                17.1337297844143
              ],
              [
                78.54615319102126,
                15.923712469525384
              ],
              [
                78.5312606128962,
                15.902777410931577
              ],
              [
                78.5211287769587,
                15.878668524212856
              ],
              [
                78.37928307383376,
                15.200751043744049
              ],
              [
                78.38135826914626,
                15.130133367962856
              ],
              [
                78.4848738941462,
                14.771551824994106
              ],
              [
                78.4868270191462,
                14.696234442181634
              ],
              [
                78.47510826914626,
                14.612555242962827
              ],
              [
                78.35523522227126,
                14.203436590619091
              ],
              [
                78.26073146831024,
                13.997826098483724
              ],
              [
                78.26550908444977,
                13.99842068142344
              ],
              [
                78.27405400302803,
                13.98435004340267
              ],
              [
                78.28022262043993,
                13.986205512152694
              ],
              [
                78.28832808606279,
                13.9921218532985
              ],
              [
                78.2987447487107,
                13.987735460069317
              ],
              [
                78.30893354686305,
                13.973786892360991
              ],
              [
                78.30499474629937,
                13.963516710069356
              ],
              [
                78.30040490432009,
                13.94749294704846
              ],
              [
                78.2896952730353,
                13.943375108506842
              ],
              [
                78.28010868819212,
                13.94217881944428
              ],
              [
                78.2729797846925,
                13.94306586371512
              ],
              [
                78.26656702674984,
                13.931111111110994
              ],
              [
                78.25115362123796,
                13.932160915798448
              ],
              [
                78.24319463993368,
                13.942105577256854
              ],
              [
                78.23933049086763,
                13.951264291997513
              ],
              [
                78.1950789722712,
                13.85498688358787
              ],
              [
                78.1850692066462,
                13.74817536015037
              ],
              [
                78.30433190195876,
                13.167792059369049
              ],
              [
                78.30079186289626,
                13.057806707806606
              ],
              [
                78.26856530039626,
                12.981512762494106
              ],
              [
                78.09974205820876,
                12.796637274212813
              ],
              [
                77.8493758472712,
                12.614081121869134
              ],
              [
                77.58631432383376,
                12.488104559369134
              ],
              [
                77.47156823008376,
                12.463446356244077
              ],
              [
                76.8872176441462,
                12.548956610150299
              ],
              [
                76.45838463633376,
                12.721564032025384
              ],
              [
                76.2785750660212,
                12.848028875775299
              ],
              [
                76.1425887378962,
                13.003790594525327
              ],
              [
                76.0658065113337,
                13.190619207806577
              ],
              [
                76.05774987070876,
                13.27973053593162
              ],
              [
                76.12842858164626,
                13.684942938275356
              ],
              [
                76.11439049570876,
                13.766913153119063
              ],
              [
                76.0739852222712,
                13.852179266400327
              ],
              [
                75.5396834644587,
                14.424383856244077
              ],
              [
                75.47828209727126,
                14.539007879681563
              ],
              [
                75.44007408945876,
                14.672369696087856
              ],
              [
                75.3934432300837,
                15.219671942181606
              ],
              [
                75.3486434253962,
                15.400397039837856
              ],
              [
                75.07850182383376,
                15.969000555462856
              ],
              [
                75.0413924488337,
                16.503729559369134
              ],
              [
                74.4423934253962,
                17.5874087585878
              ],
              [
                74.2093611988337,
                18.317755438275327
              ],
              [
                74.1973983082087,
                18.539496160931577
              ],
              [
                74.23011315195876,
                18.727850653119077
              ],
              [
                74.2988387378962,
                18.89423248905655
              ],
              [
                74.4004012378962,
                19.0430972351503
              ],
              [
                74.8263045582087,
                19.433783270306606
              ],
              [
                75.0826522144587,
                19.86640045780655
              ],
              [
                75.18531334727126,
                19.958197332806606
              ],
              [
                75.3704940113337,
                20.060126043744077
              ],
              [
                75.56080162852126,
                20.112005926556577
              ],
              [
                75.97620690195876,
                20.113470770306606
              ],
              [
                76.12452233164626,
                20.082159735150327
              ],
              [
                76.3972274097712,
                19.980719305462856
              ],
              [
                76.5437117847712,
                19.949591375775327
              ],
              [
                78.92505944102126,
                19.809698797650327
              ],
              [
                79.17188561289626,
                19.774420477337856
              ],
              [
                79.2596541675837,
                19.796087957806606
              ]
            ],
            [
              [
                81.26321300605281,
                19.403413357204727
              ],
              [
                81.25627633078663,
                19.410074382452216
              ],
              [
                81.25729094462407,
                19.393289520779437
              ],
              [
                81.26321300605281,
                19.403413357204727
              ]
            ],
            [
              [
                81.25663137191253,
                19.227406481864403
              ],
              [
                81.25933930963043,
                19.230008409288075
              ],
              [
                81.25917654927667,
                19.238301052517244
              ],
              [
                81.26358735486662,
                19.244815538194374
              ],
              [
                81.26313162587581,
                19.267162543402634
              ],
              [
                81.2693978994999,
                19.276407335069322
              ],
              [
                81.27288097107271,
                19.296850043402642
              ],
              [
                81.26694021815626,
                19.308397894965182
              ],
              [
                81.27387380923136,
                19.317549099392224
              ],
              [
                81.27965180179388,
                19.329446885850587
              ],
              [
                81.28634125233822,
                19.33931016710055
              ],
              [
                81.27491547549624,
                19.348388129340165
              ],
              [
                81.2674610512887,
                19.344551052517218
              ],
              [
                81.26022818544735,
                19.344698441987415
              ],
              [
                81.2639266285212,
                19.28351471561905
              ],
              [
                81.25663137191253,
                19.227406481864403
              ]
            ],
            [
              [
                80.66780307951348,
                18.350451117621446
              ],
              [
                80.66720086620404,
                18.335436469183918
              ],
              [
                80.65852573934256,
                18.322834743923465
              ],
              [
                80.65942092128887,
                18.300276150173488
              ],
              [
                80.6634736541003,
                18.292610134548525
              ],
              [
                80.66591505940852,
                18.28744656032974
              ],
              [
                80.67278354634203,
                18.29107611762143
              ],
              [
                80.67647820637495,
                18.302766384548462
              ],
              [
                80.69472364204404,
                18.30711208767346
              ],
              [
                80.7022757224637,
                18.30975694444429
              ],
              [
                80.71373405137643,
                18.302746039496412
              ],
              [
                80.71851920578024,
                18.29258978949639
              ],
              [
                80.72473665129814,
                18.288443467881805
              ],
              [
                80.7446422425769,
                18.295421820746427
              ],
              [
                80.75216177092597,
                18.307055121527696
              ],
              [
                80.7488251836715,
                18.313362087673482
              ],
              [
                80.74420278962145,
                18.325206976996455
              ],
              [
                80.73183300272723,
                18.331046006944362
              ],
              [
                80.72597362998778,
                18.32794542100686
              ],
              [
                80.71949576790354,
                18.3259434678818
              ],
              [
                80.71526399870288,
                18.334895290798514
              ],
              [
                80.70696322065538,
                18.346976182725626
              ],
              [
                80.70019238993422,
                18.36835069444433
              ],
              [
                80.70305697216236,
                18.373778754340208
              ],
              [
                80.70507520055037,
                18.382571885850595
              ],
              [
                80.69675814646746,
                18.390270453558898
              ],
              [
                80.69642950650223,
                18.39267286205107
              ],
              [
                80.68586915000199,
                18.381908735291614
              ],
              [
                80.66158725316242,
                18.357158300442606
              ],
              [
                80.66780307951348,
                18.350451117621446
              ]
            ]
          ],
          [
            [
              [
                76.11861863668395,
                12.438427191840177
              ],
              [
                76.11201056631677,
                12.449478624131785
              ],
              [
                76.09898973800699,
                12.457266710069277
              ],
              [
                76.10107307053642,
                12.47159776475685
              ],
              [
                76.10950405686697,
                12.477855902777634
              ],
              [
                76.12472214995427,
                12.475178493923451
              ],
              [
                76.12970261678282,
                12.463004014756791
              ],
              [
                76.13622930697306,
                12.45219672309014
              ],
              [
                76.1341785265144,
                12.443546006944317
              ],
              [
                76.12581264432515,
                12.438532986110943
              ],
              [
                76.12490118634344,
                12.437361111110974
              ],
              [
                76.11861863668395,
                12.438427191840177
              ]
            ]
          ],
          [
            [
              [
                78.22284959569947,
                12.740746527777631
              ],
              [
                78.2135071513872,
                12.757966579861005
              ],
              [
                78.21596483273055,
                12.777929144965157
              ],
              [
                78.22214972617797,
                12.77585394965267
              ],
              [
                78.2276347501035,
                12.769726019965177
              ],
              [
                78.24869593989462,
                12.761620551215117
              ],
              [
                78.25247198010447,
                12.747549913194348
              ],
              [
                78.24462693104778,
                12.740543077256845
              ],
              [
                78.24365036892453,
                12.739444444444302
              ],
              [
                78.22284959569947,
                12.740746527777631
              ]
            ]
          ],
          [
            [
              [
                78.45081174733451,
                13.373689236110948
              ],
              [
                78.4448221663119,
                13.378116319444288
              ],
              [
                78.43282672823153,
                13.381461046006848
              ],
              [
                78.42633259011194,
                13.392227647569328
              ],
              [
                78.4306294634543,
                13.410798611110962
              ],
              [
                78.42415160137006,
                13.42154893663185
              ],
              [
                78.43616331548583,
                13.430810004340117
              ],
              [
                78.44075315746505,
                13.438419053819317
              ],
              [
                78.43546344596433,
                13.445547960069348
              ],
              [
                78.4469380509122,
                13.452473415798508
              ],
              [
                78.46331174251196,
                13.448689236110951
              ],
              [
                78.47675574774178,
                13.446402452256848
              ],
              [
                78.48290808911833,
                13.436205512152654
              ],
              [
                78.48477983318793,
                13.42357530381932
              ],
              [
                78.47997840274854,
                13.415616319444297
              ],
              [
                78.47815548678517,
                13.411189236110943
              ],
              [
                78.47459103503536,
                13.40526475694432
              ],
              [
                78.4674621315358,
                13.387580837673525
              ],
              [
                78.46051226442523,
                13.382217881944328
              ],
              [
                78.45406695441193,
                13.3727777777776
              ],
              [
                78.45081174733451,
                13.373689236110948
              ]
            ]
          ],
          [
            [
              [
                78.40725707663785,
                13.583202582465162
              ],
              [
                78.41129353341393,
                13.580012478298471
              ],
              [
                78.41843871294907,
                13.576732855902677
              ],
              [
                78.42249144576061,
                13.567919379340154
              ],
              [
                78.43416136313334,
                13.564314236110974
              ],
              [
                78.43469847230085,
                13.555142686631797
              ],
              [
                78.43145954125902,
                13.541210394965134
              ],
              [
                78.41962686353241,
                13.538459743923525
              ],
              [
                78.40890095621211,
                13.529654405381848
              ],
              [
                78.39688924209617,
                13.530370551215142
              ],
              [
                78.39379679537262,
                13.507209743923468
              ],
              [
                78.39684041398993,
                13.509179144965188
              ],
              [
                78.40226033377394,
                13.51525824652768
              ],
              [
                78.41031697129091,
                13.515738389756848
              ],
              [
                78.41726683840113,
                13.51532335069436
              ],
              [
                78.42997842203869,
                13.518725043402668
              ],
              [
                78.43040159895878,
                13.511474066840123
              ],
              [
                78.42392373687449,
                13.505679796006845
              ],
              [
                78.42743936051835,
                13.497029079861022
              ],
              [
                78.44355263555173,
                13.502815212673468
              ],
              [
                78.45206500205933,
                13.487157660590142
              ],
              [
                78.44879351894639,
                13.478043077256814
              ],
              [
                78.44566852015203,
                13.467903103298454
              ],
              [
                78.43601683116748,
                13.465323350694291
              ],
              [
                78.42826943832307,
                13.465779079860965
              ],
              [
                78.42587686112108,
                13.46137641059012
              ],
              [
                78.42073363393854,
                13.447777777777603
              ],
              [
                78.3927225770372,
                13.448835720485974
              ],
              [
                78.37921346766569,
                13.460904405381783
              ],
              [
                78.37351685528,
                13.47936143663182
              ],
              [
                78.36515097309103,
                13.483194444444294
              ],
              [
                78.36581829054182,
                13.494400499131856
              ],
              [
                78.3614237609873,
                13.496793077256811
              ],
              [
                78.34303184099969,
                13.504467230902605
              ],
              [
                78.33868613955104,
                13.512458767360968
              ],
              [
                78.33819785848965,
                13.520686306423457
              ],
              [
                78.34295046082269,
                13.536059027777654
              ],
              [
                78.3606587873241,
                13.539371202256788
              ],
              [
                78.36373495801234,
                13.545018988715114
              ],
              [
                78.36326295298608,
                13.552986111110968
              ],
              [
                78.36357219765836,
                13.558194444444297
              ],
              [
                78.36295370831351,
                13.568505316840188
              ],
              [
                78.36598105089575,
                13.576944444444294
              ],
              [
                78.36314902073826,
                13.584830186631805
              ],
              [
                78.36620891539104,
                13.604963650173488
              ],
              [
                78.36170045358875,
                13.605232204860954
              ],
              [
                78.35014446846384,
                13.596223415798491
              ],
              [
                78.34321087738874,
                13.588459743923508
              ],
              [
                78.34046022740824,
                13.592512478298445
              ],
              [
                78.33756309310951,
                13.605012478298505
              ],
              [
                78.33243614196238,
                13.602001410590177
              ],
              [
                78.32633262869223,
                13.588712022569297
              ],
              [
                78.31438601871781,
                13.582209743923471
              ],
              [
                78.303090450159,
                13.595629340277625
              ],
              [
                78.3050435744056,
                13.600959743923468
              ],
              [
                78.3114237802775,
                13.609179144965125
              ],
              [
                78.3153463048057,
                13.61774848090269
              ],
              [
                78.3204244278466,
                13.627082790798468
              ],
              [
                78.31350711280692,
                13.636994900173448
              ],
              [
                78.3196269021127,
                13.640543077256794
              ],
              [
                78.32600710798431,
                13.6425124782985
              ],
              [
                78.33212689729004,
                13.6447097439235
              ],
              [
                78.35426230541685,
                13.646784939235985
              ],
              [
                78.35877076721914,
                13.65662380642344
              ],
              [
                78.36975709110567,
                13.659179144965194
              ],
              [
                78.37379354788163,
                13.661376410590194
              ],
              [
                78.3813456283014,
                13.6637120225693
              ],
              [
                78.3929667175679,
                13.68199001736096
              ],
              [
                78.3991841630858,
                13.682356228298445
              ],
              [
                78.41350707422657,
                13.68012641059019
              ],
              [
                78.4242655336177,
                13.67178493923602
              ],
              [
                78.43212685870981,
                13.667512478298448
              ],
              [
                78.44828896184936,
                13.664493272569288
              ],
              [
                78.45618283901234,
                13.646565212673522
              ],
              [
                78.44475706217031,
                13.627929144965123
              ],
              [
                78.44046018882824,
                13.621793077256783
              ],
              [
                78.436212143592,
                13.612515733506854
              ],
              [
                78.42096149843411,
                13.59545844184018
              ],
              [
                78.40725707663785,
                13.583202582465162
              ]
            ]
          ],
          [
            [
              [
                78.63351024455727,
                13.63033799913184
              ],
              [
                78.64252716816185,
                13.626195746527628
              ],
              [
                78.64290151697577,
                13.61990505642352
              ],
              [
                78.64039500752597,
                13.60379991319435
              ],
              [
                78.6314920161692,
                13.599706488715157
              ],
              [
                78.63622834246695,
                13.577522243923497
              ],
              [
                78.62600699224356,
                13.569595811631814
              ],
              [
                78.61895946892099,
                13.566365017360937
              ],
              [
                78.613376788783,
                13.561376410590157
              ],
              [
                78.61240022665999,
                13.560277777777614
              ],
              [
                78.60296012613526,
                13.561262478298474
              ],
              [
                78.59684033682959,
                13.565543077256791
              ],
              [
                78.58792106943741,
                13.568293728298485
              ],
              [
                78.58884880345448,
                13.583731553819348
              ],
              [
                78.57398878314581,
                13.587182074652674
              ],
              [
                78.5731912574119,
                13.600585394965151
              ],
              [
                78.57587680325071,
                13.609293077256822
              ],
              [
                78.58128044699941,
                13.624356553819283
              ],
              [
                78.57187289854528,
                13.637833116319356
              ],
              [
                78.5697570139451,
                13.6447097439235
              ],
              [
                78.5654601406028,
                13.65084581163184
              ],
              [
                78.56350701635637,
                13.661376410590194
              ],
              [
                78.55940545543871,
                13.67280219184012
              ],
              [
                78.56778761366309,
                13.68822374131932
              ],
              [
                78.573533054155,
                13.700756293402634
              ],
              [
                78.59596143091863,
                13.696565212673505
              ],
              [
                78.60486442227545,
                13.68382921006932
              ],
              [
                78.60733837965444,
                13.67060492621512
              ],
              [
                78.62581167981915,
                13.656192491319274
              ],
              [
                78.62618602863296,
                13.649966905381845
              ],
              [
                78.62317496208635,
                13.63017523871514
              ],
              [
                78.62698355436692,
                13.629947374131845
              ],
              [
                78.63351024455727,
                13.63033799913184
              ]
            ]
          ],
          [
            [
              [
                78.87584413543931,
                13.714297960069302
              ],
              [
                78.88315207532804,
                13.705175238715142
              ],
              [
                78.89272238413588,
                13.70310004340267
              ],
              [
                78.89825623616758,
                13.699852973090131
              ],
              [
                78.90082784975874,
                13.689118923610991
              ],
              [
                78.89203879064968,
                13.675300564236025
              ],
              [
                78.8928688684544,
                13.668611111110991
              ],
              [
                78.89202251461415,
                13.661758897569342
              ],
              [
                78.90313904678379,
                13.65935004340264
              ],
              [
                78.90851013846157,
                13.65620062934012
              ],
              [
                78.91231873074224,
                13.642846137152645
              ],
              [
                78.91964294666639,
                13.636978624131856
              ],
              [
                78.92166117505457,
                13.630183376735971
              ],
              [
                78.90406678080086,
                13.608194444444266
              ],
              [
                78.89457785217002,
                13.609122178819277
              ],
              [
                78.89063905160634,
                13.611433376735974
              ],
              [
                78.86655051923304,
                13.616430121527685
              ],
              [
                78.8593890636626,
                13.62286729600683
              ],
              [
                78.86355572872179,
                13.62995551215269
              ],
              [
                78.86602968610055,
                13.635814887152634
              ],
              [
                78.87750429104875,
                13.640648871527645
              ],
              [
                78.88207785699257,
                13.653490668402682
              ],
              [
                78.8789854102688,
                13.663288845485965
              ],
              [
                78.87188905884,
                13.659122178819345
              ],
              [
                78.8591286470965,
                13.653742947048485
              ],
              [
                78.85239036844615,
                13.657714301215151
              ],
              [
                78.83490990643998,
                13.661490342881791
              ],
              [
                78.83204532421195,
                13.668310004340185
              ],
              [
                78.82527449349072,
                13.6737217881943
              ],
              [
                78.82691837306487,
                13.68681586371514
              ],
              [
                78.83329857893676,
                13.697696397569302
              ],
              [
                78.84063907089626,
                13.700788845485974
              ],
              [
                78.84527774098171,
                13.70351508246516
              ],
              [
                78.84430117885842,
                13.711319444444314
              ],
              [
                78.84498477234484,
                13.716828884548448
              ],
              [
                78.85685000214227,
                13.719538845485971
              ],
              [
                78.86575299349914,
                13.713044704860977
              ],
              [
                78.87584413543931,
                13.714297960069302
              ]
            ]
          ],
          [
            [
              [
                78.45605263072918,
                13.738231879340134
              ],
              [
                78.45934038987747,
                13.732209743923477
              ],
              [
                78.4612935141239,
                13.72376247829844
              ],
              [
                78.46754351171268,
                13.70873155381932
              ],
              [
                78.46350705493666,
                13.700845811631822
              ],
              [
                78.45615028694152,
                13.691527777777623
              ],
              [
                78.44254352135766,
                13.692512478298468
              ],
              [
                78.4364237320521,
                13.696793077256785
              ],
              [
                78.41259561624486,
                13.699275173611014
              ],
              [
                78.40522257221465,
                13.709830186631777
              ],
              [
                78.41362100647439,
                13.721850043402668
              ],
              [
                78.41314900144812,
                13.72974392361101
              ],
              [
                78.42667438685498,
                13.740217556423516
              ],
              [
                78.4361144873796,
                13.740779079860943
              ],
              [
                78.44467568199332,
                13.734146592881856
              ],
              [
                78.45605263072918,
                13.738231879340134
              ]
            ]
          ],
          [
            [
              [
                78.2897766532123,
                13.77020616319433
              ],
              [
                78.2795227509182,
                13.783308376736002
              ],
              [
                78.27524215361137,
                13.798933376735988
              ],
              [
                78.28453576981735,
                13.806949327256845
              ],
              [
                78.28388472840203,
                13.815144314235994
              ],
              [
                78.29353641738658,
                13.820531684027614
              ],
              [
                78.31186323323294,
                13.81718695746514
              ],
              [
                78.31609500243366,
                13.807714301215157
              ],
              [
                78.32577924348897,
                13.803393012152668
              ],
              [
                78.32869265382345,
                13.787271592881837
              ],
              [
                78.31617638261042,
                13.772737087673477
              ],
              [
                78.30294396584054,
                13.76973415798598
              ],
              [
                78.30198367975282,
                13.768611111111028
              ],
              [
                78.2897766532123,
                13.77020616319433
              ]
            ]
          ],
          [
            [
              [
                78.49671016712676,
                13.811262478298502
              ],
              [
                78.48819780061916,
                13.817862413194348
              ],
              [
                78.48115027729654,
                13.81744737413186
              ],
              [
                78.47610470632645,
                13.817748480902665
              ],
              [
                78.47006629719766,
                13.814468858506785
              ],
              [
                78.46619260077551,
                13.822924262152654
              ],
              [
                78.45081174733451,
                13.83271430121519
              ],
              [
                78.43863727286481,
                13.849478624131805
              ],
              [
                78.4364237320521,
                13.861376410590168
              ],
              [
                78.42657673064275,
                13.873379991319297
              ],
              [
                78.42392373687449,
                13.882893337673451
              ],
              [
                78.43271279598383,
                13.904052191840165
              ],
              [
                78.44874469084016,
                13.90709581163182
              ],
              [
                78.46653439751861,
                13.89158474392353
              ],
              [
                78.46991981287908,
                13.869831814235951
              ],
              [
                78.48642371276202,
                13.867626410590105
              ],
              [
                78.49254350206752,
                13.863345811631788
              ],
              [
                78.49684037540993,
                13.861376410590168
              ],
              [
                78.50676875699622,
                13.854442816840177
              ],
              [
                78.50921016230416,
                13.847411566840165
              ],
              [
                78.4997049576379,
                13.83378851996514
              ],
              [
                78.50919388626869,
                13.820189887152623
              ],
              [
                78.50198360259213,
                13.810277777777657
              ],
              [
                78.49671016712676,
                13.811262478298502
              ]
            ]
          ],
          [
            [
              [
                78.69461048140124,
                14.015567491319302
              ],
              [
                78.69268990922558,
                14.002904730902642
              ],
              [
                78.69044381634222,
                13.996817491319305
              ],
              [
                78.68852324416645,
                13.990404730902668
              ],
              [
                78.68349394923172,
                13.98332465277764
              ],
              [
                78.68643991163674,
                13.978067491319308
              ],
              [
                78.68836048381252,
                13.968863389756791
              ],
              [
                78.68105254392356,
                13.95576117621512
              ],
              [
                78.6627745561837,
                13.95296983506934
              ],
              [
                78.64804474415814,
                13.944758572048528
              ],
              [
                78.62973420434736,
                13.941967230902662
              ],
              [
                78.6302550374798,
                13.935464952256837
              ],
              [
                78.64973745183846,
                13.926781684027674
              ],
              [
                78.65365997636678,
                13.917976345485982
              ],
              [
                78.64911896249367,
                13.897175564236008
              ],
              [
                78.63836050310266,
                13.894734157985965
              ],
              [
                78.63643993092694,
                13.892073025173445
              ],
              [
                78.64428497998375,
                13.885302191840154
              ],
              [
                78.65662221480727,
                13.889826931423528
              ],
              [
                78.66336049345767,
                13.881363389756828
              ],
              [
                78.65860789112452,
                13.872826605902688
              ],
              [
                78.65951934910618,
                13.86131944444432
              ],
              [
                78.65860789112452,
                13.849812282985951
              ],
              [
                78.66251413961731,
                13.842789171006785
              ],
              [
                78.6550271633393,
                13.832234157986022
              ],
              [
                78.65261831010184,
                13.824226345485982
              ],
              [
                78.63546336880358,
                13.819058702256825
              ],
              [
                78.63227326586792,
                13.804988064235971
              ],
              [
                78.62932730346273,
                13.799722764756794
              ],
              [
                78.61301871600455,
                13.796752387152651
              ],
              [
                78.60763134829136,
                13.790486111110951
              ],
              [
                78.59877718504077,
                13.788484157985991
              ],
              [
                78.59781689895289,
                13.787361111111025
              ],
              [
                78.58736768423415,
                13.788427191840142
              ],
              [
                78.57101026866985,
                13.798632269965182
              ],
              [
                78.56057732998647,
                13.80082139756935
              ],
              [
                78.55281366110682,
                13.796500108506848
              ],
              [
                78.54745884546452,
                13.796931423611014
              ],
              [
                78.54477329962538,
                13.81794379340262
              ],
              [
                78.55310662974381,
                13.821654730902665
              ],
              [
                78.56179803264075,
                13.827823350694345
              ],
              [
                78.5788390416912,
                13.83041937934017
              ],
              [
                78.59949333059768,
                13.828759223090188
              ],
              [
                78.60919384768869,
                13.830858832465168
              ],
              [
                78.6046853858864,
                13.838956163194297
              ],
              [
                78.59185987000109,
                13.83792263454852
              ],
              [
                78.58227328515784,
                13.844734157985982
              ],
              [
                78.56687615568137,
                13.84707790798602
              ],
              [
                78.56034946549124,
                13.864257269965137
              ],
              [
                78.5656066249212,
                13.871654730902634
              ],
              [
                78.5691548006356,
                13.879605577256825
              ],
              [
                78.56165154832217,
                13.893049587673474
              ],
              [
                78.55865675781098,
                13.922411566840168
              ],
              [
                78.56316521961327,
                13.934699978298525
              ],
              [
                78.54786574634909,
                13.94151963975682
              ],
              [
                78.54461053927167,
                13.955875108506817
              ],
              [
                78.54044387421249,
                13.963321397569317
              ],
              [
                78.53852330203671,
                13.975984157985991
              ],
              [
                78.53211054409417,
                13.984154730902631
              ],
              [
                78.52952265446754,
                13.995588650173488
              ],
              [
                78.53723749524113,
                14.013915473090165
              ],
              [
                78.54871210018933,
                14.017488064236005
              ],
              [
                78.5633768080732,
                14.000479600694348
              ],
              [
                78.580385265053,
                14.001846788194356
              ],
              [
                78.59742627410361,
                13.99812771267348
              ],
              [
                78.60086051757025,
                13.990404730902668
              ],
              [
                78.6054829116203,
                13.98431749131933
              ],
              [
                78.61544384527741,
                13.987540147569277
              ],
              [
                78.60849397816685,
                13.999991319444334
              ],
              [
                78.6146463195434,
                14.00865831163182
              ],
              [
                78.62918081914415,
                14.011962348090123
              ],
              [
                78.63438915046817,
                14.009048936631814
              ],
              [
                78.63836050310266,
                14.001464301215194
              ],
              [
                78.63211050551394,
                13.992650824652685
              ],
              [
                78.63018993333822,
                13.988028428819291
              ],
              [
                78.64190867881706,
                13.9828038194443
              ],
              [
                78.65650828255963,
                13.986799587673474
              ],
              [
                78.64740997877806,
                13.99842068142344
              ],
              [
                78.64908641042291,
                14.019351671006774
              ],
              [
                78.66511830527946,
                14.03317003038184
              ],
              [
                78.67594186881212,
                14.02919867621516
              ],
              [
                78.68694446873377,
                14.03323513454852
              ],
              [
                78.70086047898985,
                14.024380967881825
              ],
              [
                78.69461048140124,
                14.015567491319302
              ]
            ]
          ],
          [
            [
              [
                78.35764772077732,
                14.017854275173491
              ],
              [
                78.35289511844434,
                14.029939236110977
              ],
              [
                78.35079550987945,
                14.04226019965266
              ],
              [
                78.33481244312901,
                14.05460557725685
              ],
              [
                78.33324994373163,
                14.065176866319291
              ],
              [
                78.34037884723153,
                14.066234809027662
              ],
              [
                78.35802206959141,
                14.062515733506785
              ],
              [
                78.36949667453933,
                14.048974066840103
              ],
              [
                78.372296152626,
                14.036840277777628
              ],
              [
                78.36956177868097,
                14.032282986111
              ],
              [
                78.36728313372674,
                14.024136827256783
              ],
              [
                78.36240032311053,
                14.016527777777654
              ],
              [
                78.35764772077732,
                14.017854275173491
              ]
            ]
          ],
          [
            [
              [
                80.04491920524026,
                16.679983995225555
              ],
              [
                80.04182675851683,
                16.68525336371519
              ],
              [
                80.04312884134765,
                16.695694444444356
              ],
              [
                80.04221738336611,
                16.702998318142207
              ],
              [
                80.04457740849705,
                16.721850043402696
              ],
              [
                80.0468886055221,
                16.725788845486022
              ],
              [
                80.04986711999817,
                16.73620551215268
              ],
              [
                80.0715793512046,
                16.734187282985957
              ],
              [
                80.07660864613933,
                16.7301630316839
              ],
              [
                80.07558325591009,
                16.721955837673462
              ],
              [
                80.08207739402951,
                16.713065049913055
              ],
              [
                80.08022192599549,
                16.704955512152623
              ],
              [
                80.07236060090344,
                16.69512071397554
              ],
              [
                80.06772193081792,
                16.684122178819308
              ],
              [
                80.06239966724632,
                16.67694444444436
              ],
              [
                80.04491920524026,
                16.679983995225555
              ]
            ]
          ],
          [
            [
              [
                80.59563513860604,
                17.35414984809013
              ],
              [
                80.60933956040202,
                17.350959743923525
              ],
              [
                80.62144893073014,
                17.341568467881814
              ],
              [
                80.63420934247392,
                17.336262478298465
              ],
              [
                80.64462600512184,
                17.333043891058892
              ],
              [
                80.64249384448618,
                17.311632758246375
              ],
              [
                80.63551142530486,
                17.296402452256842
              ],
              [
                80.62511103869235,
                17.284765082465114
              ],
              [
                80.61705440117566,
                17.281876085069314
              ],
              [
                80.6091279719422,
                17.282348090277665
              ],
              [
                80.60037146490367,
                17.277587348090165
              ],
              [
                80.58316769549918,
                17.278608669704738
              ],
              [
                80.57808957245851,
                17.27584581163184
              ],
              [
                80.56417356220231,
                17.273677029079707
              ],
              [
                80.55103880164478,
                17.258967556423528
              ],
              [
                80.53225625680767,
                17.248762478298488
              ],
              [
                80.52170938587682,
                17.246793077256868
              ],
              [
                80.52073282375358,
                17.245694444444325
              ],
              [
                80.50042033159019,
                17.24841254340268
              ],
              [
                80.49005249704845,
                17.261803656683938
              ],
              [
                80.48642294115706,
                17.2697097439235
              ],
              [
                80.48212606781465,
                17.27584581163184
              ],
              [
                80.48017294356833,
                17.28637641059018
              ],
              [
                80.47708049684468,
                17.294978298610985
              ],
              [
                80.4940401257183,
                17.315758734808924
              ],
              [
                80.51337605575844,
                17.332209743923528
              ],
              [
                80.52133503706273,
                17.33727159288182
              ],
              [
                80.5246879003526,
                17.34455105251726
              ],
              [
                80.54058958692616,
                17.346679144965208
              ],
              [
                80.5473278655765,
                17.34909613715267
              ],
              [
                80.55554726344707,
                17.348607855902657
              ],
              [
                80.57117225741882,
                17.357095811631865
              ],
              [
                80.57732459879514,
                17.354589301215128
              ],
              [
                80.58508826767496,
                17.350369737413118
              ],
              [
                80.59563513860604,
                17.35414984809013
              ]
            ]
          ],
          [
            [
              [
                80.50725626645288,
                17.509179144965188
              ],
              [
                80.51479207083713,
                17.513276638454755
              ],
              [
                80.52795938346554,
                17.501509060329766
              ],
              [
                80.52572956661749,
                17.49364366319429
              ],
              [
                80.50100626886416,
                17.47167914496518
              ],
              [
                80.4967093955218,
                17.469709743923474
              ],
              [
                80.49200562129471,
                17.46715440538182
              ],
              [
                80.48004273528517,
                17.463459743923536
              ],
              [
                80.46759156821383,
                17.45380805121519
              ],
              [
                80.45933961827251,
                17.450845811631865
              ],
              [
                80.44879274734143,
                17.44887641059016
              ],
              [
                80.44781618521813,
                17.447777777777702
              ],
              [
                80.44254274975276,
                17.448762478298462
              ],
              [
                80.43888064179055,
                17.452872178819334
              ],
              [
                80.4302706190706,
                17.456823187933878
              ],
              [
                80.42608767797623,
                17.472452256944337
              ],
              [
                80.42553429277308,
                17.481680772569348
              ],
              [
                80.4452933997332,
                17.49923855251724
              ],
              [
                80.45725628574291,
                17.50292914496515
              ],
              [
                80.47293010782101,
                17.516601019965194
              ],
              [
                80.48642294115706,
                17.513459743923505
              ],
              [
                80.49535848458464,
                17.507209743923468
              ],
              [
                80.50725626645288,
                17.509179144965188
              ]
            ]
          ],
          [
            [
              [
                81.05378925872395,
                17.550638292100572
              ],
              [
                81.06344094770867,
                17.551212022569302
              ],
              [
                81.07309263669327,
                17.550638292100572
              ],
              [
                81.08761086025885,
                17.542748480902688
              ],
              [
                81.09574887795253,
                17.540237901475578
              ],
              [
                81.10486345776945,
                17.54078314887144
              ],
              [
                81.11627295857573,
                17.531941189236036
              ],
              [
                81.12205095113842,
                17.52545925564226
              ],
              [
                81.12013037896276,
                17.493049587673525
              ],
              [
                81.11545915680642,
                17.486376410590154
              ],
              [
                81.11350603256011,
                17.480012478298534
              ],
              [
                81.11020199737646,
                17.4739374457464
              ],
              [
                81.10725603497116,
                17.467512478298474
              ],
              [
                81.09615577883716,
                17.453189561631817
              ],
              [
                81.08420916886297,
                17.450959743923477
              ],
              [
                81.08323260673973,
                17.44986111111102
              ],
              [
                81.07563169821384,
                17.450878363715205
              ],
              [
                81.06734719620164,
                17.460143500433944
              ],
              [
                81.04929707295702,
                17.456286078558946
              ],
              [
                81.04141947182961,
                17.465107693142215
              ],
              [
                81.03085632486324,
                17.45937445746516
              ],
              [
                81.02325541633735,
                17.4572097439235
              ],
              [
                81.01558940366994,
                17.461376410590134
              ],
              [
                81.00610047503909,
                17.465730251735962
              ],
              [
                80.9898407156872,
                17.464761827256865
              ],
              [
                80.9767873353066,
                17.47487738715263
              ],
              [
                80.97392275307828,
                17.497676052517278
              ],
              [
                80.98017275066701,
                17.509179144965188
              ],
              [
                80.985885639088,
                17.52165066189228
              ],
              [
                80.97901715215465,
                17.531493598090208
              ],
              [
                80.98018902670242,
                17.551285264756814
              ],
              [
                80.98695985742353,
                17.561262478298474
              ],
              [
                80.994625870091,
                17.55709581163184
              ],
              [
                81.00341492920023,
                17.554381781683958
              ],
              [
                81.01129253032758,
                17.557209743923536
              ],
              [
                81.02600606631785,
                17.559179144965157
              ],
              [
                81.03971048811388,
                17.56284939236103
              ],
              [
                81.04841816704612,
                17.553100043402665
              ],
              [
                81.05378925872395,
                17.550638292100572
              ]
            ]
          ],
          [
            [
              [
                81.26890961843827,
                17.76553493923602
              ],
              [
                81.28425791980851,
                17.77175645616309
              ],
              [
                81.29843434663093,
                17.775882432725624
              ],
              [
                81.311341242693,
                17.76546576605888
              ],
              [
                81.31762379235255,
                17.763423122829735
              ],
              [
                81.3219206656949,
                17.76121365017353
              ],
              [
                81.32654305974472,
                17.751667751736036
              ],
              [
                81.32333668077337,
                17.735973578558912
              ],
              [
                81.30790699922642,
                17.728490668402685
              ],
              [
                81.31332691901025,
                17.717968207465177
              ],
              [
                81.28962901148634,
                17.691035427517235
              ],
              [
                81.28285818076517,
                17.68774359809015
              ],
              [
                81.28012380682009,
                17.682132432725624
              ],
              [
                81.2779428180782,
                17.677876247829715
              ],
              [
                81.26550792704239,
                17.673839789496455
              ],
              [
                81.2634571465835,
                17.672643500433892
              ],
              [
                81.27239269001109,
                17.659468044704695
              ],
              [
                81.26900727465062,
                17.646247829860968
              ],
              [
                81.25717459692402,
                17.64050645616308
              ],
              [
                81.24405611240178,
                17.631615668402674
              ],
              [
                81.24156587898761,
                17.62902777777768
              ],
              [
                81.23403007460308,
                17.630126410590137
              ],
              [
                81.22808932168692,
                17.630008409288067
              ],
              [
                81.22325533917672,
                17.632494574652668
              ],
              [
                81.21762383093284,
                17.646756456163104
              ],
              [
                81.21516614958927,
                17.651529405381808
              ],
              [
                81.2050424555785,
                17.66125840928804
              ],
              [
                81.19908542662671,
                17.667455512152685
              ],
              [
                81.19566745919514,
                17.669632432725564
              ],
              [
                81.19156589827753,
                17.661193305121458
              ],
              [
                81.18295587555787,
                17.661368272569362
              ],
              [
                81.16762385022304,
                17.67404324001724
              ],
              [
                81.17592462827042,
                17.6820225694443
              ],
              [
                81.17800796080013,
                17.689501410590154
              ],
              [
                81.16290379996059,
                17.693183865017232
              ],
              [
                81.16575210615343,
                17.712739529079712
              ],
              [
                81.17838230961405,
                17.728380805121375
              ],
              [
                81.20458672658759,
                17.727847764756817
              ],
              [
                81.20722344432039,
                17.738638780381876
              ],
              [
                81.21597995135858,
                17.747049424913115
              ],
              [
                81.22781262908524,
                17.752794867621375
              ],
              [
                81.24270520146467,
                17.764086371527654
              ],
              [
                81.24249361300468,
                17.77401882595477
              ],
              [
                81.24700207480697,
                17.77796576605894
              ],
              [
                81.25686535225174,
                17.76769558376722
              ],
              [
                81.26163423062007,
                17.765384385850624
              ],
              [
                81.26890961843827,
                17.76553493923602
              ]
            ]
          ],
          [
            [
              [
                80.69929720798797,
                17.851224229600604
              ],
              [
                80.70211296211,
                17.87391303168394
              ],
              [
                80.68438835957312,
                17.888109809027696
              ],
              [
                80.6865530722796,
                17.90078884548595
              ],
              [
                80.70079460324365,
                17.892488064236034
              ],
              [
                80.70805371502615,
                17.882551540798474
              ],
              [
                80.70968131856506,
                17.869514431423482
              ],
              [
                80.7040660863563,
                17.849861111110968
              ],
              [
                80.69929720798797,
                17.851224229600604
              ]
            ]
          ],
          [
            [
              [
                81.29250986974995,
                17.86538845486102
              ],
              [
                81.28645518458575,
                17.869750434027694
              ],
              [
                81.27595714176084,
                17.872077907985968
              ],
              [
                81.27379242905442,
                17.867109646267224
              ],
              [
                81.2697559722784,
                17.863500434027657
              ],
              [
                81.25810233094109,
                17.877534450954712
              ],
              [
                81.26671235366103,
                17.884691840277625
              ],
              [
                81.25863944010888,
                17.897488878038118
              ],
              [
                81.26316417794663,
                17.90954128689225
              ],
              [
                81.26884451429669,
                17.914253200954732
              ],
              [
                81.27328787195734,
                17.91961208767347
              ],
              [
                81.28573903902878,
                17.923266059027668
              ],
              [
                81.30292653239786,
                17.918692491319376
              ],
              [
                81.29692067533989,
                17.90820665147558
              ],
              [
                81.31090178973756,
                17.90410508897554
              ],
              [
                81.31528004325673,
                17.879548611110977
              ],
              [
                81.3063444998291,
                17.875674913194317
              ],
              [
                81.29781585728614,
                17.864444444444345
              ],
              [
                81.29250986974995,
                17.86538845486102
              ]
            ]
          ],
          [
            [
              [
                80.68669955659817,
                17.922159288194294
              ],
              [
                80.67216505699724,
                17.93467963324639
              ],
              [
                80.6643525600112,
                17.952208930121415
              ],
              [
                80.64268915691082,
                17.955146755642218
              ],
              [
                80.62465530970167,
                17.957213812933958
              ],
              [
                80.62185583161505,
                17.963480088975558
              ],
              [
                80.61768916655586,
                17.970946723090208
              ],
              [
                80.63626012293281,
                17.988325466579724
              ],
              [
                80.64477248944041,
                17.986396755642275
              ],
              [
                80.66163446210146,
                17.974437934027705
              ],
              [
                80.68285841224656,
                17.970568305121418
              ],
              [
                80.68835971220756,
                17.96749213324641
              ],
              [
                80.70045280650027,
                17.96385443793389
              ],
              [
                80.70919303750344,
                17.952685004340125
              ],
              [
                80.7071097049739,
                17.937096625433938
              ],
              [
                80.69835319793543,
                17.933190375433938
              ],
              [
                80.69156609117891,
                17.92069444444435
              ],
              [
                80.68669955659817,
                17.922159288194294
              ]
            ]
          ],
          [
            [
              [
                81.19281915300252,
                17.967211371527654
              ],
              [
                81.21212253097184,
                17.967606065538106
              ],
              [
                81.21669609691577,
                17.981688910590165
              ],
              [
                81.23220715863988,
                17.984215766058952
              ],
              [
                81.25097342744147,
                18.00039008246516
              ],
              [
                81.27089529475558,
                18.00296576605895
              ],
              [
                81.2759245896903,
                17.988988715277642
              ],
              [
                81.26741222318253,
                17.97778266059018
              ],
              [
                81.26184581908018,
                17.96630805121515
              ],
              [
                81.26925141518132,
                17.951944444444322
              ],
              [
                81.26550792704239,
                17.944673122829712
              ],
              [
                81.26272472499119,
                17.938956163194334
              ],
              [
                81.24675793427605,
                17.932173122829752
              ],
              [
                81.24231457661534,
                17.92988226996519
              ],
              [
                81.22403658887538,
                17.930256618923508
              ],
              [
                81.21345716587365,
                17.92171576605891
              ],
              [
                81.2071746162141,
                17.919673122829778
              ],
              [
                81.20614922598469,
                17.918611111111034
              ],
              [
                81.19338881424108,
                17.921101345486008
              ],
              [
                81.1840626459641,
                17.928181423611022
              ],
              [
                81.18012384540037,
                17.940709906683878
              ],
              [
                81.18433933856568,
                17.948880479600604
              ],
              [
                81.18409519803487,
                17.960566677517264
              ],
              [
                81.1696746306817,
                17.96338243272554
              ],
              [
                81.15777684881346,
                17.967451443142238
              ],
              [
                81.14167984981549,
                17.971378038194374
              ],
              [
                81.1382456063489,
                17.978466254340134
              ],
              [
                81.12615251205608,
                17.9900873480902
              ],
              [
                81.10474952552164,
                17.981985948350598
              ],
              [
                81.08839210995734,
                17.964961208767264
              ],
              [
                81.08848976616974,
                17.960277777777662
              ],
              [
                81.08842466202816,
                17.957046983506785
              ],
              [
                81.07984719137903,
                17.95722195095479
              ],
              [
                81.06565448852137,
                17.96684109157971
              ],
              [
                81.07410175088734,
                17.997505154079732
              ],
              [
                81.08028664433448,
                18.009533148871455
              ],
              [
                81.07999367569761,
                18.0238194444443
              ],
              [
                81.08017271208666,
                18.032339952256848
              ],
              [
                81.0938445818121,
                18.038972439236034
              ],
              [
                81.1589324473261,
                18.03580674913185
              ],
              [
                81.1696746306817,
                18.032132432725604
              ],
              [
                81.17926121552495,
                18.02979275173604
              ],
              [
                81.18267918295612,
                18.02274522569435
              ],
              [
                81.19628594853998,
                18.013825954860977
              ],
              [
                81.192591288507,
                18.00300645616312
              ],
              [
                81.1887013160495,
                17.97520697699639
              ],
              [
                81.19281915300252,
                17.967211371527654
              ]
            ]
          ],
          [
            [
              [
                80.83715522771854,
                18.119770779079772
              ],
              [
                80.81099963885106,
                18.117292751736002
              ],
              [
                80.79273792714667,
                18.118017035590142
              ],
              [
                80.77799183908553,
                18.107193467881828
              ],
              [
                80.77698272489164,
                18.106111111111034
              ],
              [
                80.76505239095269,
                18.108389756944305
              ],
              [
                80.75004588632544,
                18.12913764105889
              ],
              [
                80.7533499215092,
                18.139586859808887
              ],
              [
                80.75930695046105,
                18.150862087673502
              ],
              [
                80.7623180170076,
                18.160326605902654
              ],
              [
                80.77628285536991,
                18.171695421006817
              ],
              [
                80.7822236082863,
                18.165526801215137
              ],
              [
                80.78599964849622,
                18.157539333767247
              ],
              [
                80.80045276792026,
                18.156965603298502
              ],
              [
                80.80328479807747,
                18.168847113715202
              ],
              [
                80.80958362377231,
                18.171825629340177
              ],
              [
                80.8210419526851,
                18.184195421006876
              ],
              [
                80.8463511877124,
                18.176968858506825
              ],
              [
                80.8529918101504,
                18.15803168402762
              ],
              [
                80.85056668087759,
                18.134240180121452
              ],
              [
                80.83715522771854,
                18.119770779079772
              ]
            ]
          ],
          [
            [
              [
                81.84726225989169,
                18.846980251735985
              ],
              [
                81.8613410305017,
                18.836299099392235
              ],
              [
                81.86554024763154,
                18.83425645616309
              ],
              [
                81.87175769314956,
                18.8300490993922
              ],
              [
                81.88429024039789,
                18.828006456163067
              ],
              [
                81.8999477864404,
                18.825337185329715
              ],
              [
                81.91759100880034,
                18.813382432725604
              ],
              [
                81.92804022351908,
                18.811339789496373
              ],
              [
                81.93217433650744,
                18.809215766058884
              ],
              [
                81.93637355363717,
                18.807173122829752
              ],
              [
                81.94259099915507,
                18.802965766058946
              ],
              [
                81.95240544849383,
                18.800573187933907
              ],
              [
                81.9732224977543,
                18.80099636501724
              ],
              [
                81.99067040768938,
                18.813549262152677
              ],
              [
                82.00251936145145,
                18.813305121527634
              ],
              [
                82.00513980314878,
                18.824071723090185
              ],
              [
                82.00935529631414,
                18.832258572048502
              ],
              [
                82.01674461637987,
                18.832108018663106
              ],
              [
                82.02678693021397,
                18.825288357204712
              ],
              [
                82.03826153516184,
                18.805976833767275
              ],
              [
                82.04050762804525,
                18.796166449652688
              ],
              [
                82.03612937452607,
                18.788423122829755
              ],
              [
                82.02481752993197,
                18.794249945746444
              ],
              [
                82.0057908445641,
                18.79690700954849
              ],
              [
                81.99679019699494,
                18.803006456163118
              ],
              [
                81.99146793342334,
                18.805049099392264
              ],
              [
                81.98845686687679,
                18.79226426866306
              ],
              [
                81.99885725348935,
                18.78227891710057
              ],
              [
                82.00103824223112,
                18.77331895616311
              ],
              [
                82.00092430998336,
                18.76746365017354
              ],
              [
                81.99259097986516,
                18.76342312282972
              ],
              [
                81.98845686687679,
                18.761299099392232
              ],
              [
                81.97779606369812,
                18.758699001736034
              ],
              [
                81.97812158440587,
                18.742646755642255
              ],
              [
                81.96545882887443,
                18.727957628038112
              ],
              [
                81.96554020905143,
                18.72375434027768
              ],
              [
                81.97172510249851,
                18.72388047960058
              ],
              [
                81.97891911013977,
                18.719009874131856
              ],
              [
                81.98442041010077,
                18.721841905381808
              ],
              [
                81.99045881922927,
                18.734297146267238
              ],
              [
                81.99989891975412,
                18.752628038194374
              ],
              [
                82.02263654119014,
                18.755407172308935
              ],
              [
                82.03526674465064,
                18.7521723090277
              ],
              [
                82.04346986648596,
                18.743627387152642
              ],
              [
                82.05509095575246,
                18.753006456163064
              ],
              [
                82.0635870462246,
                18.755077582465162
              ],
              [
                82.07175761598904,
                18.763626573350592
              ],
              [
                82.06469381663106,
                18.77731879340267
              ],
              [
                82.07143209528141,
                18.783788519965157
              ],
              [
                82.0842901632372,
                18.786299099392266
              ],
              [
                82.09052388479051,
                18.789509548610994
              ],
              [
                82.09675760634406,
                18.786299099392266
              ],
              [
                82.1056117695947,
                18.784138454860965
              ],
              [
                82.115377390827,
                18.784337836371378
              ],
              [
                82.12071593043413,
                18.781591254340157
              ],
              [
                82.14071917792512,
                18.78500515407977
              ],
              [
                82.14884091958339,
                18.790506456163058
              ],
              [
                82.15735328609094,
                18.79254909939229
              ],
              [
                82.17812150724518,
                18.775780707465117
              ],
              [
                82.17787736671454,
                18.763846299913055
              ],
              [
                82.18025366788112,
                18.75462592230896
              ],
              [
                82.18007463149178,
                18.746508246527696
              ],
              [
                82.17058570286093,
                18.737377387152705
              ],
              [
                82.1676234644205,
                18.734012315538095
              ],
              [
                82.18025366788112,
                18.721874457465148
              ],
              [
                82.18004207942096,
                18.710965440538118
              ],
              [
                82.16970679695004,
                18.701041124131834
              ],
              [
                82.1676234644205,
                18.694424913194325
              ],
              [
                82.18691056635447,
                18.675923122829744
              ],
              [
                82.20290990914009,
                18.692581651475592
              ],
              [
                82.22711237376126,
                18.694734157985962
              ],
              [
                82.2327764340759,
                18.694620225694365
              ],
              [
                82.23634088582571,
                18.680049099392292
              ],
              [
                82.23845677042607,
                18.675923122829744
              ],
              [
                82.2405075508849,
                18.670136990017227
              ],
              [
                82.21957656937684,
                18.6675775824652
              ],
              [
                82.20974584400278,
                18.657356228298482
              ],
              [
                82.20509089788214,
                18.65508978949643
              ],
              [
                82.19999649880589,
                18.652465277777637
              ],
              [
                82.1851039264265,
                18.636978624131842
              ],
              [
                82.17351538923077,
                18.634256456163115
              ],
              [
                82.16051083695606,
                18.640949978298522
              ],
              [
                82.15512346924288,
                18.665506456163087
              ],
              [
                82.1486944352651,
                18.675003526475564
              ],
              [
                82.1406866258543,
                18.678889431423528
              ],
              [
                82.13845680900624,
                18.693403591579752
              ],
              [
                82.14887347165421,
                18.70713243272563
              ],
              [
                82.15092425211316,
                18.71154324001722
              ],
              [
                82.14641579031087,
                18.720279405381845
              ],
              [
                82.13635720044141,
                18.729947374131868
              ],
              [
                82.13427386791187,
                18.740608181423482
              ],
              [
                82.12999327060493,
                18.744713812933895
              ],
              [
                82.1247198351395,
                18.74460801866313
              ],
              [
                82.11536111479182,
                18.7382562934027
              ],
              [
                82.11137348612175,
                18.73004909939226
              ],
              [
                82.10644184739942,
                18.722777777777665
              ],
              [
                82.11137348612175,
                18.715506456163055
              ],
              [
                82.1156703594641,
                18.708963487413058
              ],
              [
                82.115458771004,
                18.698457302517212
              ],
              [
                82.10300760393278,
                18.680089789496378
              ],
              [
                82.0972784394765,
                18.671353624131825
              ],
              [
                82.07790995736548,
                18.667569444444354
              ],
              [
                82.07081360593656,
                18.660196397569365
              ],
              [
                82.05509095575246,
                18.65508978949643
              ],
              [
                82.05095684276398,
                18.65296576605894
              ],
              [
                82.04163067448718,
                18.650687120225584
              ],
              [
                82.0220180518453,
                18.651089952256783
              ],
              [
                82.0113735247021,
                18.6446324327256
              ],
              [
                82.00082665377096,
                18.642569444444334
              ],
              [
                81.99135400117552,
                18.632722439236034
              ],
              [
                81.98845686687679,
                18.623799099392286
              ],
              [
                81.98531559204702,
                18.618611111110994
              ],
              [
                81.97800765215806,
                18.619632432725567
              ],
              [
                81.96939762943816,
                18.621837836371412
              ],
              [
                81.96031560169195,
                18.62165066189229
              ],
              [
                81.94928044969953,
                18.62187445746521
              ],
              [
                81.93845688616688,
                18.630089789496395
              ],
              [
                81.93232082082574,
                18.633068305121384
              ],
              [
                81.9301235560485,
                18.64912462022562
              ],
              [
                81.93429022110769,
                18.66129909939228
              ],
              [
                81.93634100156635,
                18.669876573350592
              ],
              [
                81.92901678564232,
                18.676903754340145
              ],
              [
                81.92392238656595,
                18.682213812933952
              ],
              [
                81.91529608781065,
                18.69050645616312
              ],
              [
                81.91558905644752,
                18.705195583767264
              ],
              [
                81.92716131760807,
                18.710806749131876
              ],
              [
                81.93217433650744,
                18.713589952256825
              ],
              [
                81.91969061736518,
                18.731985948350626
              ],
              [
                81.91762356087105,
                18.742589789496407
              ],
              [
                81.90027330714804,
                18.745413682725612
              ],
              [
                81.8947069030458,
                18.742549099392235
              ],
              [
                81.89000312881876,
                18.740262315538047
              ],
              [
                81.87281563544968,
                18.74061225043394
              ],
              [
                81.86239897280177,
                18.740400661892238
              ],
              [
                81.85688139680553,
                18.74051459418392
              ],
              [
                81.84392567263717,
                18.753991156683924
              ],
              [
                81.83254872390137,
                18.757685818142292
              ],
              [
                81.82926096475336,
                18.77112982855894
              ],
              [
                81.84247710548777,
                18.783829210069328
              ],
              [
                81.85512358498357,
                18.786299099392266
              ],
              [
                81.86622384111791,
                18.79080349392349
              ],
              [
                81.87175769314956,
                18.796878526475624
              ],
              [
                81.8655727997023,
                18.802811143663078
              ],
              [
                81.86345691510206,
                18.807173122829752
              ],
              [
                81.85985991128149,
                18.813382432725604
              ],
              [
                81.8488735873949,
                18.805049099392264
              ],
              [
                81.84324207915103,
                18.802314724392232
              ],
              [
                81.80927399329761,
                18.803006456163118
              ],
              [
                81.80315420399205,
                18.802884385850604
              ],
              [
                81.7988736066851,
                18.805171169704792
              ],
              [
                81.80891592051915,
                18.810045844183875
              ],
              [
                81.8113410497919,
                18.81813910590263
              ],
              [
                81.80696279627256,
                18.825882432725578
              ],
              [
                81.79898753893286,
                18.817573513454732
              ],
              [
                81.79050772449608,
                18.815506456163092
              ],
              [
                81.78429027897818,
                18.811299099392286
              ],
              [
                81.77797517724764,
                18.808235134548497
              ],
              [
                81.77167635155274,
                18.804983995225584
              ],
              [
                81.77180655983597,
                18.79862820095478
              ],
              [
                81.78422517483648,
                18.798880479600584
              ],
              [
                81.79622061291701,
                18.790750596788115
              ],
              [
                81.79884105461429,
                18.78004909939223
              ],
              [
                81.8010057673207,
                18.773721788194308
              ],
              [
                81.80089183507317,
                18.768611111111
              ],
              [
                81.80113597560393,
                18.757213812933955
              ],
              [
                81.79273754134414,
                18.749144965277708
              ],
              [
                81.78850577214337,
                18.740425075954747
              ],
              [
                81.78274405561632,
                18.729231228298474
              ],
              [
                81.75753247680137,
                18.717003851996438
              ],
              [
                81.75507479545774,
                18.706900499131876
              ],
              [
                81.75059888572628,
                18.698217230902628
              ],
              [
                81.73500644382528,
                18.692068956163084
              ],
              [
                81.73220696573861,
                18.68629909939223
              ],
              [
                81.72384108354964,
                18.672488878038095
              ],
              [
                81.71088535938117,
                18.667589789496404
              ],
              [
                81.6947069802062,
                18.675923122829744
              ],
              [
                81.6903450027225,
                18.6780390082464
              ],
              [
                81.68440424980605,
                18.68421983506937
              ],
              [
                81.67779617943887,
                18.68629909939223
              ],
              [
                81.66376623693492,
                18.679072536892264
              ],
              [
                81.64957353407709,
                18.688695746527642
              ],
              [
                81.63010739575384,
                18.688296983506817
              ],
              [
                81.62131833664483,
                18.688476019965194
              ],
              [
                81.60719073792853,
                18.69331000434019
              ],
              [
                81.59887368384545,
                18.69046576605895
              ],
              [
                81.58678058955275,
                18.688423122829718
              ],
              [
                81.57387369349073,
                18.69883978949646
              ],
              [
                81.55727213739561,
                18.702888454861025
              ],
              [
                81.54679037060617,
                18.710896267360965
              ],
              [
                81.55720703325409,
                18.723799099392224
              ],
              [
                81.55925781371275,
                18.728006456163115
              ],
              [
                81.56191080748107,
                18.733174099392272
              ],
              [
                81.58785480788839,
                18.73679551866313
              ],
              [
                81.59719725220066,
                18.729707302517284
              ],
              [
                81.60982745566122,
                18.732291124131805
              ],
              [
                81.61837237423953,
                18.7321161566839
              ],
              [
                81.62175778960028,
                18.72171576605892
              ],
              [
                81.62393877834205,
                18.71746365017347
              ],
              [
                81.63427406081303,
                18.717675238715188
              ],
              [
                81.64267249507276,
                18.717504340277657
              ],
              [
                81.6498013985726,
                18.72493028428812
              ],
              [
                81.67167639013309,
                18.72045030381929
              ],
              [
                81.6780077678988,
                18.730089789496432
              ],
              [
                81.68443680187687,
                18.738577745225555
              ],
              [
                81.6931282047737,
                18.742793240017278
              ],
              [
                81.70719069934819,
                18.742504340277677
              ],
              [
                81.72146478238307,
                18.74279730902765
              ],
              [
                81.73217441366779,
                18.750923122829747
              ],
              [
                81.74070305621075,
                18.753690049913118
              ],
              [
                81.7576138569782,
                18.75080512152769
              ],
              [
                81.76376619835463,
                18.750931260850578
              ],
              [
                81.76339184954082,
                18.76867214626722
              ],
              [
                81.74277011270499,
                18.773701443142272
              ],
              [
                81.73837558315034,
                18.775963812933952
              ],
              [
                81.72594069211453,
                18.775711534288064
              ],
              [
                81.71532871704187,
                18.775927191840154
              ],
              [
                81.70111973814886,
                18.785562608506822
              ],
              [
                81.69887364526545,
                18.816967230902662
              ],
              [
                81.70972976086881,
                18.824087999131862
              ],
              [
                81.71759108596069,
                18.832258572048502
              ],
              [
                81.72594069211453,
                18.83208767361097
              ],
              [
                81.73012363320902,
                18.832173122829786
              ],
              [
                81.73762688552262,
                18.82831570095479
              ],
              [
                81.74197258697092,
                18.83727566189225
              ],
              [
                81.76277336019598,
                18.84610541449645
              ],
              [
                81.76983715955396,
                18.842467719183915
              ],
              [
                81.78175121745761,
                18.8427077907985
              ],
              [
                81.79582998806774,
                18.839098578558932
              ],
              [
                81.8220669571121,
                18.8508458116318
              ],
              [
                81.83025380291195,
                18.846634385850535
              ],
              [
                81.84726225989169,
                18.846980251735985
              ]
            ]
          ],
          [
            [
              [
                81.25453787919122,
                18.717390407986045
              ],
              [
                81.24892264698269,
                18.701732855902634
              ],
              [
                81.25125012004298,
                18.688272569444308
              ],
              [
                81.2550424362883,
                18.68001247829848
              ],
              [
                81.25990897086905,
                18.67105251736102
              ],
              [
                81.2589324087458,
                18.654507921006868
              ],
              [
                81.26353852676044,
                18.637755805121458
              ],
              [
                81.2737598769836,
                18.628629014756825
              ],
              [
                81.27445974650544,
                18.616743435329766
              ],
              [
                81.2652149584053,
                18.60480088975686
              ],
              [
                81.2614226421602,
                18.592512478298516
              ],
              [
                81.2550424362883,
                18.58429307725686
              ],
              [
                81.25129894814916,
                18.576110297308915
              ],
              [
                81.24573254404675,
                18.57577663845477
              ],
              [
                81.23886405711329,
                18.5761876085068
              ],
              [
                81.23225598674594,
                18.564009060329766
              ],
              [
                81.23629244352196,
                18.561262478298545
              ],
              [
                81.25092459933529,
                18.558532172308887
              ],
              [
                81.25836274750714,
                18.54683783637141
              ],
              [
                81.27647797489328,
                18.543456488715137
              ],
              [
                81.29008474047714,
                18.523982204861
              ],
              [
                81.29076833396351,
                18.512304144965185
              ],
              [
                81.28017263492626,
                18.507437608506834
              ],
              [
                81.28212575917286,
                18.502929144965137
              ],
              [
                81.28445323223326,
                18.49866075303811
              ],
              [
                81.28399750324229,
                18.49092963324638
              ],
              [
                81.28971039166328,
                18.484520941840202
              ],
              [
                81.29755544072003,
                18.480928005642227
              ],
              [
                81.30295908446868,
                18.461262478298508
              ],
              [
                81.30725595781081,
                18.455126410590168
              ],
              [
                81.31357105954106,
                18.44517768012139
              ],
              [
                81.32183928551791,
                18.442626410590194
              ],
              [
                81.32795907482347,
                18.440429144965194
              ],
              [
                81.33642261322478,
                18.438459743923474
              ],
              [
                81.34400724571537,
                18.43316189236097
              ],
              [
                81.35382169505402,
                18.436685655381808
              ],
              [
                81.36488939911726,
                18.428954535590165
              ],
              [
                81.38984056136616,
                18.427469346788087
              ],
              [
                81.40282883760517,
                18.43550157335062
              ],
              [
                81.4212533096636,
                18.436600206163078
              ],
              [
                81.43388351312416,
                18.427432725694374
              ],
              [
                81.43629236636156,
                18.419595811631794
              ],
              [
                81.43850590717426,
                18.41345974392354
              ],
              [
                81.4394824692975,
                18.404027777777642
              ],
              [
                81.4286426297295,
                18.402379828558878
              ],
              [
                81.41612635851669,
                18.409179144965137
              ],
              [
                81.41754237359521,
                18.402929144965185
              ],
              [
                81.41975591440809,
                18.398876410590162
              ],
              [
                81.42353195461783,
                18.390624457465165
              ],
              [
                81.43578780926453,
                18.388008083767204
              ],
              [
                81.44408858731214,
                18.392512478298528
              ],
              [
                81.44949223106079,
                18.388638780381783
              ],
              [
                81.4408984843763,
                18.380960557725615
              ],
              [
                81.44563481067382,
                18.37225694444433
              ],
              [
                81.44058923970385,
                18.36126247829847
              ],
              [
                81.43629236636156,
                18.35512641059013
              ],
              [
                81.4286426297295,
                18.343094346788035
              ],
              [
                81.42060226824827,
                18.347468532986
              ],
              [
                81.41085292305104,
                18.340665147569368
              ],
              [
                81.38870123888887,
                18.337214626736042
              ],
              [
                81.38544603181157,
                18.3220005967881
              ],
              [
                81.40056646868635,
                18.318769802517224
              ],
              [
                81.42698247412005,
                18.31719509548597
              ],
              [
                81.44425134766584,
                18.31822455512146
              ],
              [
                81.45087569406866,
                18.30600938585053
              ],
              [
                81.4487760855036,
                18.282543402777677
              ],
              [
                81.43837569889104,
                18.280126410590128
              ],
              [
                81.4310514829669,
                18.276146918402702
              ],
              [
                81.42177414279604,
                18.275593532986022
              ],
              [
                81.41148768843124,
                18.276203884548465
              ],
              [
                81.38267910579572,
                18.267304958767227
              ],
              [
                81.37854499280735,
                18.253950466579752
              ],
              [
                81.3687956476104,
                18.243029242621418
              ],
              [
                81.3633757278264,
                18.240543077256817
              ],
              [
                81.35579109533569,
                18.23642116970474
              ],
              [
                81.34778328592523,
                18.235945095486016
              ],
              [
                81.34104500727489,
                18.23903347439223
              ],
              [
                81.3292611576544,
                18.25222520616309
              ],
              [
                81.32213225415484,
                18.256102973090208
              ],
              [
                81.31545907964602,
                18.253043077256876
              ],
              [
                81.3058887708383,
                18.245625271267244
              ],
              [
                81.29592783718124,
                18.24920193142347
              ],
              [
                81.28739919463828,
                18.24869330512142
              ],
              [
                81.28422536773775,
                18.248884548610988
              ],
              [
                81.27654307903492,
                18.244709743923536
              ],
              [
                81.25453787919122,
                18.247208116319342
              ],
              [
                81.23876640090094,
                18.26529486762142
              ],
              [
                81.23822929173315,
                18.274149034288115
              ],
              [
                81.2404591085812,
                18.288459743923468
              ],
              [
                81.24267264939385,
                18.292512478298505
              ],
              [
                81.24670910616987,
                18.30720974392348
              ],
              [
                81.25369152535114,
                18.309366319444308
              ],
              [
                81.26306652173417,
                18.319860297308935
              ],
              [
                81.26943045157071,
                18.31948187934016
              ],
              [
                81.27587576158413,
                18.321793077256842
              ],
              [
                81.28542979435645,
                18.32474310980895
              ],
              [
                81.28912445438925,
                18.336718207465196
              ],
              [
                81.29417002535939,
                18.34235785590269
              ],
              [
                81.31125986251607,
                18.352306586371384
              ],
              [
                81.31173186754233,
                18.360176052517218
              ],
              [
                81.29706715965841,
                18.38030137803807
              ],
              [
                81.29659515463214,
                18.388402777777657
              ],
              [
                81.2971485398354,
                18.397777777777705
              ],
              [
                81.28497406536542,
                18.403364529079724
              ],
              [
                81.28225596745574,
                18.40929307725682
              ],
              [
                81.28004242664326,
                18.413345811631842
              ],
              [
                81.27808930239684,
                18.41762641059016
              ],
              [
                81.27192068498482,
                18.426439887152682
              ],
              [
                81.27159516427719,
                18.432152777777688
              ],
              [
                81.27236013794027,
                18.445014919704775
              ],
              [
                81.26397797971589,
                18.46680040147561
              ],
              [
                81.24736014758554,
                18.48653917100684
              ],
              [
                81.23612968316826,
                18.485871853298462
              ],
              [
                81.21982109571007,
                18.4959507921006
              ],
              [
                81.21135755730876,
                18.491344672308884
              ],
              [
                81.19731133876945,
                18.50027208116309
              ],
              [
                81.1891244929696,
                18.511986762152702
              ],
              [
                81.18611342642299,
                18.529003363715205
              ],
              [
                81.18676446783837,
                18.539916449652708
              ],
              [
                81.18225600603608,
                18.54821316189225
              ],
              [
                81.18743178528933,
                18.549063585069376
              ],
              [
                81.19669284942466,
                18.548514268663055
              ],
              [
                81.19708347427388,
                18.555122341579732
              ],
              [
                81.18822931102324,
                18.563032497829752
              ],
              [
                81.18868504001415,
                18.57056016710061
              ],
              [
                81.16474299195937,
                18.58362169053811
              ],
              [
                81.15510757900995,
                18.592231716579747
              ],
              [
                81.1515431272602,
                18.607612575954775
              ],
              [
                81.14475602050362,
                18.62387641059017
              ],
              [
                81.13642269038547,
                18.642809516058918
              ],
              [
                81.14172867792166,
                18.650772569444314
              ],
              [
                81.15426122516988,
                18.653685980902708
              ],
              [
                81.15798843727367,
                18.66055040147556
              ],
              [
                81.15276382991436,
                18.677501898871384
              ],
              [
                81.1426726879742,
                18.680618760850564
              ],
              [
                81.14708349356408,
                18.696007758246424
              ],
              [
                81.15346369943592,
                18.698933376736022
              ],
              [
                81.15932307217537,
                18.705500759548528
              ],
              [
                81.17100926558345,
                18.70480495876727
              ],
              [
                81.18002618918803,
                18.708943142361022
              ],
              [
                81.18028660575436,
                18.713402777777702
              ],
              [
                81.17986342883421,
                18.720694444444348
              ],
              [
                81.18079116285116,
                18.736262478298485
              ],
              [
                81.17795913269396,
                18.734293077256865
              ],
              [
                81.17237645255602,
                18.728043077256828
              ],
              [
                81.16882827684157,
                18.733279893663124
              ],
              [
                81.17170913510523,
                18.742626410590205
              ],
              [
                81.17600600844736,
                18.75292914496518
              ],
              [
                81.17846368979093,
                18.760888129340202
              ],
              [
                81.18733412907699,
                18.763630642360965
              ],
              [
                81.1935678506303,
                18.775080837673485
              ],
              [
                81.18915704504042,
                18.799836697048477
              ],
              [
                81.19254246040077,
                18.807209743923465
              ],
              [
                81.19486993346129,
                18.811478135850578
              ],
              [
                81.1937794390904,
                18.829821234808918
              ],
              [
                81.19683933374318,
                18.83834581163184
              ],
              [
                81.1989877704143,
                18.854426540798485
              ],
              [
                81.21287122859962,
                18.860802680121424
              ],
              [
                81.20911146442518,
                18.87840928819432
              ],
              [
                81.20961602152232,
                18.88686062282973
              ],
              [
                81.20712578810793,
                18.900845811631868
              ],
              [
                81.20517266386139,
                18.91762641059016
              ],
              [
                81.20295912304874,
                18.921679144965182
              ],
              [
                81.20100599880237,
                18.93012641059012
              ],
              [
                81.19683933374318,
                18.937796495225555
              ],
              [
                81.2008757905192,
                18.940543077256876
              ],
              [
                81.20517266386139,
                18.942512478298497
              ],
              [
                81.21786797146353,
                18.950357530381822
              ],
              [
                81.23142590894122,
                18.951167263454778
              ],
              [
                81.23666679233605,
                18.94876247829852
              ],
              [
                81.23603202695591,
                18.938052842881802
              ],
              [
                81.23892916125493,
                18.925597601996387
              ],
              [
                81.25087577122912,
                18.903596462673477
              ],
              [
                81.2550424362883,
                18.884179144965174
              ],
              [
                81.26689139005009,
                18.85571641710061
              ],
              [
                81.26790050424415,
                18.838650987413104
              ],
              [
                81.26016938743538,
                18.828673773871444
              ],
              [
                81.26337576640651,
                18.821679144965145
              ],
              [
                81.26803071252738,
                18.813130154079715
              ],
              [
                81.26710297851025,
                18.797513292100575
              ],
              [
                81.27102550303869,
                18.79028266059015
              ],
              [
                81.26767263974892,
                18.775845811631797
              ],
              [
                81.26545909893622,
                18.769709743923457
              ],
              [
                81.2626433448142,
                18.724633246527688
              ],
              [
                81.25453787919122,
                18.717390407986045
              ]
            ]
          ],
          [
            [
              [
                82.80943636784906,
                19.36776882595474
              ],
              [
                82.80554639539133,
                19.360416124131888
              ],
              [
                82.80924105542431,
                19.34877875434016
              ],
              [
                82.81557243319003,
                19.338439398871387
              ],
              [
                82.81531201662386,
                19.332116156683924
              ],
              [
                82.82590771566095,
                19.322309841579724
              ],
              [
                82.81941357754152,
                19.306847601996438
              ],
              [
                82.8075483477441,
                19.301244574652657
              ],
              [
                82.79766879426398,
                19.293676215277713
              ],
              [
                82.78375278400785,
                19.288256293402668
              ],
              [
                82.77428013141247,
                19.278026801215134
              ],
              [
                82.74888951620818,
                19.280415310329715
              ],
              [
                82.75121698926858,
                19.30176947699647
              ],
              [
                82.75652297680477,
                19.311807725694337
              ],
              [
                82.74508092392739,
                19.317211371527705
              ],
              [
                82.74456009079523,
                19.330069444444334
              ],
              [
                82.74480423132593,
                19.335957302517244
              ],
              [
                82.74158157631922,
                19.354463161892284
              ],
              [
                82.74674107953712,
                19.357193467881842
              ],
              [
                82.75264928038274,
                19.359984809027722
              ],
              [
                82.75577427917705,
                19.369831814236008
              ],
              [
                82.76532831194936,
                19.369453396267232
              ],
              [
                82.77174106989185,
                19.373860134548536
              ],
              [
                82.77932570238255,
                19.377444932725595
              ],
              [
                82.78402947660942,
                19.392296820746438
              ],
              [
                82.80715772289483,
                19.41136013454853
              ],
              [
                82.81864860387816,
                19.420694444444322
              ],
              [
                82.81960888996605,
                19.41957546657973
              ],
              [
                82.82735628281051,
                19.41612087673603
              ],
              [
                82.83943310106781,
                19.401529405381822
              ],
              [
                82.84384390665787,
                19.39164171006935
              ],
              [
                82.8466922128506,
                19.388325466579758
              ],
              [
                82.84781525929242,
                19.387361111111034
              ],
              [
                82.84372997441022,
                19.37766059027767
              ],
              [
                82.83435497802702,
                19.372696397569314
              ],
              [
                82.82799104819065,
                19.369693467881817
              ],
              [
                82.82330354999903,
                19.36721950954852
              ],
              [
                82.80943636784906,
                19.36776882595474
              ]
            ]
          ],
          [
            [
              [
                82.69050737727366,
                19.490506456163118
              ],
              [
                82.69898719171056,
                19.492573513454772
              ],
              [
                82.70696244905042,
                19.500882432725604
              ],
              [
                82.71142208274654,
                19.496972113715145
              ],
              [
                82.71104773393262,
                19.478327907986
              ],
              [
                82.71986934511244,
                19.467398546006834
              ],
              [
                82.72384069774705,
                19.45921576605889
              ],
              [
                82.73217402786537,
                19.448233506944334
              ],
              [
                82.72803991487694,
                19.444632432725598
              ],
              [
                82.71553991969955,
                19.435367296006874
              ],
              [
                82.71967403268792,
                19.43421576605894
              ],
              [
                82.73191361129926,
                19.43446397569437
              ],
              [
                82.7403283215944,
                19.426370713975615
              ],
              [
                82.74311152364572,
                19.418248969183892
              ],
              [
                82.73428991246561,
                19.401126573350624
              ],
              [
                82.73813105681717,
                19.396756456163118
              ],
              [
                82.74053991005457,
                19.400882432725567
              ],
              [
                82.74358352867199,
                19.407132432725604
              ],
              [
                82.74672480350176,
                19.40146023220477
              ],
              [
                82.73842402545404,
                19.390506456163095
              ],
              [
                82.73637324499538,
                19.37379909939223
              ],
              [
                82.7332319701656,
                19.368611111111036
              ],
              [
                82.73217402786537,
                19.369632432725595
              ],
              [
                82.7242638746672,
                19.381680772569368
              ],
              [
                82.71567012798272,
                19.390632595485982
              ],
              [
                82.70509070498082,
                19.400801052517224
              ],
              [
                82.70522091326399,
                19.407128363715145
              ],
              [
                82.69781531716268,
                19.407278917100626
              ],
              [
                82.68774045125781,
                19.407075466579755
              ],
              [
                82.68220659922628,
                19.415506456163115
              ],
              [
                82.67592404956685,
                19.423799099392284
              ],
              [
                82.67387326910784,
                19.42800645616309
              ],
              [
                82.65925738933021,
                19.444632432725598
              ],
              [
                82.65720660887126,
                19.448839789496404
              ],
              [
                82.65115192370735,
                19.457775336371455
              ],
              [
                82.64739215953279,
                19.48087103949645
              ],
              [
                82.63910765752053,
                19.484895290798505
              ],
              [
                82.63637328357567,
                19.490506456163118
              ],
              [
                82.6327111756134,
                19.4976190863714
              ],
              [
                82.65732054111908,
                19.508064236111025
              ],
              [
                82.65679970798664,
                19.533784450954727
              ],
              [
                82.665214418282,
                19.542549099392232
              ],
              [
                82.67387326910784,
                19.528006456163126
              ],
              [
                82.67592404956685,
                19.5196324327256
              ],
              [
                82.68009071462603,
                19.507429470485974
              ],
              [
                82.68266232821719,
                19.4864659288193
              ],
              [
                82.69050737727366,
                19.490506456163118
              ]
            ]
          ],
          [
            [
              [
                82.60489543113641,
                19.70517116970474
              ],
              [
                82.61550740620902,
                19.684581976996384
              ],
              [
                82.61340779764396,
                19.675658637152637
              ],
              [
                82.60925740862024,
                19.66758978949639
              ],
              [
                82.60587199325965,
                19.657173122829732
              ],
              [
                82.59457642470085,
                19.659232042100626
              ],
              [
                82.5865848913258,
                19.667549099392303
              ],
              [
                82.58041627391378,
                19.662145453558935
              ],
              [
                82.57450807306827,
                19.64489691840268
              ],
              [
                82.58612916233488,
                19.65088243272561
              ],
              [
                82.59674113740732,
                19.647549913194354
              ],
              [
                82.59695272586754,
                19.636771104600584
              ],
              [
                82.59272095666665,
                19.624409450954715
              ],
              [
                82.59249309217142,
                19.613382432725615
              ],
              [
                82.60507446752575,
                19.60129747178813
              ],
              [
                82.6052535039151,
                19.592569444444337
              ],
              [
                82.60492798320718,
                19.576354437933944
              ],
              [
                82.6088830598062,
                19.56480251736103
              ],
              [
                82.59674113740732,
                19.555004340277662
              ],
              [
                82.58845663539529,
                19.555175238715194
              ],
              [
                82.58837525521841,
                19.551000434027642
              ],
              [
                82.59091431673869,
                19.543611111110977
              ],
              [
                82.58948202562453,
                19.539444444444356
              ],
              [
                82.58207642952351,
                19.540477973090134
              ],
              [
                82.5743290366791,
                19.54854682074638
              ],
              [
                82.569706642629,
                19.550923122829758
              ],
              [
                82.56383099385414,
                19.553775499131845
              ],
              [
                82.56137331251085,
                19.561339789496415
              ],
              [
                82.5571903714162,
                19.569481879340174
              ],
              [
                82.5549768306035,
                19.592016059027642
              ],
              [
                82.5377405091283,
                19.597610948350592
              ],
              [
                82.52813764824987,
                19.606839463975604
              ],
              [
                82.52795861186058,
                19.615445421006882
              ],
              [
                82.53246707366287,
                19.622090115017272
              ],
              [
                82.52939090297474,
                19.643118760850626
              ],
              [
                82.53409467720155,
                19.652794867621395
              ],
              [
                82.54259076767369,
                19.657173122829732
              ],
              [
                82.54916628597033,
                19.660367296006882
              ],
              [
                82.55717409538084,
                19.673839789496412
              ],
              [
                82.56345664504028,
                19.68213243272558
              ],
              [
                82.56553997756976,
                19.694868435329766
              ],
              [
                82.57385703165284,
                19.70285997178813
              ],
              [
                82.57641236920853,
                19.713382432725552
              ],
              [
                82.58957968183694,
                19.70874376085058
              ],
              [
                82.59683879361972,
                19.705008409288126
              ],
              [
                82.60489543113641,
                19.70517116970474
              ]
            ]
          ],
          [
            [
              [
                82.57042278818614,
                19.796268174913067
              ],
              [
                82.57945598782601,
                19.78461452907976
              ],
              [
                82.58751262534287,
                19.769782986111053
              ],
              [
                82.58035116977243,
                19.76935574001726
              ],
              [
                82.56929974174432,
                19.777929144965185
              ],
              [
                82.56020143796275,
                19.774905870225567
              ],
              [
                82.56337526486334,
                19.761262478298505
              ],
              [
                82.56767213820564,
                19.755126410590165
              ],
              [
                82.56962526245195,
                19.746679144965213
              ],
              [
                82.57379192751125,
                19.735066189235994
              ],
              [
                82.56796510684256,
                19.72777859157972
              ],
              [
                82.55955039654742,
                19.728279079861025
              ],
              [
                82.55198204009235,
                19.722993435329727
              ],
              [
                82.54392540257538,
                19.728616807725643
              ],
              [
                82.53225548520277,
                19.723762478298497
              ],
              [
                82.51270796670258,
                19.716247016058944
              ],
              [
                82.50504195403516,
                19.711376410590134
              ],
              [
                82.50406539191198,
                19.710277777777677
              ],
              [
                82.48004196368021,
                19.715429144965157
              ],
              [
                82.4739221743746,
                19.719709743923474
              ],
              [
                82.46148728333867,
                19.722602810329732
              ],
              [
                82.46116176263098,
                19.728144802517292
              ],
              [
                82.46956019689071,
                19.735648057725555
              ],
              [
                82.47266891964966,
                19.74571072048603
              ],
              [
                82.48386683199612,
                19.754385850694348
              ],
              [
                82.51827437080499,
                19.757323676215165
              ],
              [
                82.51697228797406,
                19.779235297308887
              ],
              [
                82.52304324917367,
                19.786034613715145
              ],
              [
                82.53035118906234,
                19.78938747829855
              ],
              [
                82.52981407989472,
                19.79863226996514
              ],
              [
                82.53804975380058,
                19.801590440538078
              ],
              [
                82.54683881290981,
                19.798876410590196
              ],
              [
                82.5625126349878,
                19.791975368923545
              ],
              [
                82.57042278818614,
                19.796268174913067
              ]
            ]
          ],
          [
            [
              [
                82.97398708561497,
                19.88684841579851
              ],
              [
                82.9769656000907,
                19.89988959418396
              ],
              [
                82.98909124645422,
                19.908869900173556
              ],
              [
                82.996513118591,
                19.909968532986014
              ],
              [
                82.99729436828954,
                19.904707302517295
              ],
              [
                82.99096299052383,
                19.889245062933924
              ],
              [
                82.98414333169649,
                19.886453721788058
              ],
              [
                82.98323187371477,
                19.885277777777702
              ],
              [
                82.97398708561497,
                19.88684841579851
              ]
            ]
          ],
          [
            [
              [
                80.95614932243546,
                19.804027777777677
              ],
              [
                80.95090843904063,
                19.8050287543402
              ],
              [
                80.94472354559349,
                19.809276801215177
              ],
              [
                80.93907576131392,
                19.811946072048528
              ],
              [
                80.93639021547506,
                19.817610134548516
              ],
              [
                80.93403019034383,
                19.822098253038092
              ],
              [
                80.92035832061862,
                19.821557074652688
              ],
              [
                80.91742863424884,
                19.830793728298545
              ],
              [
                80.91773787892129,
                19.83840277777766
              ],
              [
                80.91744491028419,
                19.845568305121404
              ],
              [
                80.91288762037573,
                19.858572862413055
              ],
              [
                80.8986460894119,
                19.8760736762152
              ],
              [
                80.89472356488352,
                19.888443467881814
              ],
              [
                80.89036158739964,
                19.899071723090174
              ],
              [
                80.88002630492872,
                19.903946397569356
              ],
              [
                80.87273464107534,
                19.915233832465177
              ],
              [
                80.86002305743762,
                19.919258083767247
              ],
              [
                80.85514024682163,
                19.926932237413126
              ],
              [
                80.86996771505954,
                19.94066921657975
              ],
              [
                80.90160832785227,
                19.945706651475632
              ],
              [
                80.90507512338996,
                19.938362087673525
              ],
              [
                80.90722356006103,
                19.934276801215148
              ],
              [
                80.9092417884491,
                19.93002875434017
              ],
              [
                80.91967472713225,
                19.916421983506822
              ],
              [
                80.9290822755861,
                19.911982693142264
              ],
              [
                80.93215844627451,
                19.88627875434014
              ],
              [
                80.93847354800477,
                19.878026801215157
              ],
              [
                80.94626976895512,
                19.865970323350552
              ],
              [
                80.95116885560691,
                19.843387315538067
              ],
              [
                80.96274111676729,
                19.83792670355895
              ],
              [
                80.96786806791408,
                19.827078721788126
              ],
              [
                80.96752627117104,
                19.81850938585056
              ],
              [
                80.95614932243546,
                19.804027777777677
              ]
            ]
          ],
          [
            [
              [
                81.12292985704943,
                19.89036810980889
              ],
              [
                81.11921892098104,
                19.876504991319365
              ],
              [
                81.119886238432,
                19.865351833767278
              ],
              [
                81.11767269761913,
                19.848762478298468
              ],
              [
                81.11436866243565,
                19.83019965277768
              ],
              [
                81.12346696621694,
                19.82965847439229
              ],
              [
                81.12808936026704,
                19.836262478298508
              ],
              [
                81.13180029633537,
                19.844347601996418
              ],
              [
                81.1362924821023,
                19.846793077256848
              ],
              [
                81.14745784237789,
                19.849393174913146
              ],
              [
                81.17691746642907,
                19.86291042751722
              ],
              [
                81.19281915300252,
                19.875231391058904
              ],
              [
                81.2130177129182,
                19.876435818142227
              ],
              [
                81.22149752735493,
                19.862702907985977
              ],
              [
                81.22232760515965,
                19.84879909939228
              ],
              [
                81.21628919603114,
                19.829206814235988
              ],
              [
                81.20167331625316,
                19.822501085069376
              ],
              [
                81.18271173502694,
                19.805651312933946
              ],
              [
                81.17537124306716,
                19.80963487413183
              ],
              [
                81.16186213369565,
                19.80883327907972
              ],
              [
                81.1583953381583,
                19.823762478298534
              ],
              [
                81.14700211338709,
                19.814004991319337
              ],
              [
                81.1362924821023,
                19.8009597439235
              ],
              [
                81.1325489939631,
                19.792772894965196
              ],
              [
                81.12052100381197,
                19.78845974392354
              ],
              [
                81.09949236609162,
                19.792121853298482
              ],
              [
                81.09371437352917,
                19.79726915147559
              ],
              [
                81.08837583392193,
                19.80709581163184
              ],
              [
                81.08642270967556,
                19.81970974392351
              ],
              [
                81.0805307848654,
                19.82813259548604
              ],
              [
                81.07973325913122,
                19.84152777777767
              ],
              [
                81.0805307848654,
                19.855012478298505
              ],
              [
                81.07587583874454,
                19.853043077256885
              ],
              [
                81.06843769057252,
                19.848998480902694
              ],
              [
                81.05212910311451,
                19.84396104600681
              ],
              [
                81.0446258508008,
                19.834293077256874
              ],
              [
                81.03915710291062,
                19.825674913194305
              ],
              [
                81.03219095976493,
                19.826089952256808
              ],
              [
                81.02421570242524,
                19.825613878038098
              ],
              [
                81.01967468855213,
                19.828079698350564
              ],
              [
                81.01239930073399,
                19.822777777777674
              ],
              [
                81.01337586285717,
                19.830126410590168
              ],
              [
                81.01674500218235,
                19.836319444444342
              ],
              [
                81.01189474363701,
                19.845254991319308
              ],
              [
                81.01545919538677,
                19.853043077256885
              ],
              [
                81.02415059828371,
                19.863634711371446
              ],
              [
                81.02359721308045,
                19.87305447048604
              ],
              [
                81.02587585803468,
                19.87804307725682
              ],
              [
                81.0385060614953,
                19.8925124782985
              ],
              [
                81.04413756973912,
                19.910753851996446
              ],
              [
                81.05696308562443,
                19.921288519965174
              ],
              [
                81.06804706572314,
                19.921947699652634
              ],
              [
                81.08367205969517,
                19.91345974392351
              ],
              [
                81.09431658683837,
                19.928116319444314
              ],
              [
                81.08017271208666,
                19.94536485460057
              ],
              [
                81.08333026295179,
                19.951020779079727
              ],
              [
                81.09989926697625,
                19.96126247829848
              ],
              [
                81.11754248933613,
                19.958711208767284
              ],
              [
                81.11558936508965,
                19.955012478298542
              ],
              [
                81.10725603497116,
                19.944258083767266
              ],
              [
                81.11010434116406,
                19.935684678819342
              ],
              [
                81.12141618575828,
                19.930488552517218
              ],
              [
                81.12966813569977,
                19.917158474392252
              ],
              [
                81.1258758194544,
                19.903043077256854
              ],
              [
                81.12292985704943,
                19.89036810980889
              ]
            ]
          ],
          [
            [
              [
                81.29573252475654,
                19.893611111111056
              ],
              [
                81.28000987457227,
                19.894555121527645
              ],
              [
                81.26422212024659,
                19.901627061631828
              ],
              [
                81.25510754042983,
                19.895071885850626
              ],
              [
                81.24517915884365,
                19.902217068142235
              ],
              [
                81.24270520146467,
                19.922696397569354
              ],
              [
                81.25020845377821,
                19.928926052517255
              ],
              [
                81.24667655409905,
                19.938305121527677
              ],
              [
                81.24421887275577,
                19.949397243923542
              ],
              [
                81.24490246624191,
                19.956127387152662
              ],
              [
                81.25217785406005,
                19.96216986762144
              ],
              [
                81.25673514396857,
                19.967646755642235
              ],
              [
                81.25982759069211,
                19.97820990668393
              ],
              [
                81.27903331244926,
                19.982055121527708
              ],
              [
                81.28250010798666,
                19.970238715277702
              ],
              [
                81.2929493227054,
                19.96156358506937
              ],
              [
                81.29216807300685,
                19.953816189235965
              ],
              [
                81.28228851952656,
                19.945613064235985
              ],
              [
                81.27844737517529,
                19.928323838975558
              ],
              [
                81.28853851711546,
                19.915583767361
              ],
              [
                81.29042653722024,
                19.909138454861022
              ],
              [
                81.29740895640151,
                19.898066677517278
              ],
              [
                81.29573252475654,
                19.893611111111056
              ]
            ]
          ],
          [
            [
              [
                80.88528346435902,
                19.948896755642238
              ],
              [
                80.87273464107534,
                19.953502875433955
              ],
              [
                80.86096706749026,
                19.948542751736056
              ],
              [
                80.8616994890827,
                19.939330512152708
              ],
              [
                80.84877631698498,
                19.936396755642264
              ],
              [
                80.8338349164996,
                19.92328640407976
              ],
              [
                80.82585965915968,
                19.919730088975584
              ],
              [
                80.81977242192494,
                19.915408799913095
              ],
              [
                80.81335966398234,
                19.911396755642244
              ],
              [
                80.8031057616883,
                19.90290879991312
              ],
              [
                80.792168265908,
                19.899612901475564
              ],
              [
                80.76855173856086,
                19.896015896267215
              ],
              [
                80.76560577615595,
                19.886242133246427
              ],
              [
                80.76114614245984,
                19.874108344183952
              ],
              [
                80.7540660670661,
                19.864444444444302
              ],
              [
                80.75085968809492,
                19.865408799913112
              ],
              [
                80.74656281475268,
                19.86780544704854
              ],
              [
                80.73953156746546,
                19.86723985460064
              ],
              [
                80.73435578821216,
                19.868358832465134
              ],
              [
                80.73881542190827,
                19.876370713975632
              ],
              [
                80.7374482349357,
                19.893554144965208
              ],
              [
                80.74477245086007,
                19.90290879991312
              ],
              [
                80.74744172066357,
                19.91470486111099
              ],
              [
                80.76305043860015,
                19.928148871527654
              ],
              [
                80.7783336358288,
                19.934964463975575
              ],
              [
                80.79052438633397,
                19.933983832465188
              ],
              [
                80.7967743839227,
                19.934488389756865
              ],
              [
                80.8028127930512,
                19.93400010850685
              ],
              [
                80.8077444317737,
                19.936746690538087
              ],
              [
                80.80696318207504,
                19.946430935329772
              ],
              [
                80.81541044444111,
                19.96818793402764
              ],
              [
                80.82292997279006,
                19.974669867621415
              ],
              [
                80.83964546113287,
                19.982128363715134
              ],
              [
                80.85588894444942,
                19.98415879991306
              ],
              [
                80.86335964469214,
                19.97999213324644
              ],
              [
                80.86768907010531,
                19.978063422308892
              ],
              [
                80.8855927090313,
                19.962076280381893
              ],
              [
                80.89628606428073,
                19.958853624131848
              ],
              [
                80.89877629769506,
                19.9516392686631
              ],
              [
                80.88528346435902,
                19.948896755642238
              ]
            ]
          ],
          [
            [
              [
                83.05155867027094,
                19.932132432725624
              ],
              [
                83.03163680295683,
                19.935766059027685
              ],
              [
                83.02602157074818,
                19.944730088975618
              ],
              [
                83.02073185924723,
                19.952188585069322
              ],
              [
                83.02393823821859,
                19.97582546657972
              ],
              [
                83.02747013789758,
                20.00672553168397
              ],
              [
                83.0321088079831,
                20.009313422308963
              ],
              [
                83.0398562008275,
                20.011644965277696
              ],
              [
                83.0445274229836,
                20.022122667100575
              ],
              [
                83.06003848470772,
                20.040128038194297
              ],
              [
                83.07468691655635,
                20.041308051215196
              ],
              [
                83.08002545616347,
                20.03832546657975
              ],
              [
                83.08997011378511,
                20.036067165798528
              ],
              [
                83.09877544892947,
                20.01515245225687
              ],
              [
                83.09685487675398,
                19.98415879991306
              ],
              [
                83.09431581523341,
                19.979601508246446
              ],
              [
                83.09491802854285,
                19.972061631944385
              ],
              [
                83.0925254513408,
                19.965563422308932
              ],
              [
                83.09000266585582,
                19.951753200954784
              ],
              [
                83.08227154904688,
                19.938325466579812
              ],
              [
                83.07698183754604,
                19.931111111110965
              ],
              [
                83.05155867027094,
                19.932132432725624
              ]
            ]
          ],
          [
            [
              [
                82.363049821316,
                20.007108018663118
              ],
              [
                82.34478810961156,
                20.015030381944342
              ],
              [
                82.34667612971651,
                20.019750434027657
              ],
              [
                82.35292612730524,
                20.02843370225682
              ],
              [
                82.34895477467074,
                20.032250434027716
              ],
              [
                82.33437144696364,
                20.042610134548525
              ],
              [
                82.33665009191787,
                20.05269721137141
              ],
              [
                82.34789683237051,
                20.059138454861028
              ],
              [
                82.36029917133567,
                20.056640082465208
              ],
              [
                82.36353810237767,
                20.051000434027628
              ],
              [
                82.3669886218799,
                20.043025173611028
              ],
              [
                82.37375945260106,
                20.032055121527677
              ],
              [
                82.38000945018979,
                20.023371853298514
              ],
              [
                82.37763314902315,
                20.01073757595472
              ],
              [
                82.36959278754188,
                20.007250434027682
              ],
              [
                82.36864877748934,
                20.006111111111053
              ],
              [
                82.363049821316,
                20.007108018663118
              ]
            ]
          ],
          [
            [
              [
                82.9891075224898,
                20.109354112413072
              ],
              [
                82.99524358783088,
                20.100003526475632
              ],
              [
                82.9946576505568,
                20.070922309027694
              ],
              [
                82.98404567548425,
                20.067589789496424
              ],
              [
                82.97206651343919,
                20.073758409288104
              ],
              [
                82.95928982566028,
                20.065815700954758
              ],
              [
                82.97242458621758,
                20.050166286892264
              ],
              [
                82.98139268171627,
                20.029056260850567
              ],
              [
                82.99469020262762,
                20.033605414496435
              ],
              [
                83.0032839493121,
                20.027778591579732
              ],
              [
                83.00942001465302,
                20.015132107204735
              ],
              [
                83.00915959808691,
                20.002986111111042
              ],
              [
                83.0093386344762,
                19.994652777777702
              ],
              [
                83.0092409782639,
                19.990062934027648
              ],
              [
                83.00426051143546,
                19.9706415473089
              ],
              [
                82.99675725912192,
                19.963423122829766
              ],
              [
                82.9957318688925,
                19.962361111111022
              ],
              [
                82.98694280978316,
                19.964074164496395
              ],
              [
                82.98012315095582,
                19.9675897894964
              ],
              [
                82.97384060129639,
                19.969632432725618
              ],
              [
                82.96529568271808,
                19.976114366319322
              ],
              [
                82.96555609928436,
                19.98872829861098
              ],
              [
                82.97082953474984,
                20.004153917100552
              ],
              [
                82.96326117829477,
                20.011299099392247
              ],
              [
                82.94994738134778,
                20.002282172308952
              ],
              [
                82.9454389195455,
                19.988353949652662
              ],
              [
                82.93782173498425,
                19.977131618923508
              ],
              [
                82.91946236706741,
                19.966230740017224
              ],
              [
                82.90071237430107,
                19.962568630642266
              ],
              [
                82.8839317818169,
                19.966006944444302
              ],
              [
                82.87828399753738,
                19.977628038194354
              ],
              [
                82.87595652447698,
                19.997204047308884
              ],
              [
                82.88041615817303,
                20.018977322048514
              ],
              [
                82.89275339299678,
                20.038577745225552
              ],
              [
                82.89234649211204,
                20.05833279079853
              ],
              [
                82.89519479830483,
                20.069437120225615
              ],
              [
                82.91415637953122,
                20.081876085069368
              ],
              [
                82.921757288057,
                20.07796576605891
              ],
              [
                82.92807238978736,
                20.074901801215205
              ],
              [
                82.93425728323444,
                20.071715766058887
              ],
              [
                82.93757759445356,
                20.071780870225567
              ],
              [
                82.92831653031806,
                20.10375108506939
              ],
              [
                82.9327598879787,
                20.112361111111028
              ],
              [
                82.92909778001678,
                20.11947781032977
              ],
              [
                82.94229764471572,
                20.129259711371475
              ],
              [
                82.95051704258645,
                20.132132432725598
              ],
              [
                82.96342393864848,
                20.12171576605894
              ],
              [
                82.96807888476934,
                20.119449327256802
              ],
              [
                82.97800726635563,
                20.109130316840165
              ],
              [
                82.9891075224898,
                20.109354112413072
              ]
            ]
          ],
          [
            [
              [
                81.48704104469914,
                20.121219346788095
              ],
              [
                81.48531578494811,
                20.116527777777662
              ],
              [
                81.47027672825027,
                20.12844997829852
              ],
              [
                81.46117842446887,
                20.12772162543392
              ],
              [
                81.45203129258113,
                20.132828233506856
              ],
              [
                81.43866866752813,
                20.131754014756822
              ],
              [
                81.41804693069241,
                20.134545355902688
              ],
              [
                81.40663742988596,
                20.14091335720478
              ],
              [
                81.40808599703519,
                20.15893500434018
              ],
              [
                81.41939784162963,
                20.168680284288087
              ],
              [
                81.44900394999917,
                20.166299913194337
              ],
              [
                81.46226891883964,
                20.161433376735985
              ],
              [
                81.47585940838809,
                20.142492133246407
              ],
              [
                81.4836068012325,
                20.132596299913104
              ],
              [
                81.48704104469914,
                20.121219346788095
              ]
            ]
          ],
          [
            [
              [
                82.7824344251415,
                20.172562120225578
              ],
              [
                82.79713168509619,
                20.169555121527708
              ],
              [
                82.8050418382943,
                20.16971381293395
              ],
              [
                82.81031527375995,
                20.166999782986053
              ],
              [
                82.81697217223336,
                20.170434027777716
              ],
              [
                82.8228966491144,
                20.164273546006868
              ],
              [
                82.82646110086415,
                20.14599962022558
              ],
              [
                82.82331982603438,
                20.124503038194348
              ],
              [
                82.80616488473618,
                20.121154242621415
              ],
              [
                82.79395785819565,
                20.127444932725624
              ],
              [
                82.78660109020052,
                20.119774848090202
              ],
              [
                82.78009067604575,
                20.11550645616309
              ],
              [
                82.77906528581627,
                20.114444444444345
              ],
              [
                82.75906203832528,
                20.11547390407975
              ],
              [
                82.7459110017324,
                20.119978298610988
              ],
              [
                82.74132115975311,
                20.134134385850558
              ],
              [
                82.73009069533583,
                20.126521267360985
              ],
              [
                82.72154577675752,
                20.12383978949643
              ],
              [
                82.7128869259314,
                20.128299424913124
              ],
              [
                82.70928992211083,
                20.141983506944356
              ],
              [
                82.71762325222903,
                20.152965766058912
              ],
              [
                82.72068314688192,
                20.162401801215182
              ],
              [
                82.72387324981787,
                20.17171576605891
              ],
              [
                82.72371048946405,
                20.179975857204738
              ],
              [
                82.72608679063035,
                20.182132432725567
              ],
              [
                82.7308231169282,
                20.177192654079803
              ],
              [
                82.73425736039485,
                20.184256456163055
              ],
              [
                82.73718704676463,
                20.189936794704735
              ],
              [
                82.75243769192258,
                20.192549099392224
              ],
              [
                82.76357050012757,
                20.18410590277766
              ],
              [
                82.76882765955764,
                20.16790310329847
              ],
              [
                82.7824344251415,
                20.172562120225578
              ]
            ]
          ],
          [
            [
              [
                81.20328464375655,
                20.18566433376725
              ],
              [
                81.2148894569878,
                20.175666775173553
              ],
              [
                81.209192844602,
                20.167646755642224
              ],
              [
                81.2066212310109,
                20.161885036892286
              ],
              [
                81.19685560977865,
                20.157523057725626
              ],
              [
                81.19942722336975,
                20.154153917100558
              ],
              [
                81.208053522125,
                20.14671576605889
              ],
              [
                81.20614922598469,
                20.141527777777682
              ],
              [
                81.19877618195426,
                20.142492133246407
              ],
              [
                81.19268894471941,
                20.144730088975592
              ],
              [
                81.16477554403019,
                20.147061631944325
              ],
              [
                81.15727229171665,
                20.160530056423482
              ],
              [
                81.15963231684765,
                20.18960313585059
              ],
              [
                81.16923517772625,
                20.204947374131805
              ],
              [
                81.17745457559687,
                20.205610622829724
              ],
              [
                81.1843556146012,
                20.196813422308963
              ],
              [
                81.18692722819236,
                20.182693956163092
              ],
              [
                81.19656264114144,
                20.18191677517349
              ],
              [
                81.20328464375655,
                20.18566433376725
              ]
            ]
          ],
          [
            [
              [
                74.95530528340993,
                20.289163682725615
              ],
              [
                74.95774668871815,
                20.297305772569388
              ],
              [
                74.96899342917078,
                20.299828559027702
              ],
              [
                74.9819979814452,
                20.296491970485974
              ],
              [
                74.97981699270332,
                20.29120632595476
              ],
              [
                74.97158131879729,
                20.28651068793394
              ],
              [
                74.97073496495716,
                20.285277777777665
              ],
              [
                74.95530528340993,
                20.289163682725615
              ]
            ]
          ],
          [
            [
              [
                74.87190687808527,
                20.277925075954798
              ],
              [
                74.87106052424514,
                20.284850531683958
              ],
              [
                74.8741855230395,
                20.293021104600598
              ],
              [
                74.87327406505784,
                20.300414496527637
              ],
              [
                74.87659437627696,
                20.312007107204735
              ],
              [
                74.89020114186081,
                20.320010850694302
              ],
              [
                74.90665621363723,
                20.322057562933907
              ],
              [
                74.92732677857907,
                20.31846055772563
              ],
              [
                74.93347911995562,
                20.307986924913138
              ],
              [
                74.92918224661332,
                20.293000759548477
              ],
              [
                74.91056246213009,
                20.289757758246395
              ],
              [
                74.9073072550529,
                20.282038845486042
              ],
              [
                74.90406832401067,
                20.276944444444325
              ],
              [
                74.87190687808527,
                20.277925075954798
              ]
            ]
          ],
          [
            [
              [
                83.2261679779063,
                20.317557237413126
              ],
              [
                83.21625587235536,
                20.325784776475615
              ],
              [
                83.21208920729617,
                20.34068549262146
              ],
              [
                83.23199479857493,
                20.365384385850604
              ],
              [
                83.24250911743519,
                20.357055121527637
              ],
              [
                83.2495403647224,
                20.354007432725595
              ],
              [
                83.25292578008282,
                20.342471788194345
              ],
              [
                83.25539973746186,
                20.33815456814223
              ],
              [
                83.25489518036483,
                20.333194444444317
              ],
              [
                83.25551366970961,
                20.327151963975624
              ],
              [
                83.25287695197693,
                20.32108913845481
              ],
              [
                83.24875911502392,
                20.31766710069435
              ],
              [
                83.24781510497138,
                20.316527777777637
              ],
              [
                83.2261679779063,
                20.317557237413126
              ]
            ]
          ],
          [
            [
              [
                82.84332307352548,
                20.44287868923604
              ],
              [
                82.85294221043927,
                20.43998562282978
              ],
              [
                82.8591596559574,
                20.428836534288067
              ],
              [
                82.84833609242486,
                20.41376491970476
              ],
              [
                82.83139273958653,
                20.39353786892353
              ],
              [
                82.82530550235151,
                20.388284776475558
              ],
              [
                82.81448193881909,
                20.374861111111045
              ],
              [
                82.80456983326832,
                20.375874294704772
              ],
              [
                82.78705681919132,
                20.390958116319368
              ],
              [
                82.78018833225809,
                20.409667426215194
              ],
              [
                82.78210890443358,
                20.42806342230891
              ],
              [
                82.78435499731705,
                20.43207546657976
              ],
              [
                82.78686150676691,
                20.443139105902674
              ],
              [
                82.80945264388453,
                20.459158799913112
              ],
              [
                82.82647737689962,
                20.45689236111106
              ],
              [
                82.83564078482271,
                20.442260199652665
              ],
              [
                82.84332307352548,
                20.44287868923604
              ]
            ]
          ],
          [
            [
              [
                75.61075750449311,
                20.53849636501728
              ],
              [
                75.6066396675401,
                20.526448025173508
              ],
              [
                75.59666245784763,
                20.513296983506834
              ],
              [
                75.58948472624184,
                20.513443467881856
              ],
              [
                75.58567613396139,
                20.513366156683887
              ],
              [
                75.56762601071676,
                20.498799099392272
              ],
              [
                75.55476794276069,
                20.496756456163126
              ],
              [
                75.53868721979808,
                20.505036892361005
              ],
              [
                75.52179269506587,
                20.490465766058932
              ],
              [
                75.51088775135662,
                20.482384711371466
              ],
              [
                75.49630442364952,
                20.480089789496446
              ],
              [
                75.48220937700398,
                20.49475857204854
              ],
              [
                75.47475495279667,
                20.494608018663044
              ],
              [
                75.45921133900168,
                20.482063259548525
              ],
              [
                75.45935782332032,
                20.475158148871415
              ],
              [
                75.45071524852955,
                20.46967312282979
              ],
              [
                75.44094962729724,
                20.474706488715213
              ],
              [
                75.43198153179884,
                20.471634385850578
              ],
              [
                75.42398999842351,
                20.471797146267278
              ],
              [
                75.41489169464194,
                20.469465603298545
              ],
              [
                75.39907138824566,
                20.452998318142264
              ],
              [
                75.3872712625897,
                20.450923122829792
              ],
              [
                75.37566644935845,
                20.458784450954795
              ],
              [
                75.35720942522926,
                20.442549099392266
              ],
              [
                75.34676021051052,
                20.440506456163135
              ],
              [
                75.33845943246314,
                20.434215766058927
              ],
              [
                75.31871660153837,
                20.4314569769964
              ],
              [
                75.3151195977178,
                20.420397406683946
              ],
              [
                75.30904863651818,
                20.417589789496418
              ],
              [
                75.29890866647179,
                20.422818467881868
              ],
              [
                75.29259356474165,
                20.425882432725587
              ],
              [
                75.28588783816213,
                20.42932888454854
              ],
              [
                75.27387612404624,
                20.419632432725635
              ],
              [
                75.26334552915046,
                20.41706488715269
              ],
              [
                75.26355711761067,
                20.40715277777771
              ],
              [
                75.2634269093275,
                20.400796983506822
              ],
              [
                75.2533194913521,
                20.395897894965145
              ],
              [
                75.24470946863215,
                20.398839789496407
              ],
              [
                75.2293448912265,
                20.400882432725552
              ],
              [
                75.22589437172422,
                20.39022976345477
              ],
              [
                75.21954671792315,
                20.3841343858506
              ],
              [
                75.20789307658589,
                20.384370388454727
              ],
              [
                75.2043611769069,
                20.373489854600564
              ],
              [
                75.19039633854453,
                20.36896104600683
              ],
              [
                75.19073813528763,
                20.3519851345485
              ],
              [
                75.17757082265939,
                20.34560085720473
              ],
              [
                75.1719393144154,
                20.328254665798553
              ],
              [
                75.16961184135494,
                20.323709581163143
              ],
              [
                75.15717695031918,
                20.319673122829784
              ],
              [
                75.1530428373307,
                20.317549099392295
              ],
              [
                75.14620690246801,
                20.314228786892244
              ],
              [
                75.13391849575044,
                20.318436143663135
              ],
              [
                75.1290682372051,
                20.3102777777777
              ],
              [
                75.12374597363356,
                20.311319444444308
              ],
              [
                75.11381759204727,
                20.321642523871404
              ],
              [
                75.10668868854765,
                20.323957790798474
              ],
              [
                75.09863205103096,
                20.32379503038186
              ],
              [
                75.09023361677094,
                20.31946560329854
              ],
              [
                75.07988205826462,
                20.319677191840157
              ],
              [
                75.06969326011227,
                20.324926215277657
              ],
              [
                75.0631502938864,
                20.321548936631842
              ],
              [
                75.05016201764732,
                20.321817491319308
              ],
              [
                75.04607673276513,
                20.334370388454758
              ],
              [
                75.03059822311167,
                20.334053005642275
              ],
              [
                75.0215975755425,
                20.320316026475567
              ],
              [
                75.01409432322902,
                20.317589789496466
              ],
              [
                75.01043221526686,
                20.340050726996424
              ],
              [
                75.02991462962558,
                20.358755967881876
              ],
              [
                75.03318611273835,
                20.365526801215168
              ],
              [
                75.0441073324834,
                20.372680121527708
              ],
              [
                75.05315680815852,
                20.36957953559019
              ],
              [
                75.05717698889919,
                20.36129909939224
              ],
              [
                75.06259690868313,
                20.353299424913132
              ],
              [
                75.08336512983738,
                20.350923122829755
              ],
              [
                75.09259364190217,
                20.357173122829778
              ],
              [
                75.10533777761049,
                20.36474148220472
              ],
              [
                75.11970951685743,
                20.367549099392264
              ],
              [
                75.12384362984591,
                20.369673122829752
              ],
              [
                75.12830326354202,
                20.371837836371412
              ],
              [
                75.13450443302446,
                20.371711697048525
              ],
              [
                75.14238203415198,
                20.363516710069376
              ],
              [
                75.14578372554791,
                20.361339789496412
              ],
              [
                75.14892500037769,
                20.374161241319314
              ],
              [
                75.15927655888396,
                20.384109971788092
              ],
              [
                75.16134361537809,
                20.392589789496384
              ],
              [
                75.17161379370765,
                20.40612331814222
              ],
              [
                75.18566001224696,
                20.409545355902665
              ],
              [
                75.19265870746341,
                20.423994411892224
              ],
              [
                75.1979158668936,
                20.42904812282977
              ],
              [
                75.210074065328,
                20.424889594183895
              ],
              [
                75.21987223863113,
                20.43232367621519
              ],
              [
                75.2238435912655,
                20.440506456163135
              ],
              [
                75.2259594758658,
                20.444632432725584
              ],
              [
                75.22801025632481,
                20.44883978949639
              ],
              [
                75.23038655749139,
                20.45345811631931
              ],
              [
                75.24378173461508,
                20.457132432725558
              ],
              [
                75.25541909991699,
                20.449250759548505
              ],
              [
                75.25926024426826,
                20.45717312282973
              ],
              [
                75.26144123301026,
                20.461425238715165
              ],
              [
                75.27698484680514,
                20.461107855902696
              ],
              [
                75.28948484198253,
                20.461360134548485
              ],
              [
                75.30815345457194,
                20.460981716579795
              ],
              [
                75.31975826780297,
                20.45500840928807
              ],
              [
                75.32490149498545,
                20.455110134548548
              ],
              [
                75.33411373101484,
                20.45492296006934
              ],
              [
                75.3447745341935,
                20.462157660590137
              ],
              [
                75.34462804987487,
                20.469591742621432
              ],
              [
                75.34711828328926,
                20.474421657985985
              ],
              [
                75.36163650685455,
                20.480150824652668
              ],
              [
                75.36860265000047,
                20.487401801215213
              ],
              [
                75.37202061743193,
                20.490673285590177
              ],
              [
                75.38455316468009,
                20.490416937933915
              ],
              [
                75.39243076580749,
                20.48220160590273
              ],
              [
                75.39687412346814,
                20.480089789496446
              ],
              [
                75.40281487638458,
                20.49231309678811
              ],
              [
                75.42198804607102,
                20.494652777777688
              ],
              [
                75.42999585548154,
                20.502986111111028
              ],
              [
                75.44218660598659,
                20.50537055121515
              ],
              [
                75.45048738403398,
                20.51802517361098
              ],
              [
                75.45948803160314,
                20.523921169704735
              ],
              [
                75.47914948235126,
                20.523518337673536
              ],
              [
                75.49124257664397,
                20.519380154079784
              ],
              [
                75.50533762328945,
                20.51211290147556
              ],
              [
                75.51342681287696,
                20.51758978949644
              ],
              [
                75.51762603000697,
                20.519632432725587
              ],
              [
                75.52801014058406,
                20.528006456163098
              ],
              [
                75.5342926902436,
                20.53213243272556
              ],
              [
                75.5446768008207,
                20.540506456163072
              ],
              [
                75.55522367175149,
                20.54256944444434
              ],
              [
                75.56145739330498,
                20.54905137803813
              ],
              [
                75.56129463295116,
                20.55721788194431
              ],
              [
                75.57009996809552,
                20.557038845486034
              ],
              [
                75.57801012129397,
                20.55296576605896
              ],
              [
                75.5914704025592,
                20.550337185329795
              ],
              [
                75.59540920312287,
                20.53818305121517
              ],
              [
                75.61075750449311,
                20.53849636501728
              ]
            ]
          ],
          [
            [
              [
                82.73855423373726,
                20.57578884548603
              ],
              [
                82.73207637165297,
                20.56768337673597
              ],
              [
                82.73018835154801,
                20.54409532335059
              ],
              [
                82.71920202766177,
                20.535302191840202
              ],
              [
                82.71448197739926,
                20.526944444444354
              ],
              [
                82.69333940743115,
                20.527929144965213
              ],
              [
                82.69037716899078,
                20.534976671006802
              ],
              [
                82.68074175604141,
                20.54269558376724
              ],
              [
                82.6786095954057,
                20.55975694444429
              ],
              [
                82.68440386400351,
                20.579975857204786
              ],
              [
                82.69711544764112,
                20.595857204861034
              ],
              [
                82.7092248179693,
                20.588744574652665
              ],
              [
                82.71900671523696,
                20.604865993923497
              ],
              [
                82.73547806304902,
                20.597928331163047
              ],
              [
                82.74021438934665,
                20.589867621527716
              ],
              [
                82.74093053490384,
                20.584093695746404
              ],
              [
                82.73855423373726,
                20.57578884548603
              ]
            ]
          ],
          [
            [
              [
                82.37760059695239,
                20.507193467881834
              ],
              [
                82.36967416771887,
                20.51138861762142
              ],
              [
                82.3637008627316,
                20.504943305121444
              ],
              [
                82.36138966570661,
                20.490445421006797
              ],
              [
                82.36031544737091,
                20.487361111111042
              ],
              [
                82.35103810720028,
                20.495950792100558
              ],
              [
                82.34869435810447,
                20.508251410590205
              ],
              [
                82.34893849863539,
                20.514444444444294
              ],
              [
                82.34880829035222,
                20.51777289496519
              ],
              [
                82.34060516851696,
                20.517447374131876
              ],
              [
                82.33380178572503,
                20.52213487413185
              ],
              [
                82.32646129376542,
                20.537686631944325
              ],
              [
                82.34275360518802,
                20.550495876736022
              ],
              [
                82.34233042826793,
                20.560831163194337
              ],
              [
                82.34888967052922,
                20.575862087673542
              ],
              [
                82.35090789891706,
                20.584276801215154
              ],
              [
                82.35554656900257,
                20.59752143012139
              ],
              [
                82.3633590659885,
                20.604756130642272
              ],
              [
                82.36549122662421,
                20.609276801215174
              ],
              [
                82.36803028814455,
                20.614098578558895
              ],
              [
                82.38736621818464,
                20.610737575954744
              ],
              [
                82.39049121697923,
                20.60086208767349
              ],
              [
                82.39488574653382,
                20.594461534288058
              ],
              [
                82.3944300175429,
                20.582726508246395
              ],
              [
                82.37398731709641,
                20.57947129991311
              ],
              [
                82.37844695079247,
                20.57106065538187
              ],
              [
                82.37576140495355,
                20.560802680121455
              ],
              [
                82.37626596205064,
                20.547855088975567
              ],
              [
                82.38022103864967,
                20.540376247829798
              ],
              [
                82.37997689811897,
                20.534126247829775
              ],
              [
                82.38987272763444,
                20.52495062934014
              ],
              [
                82.38619434363687,
                20.510916612413084
              ],
              [
                82.37760059695239,
                20.507193467881834
              ]
            ]
          ],
          [
            [
              [
                82.46096645020623,
                20.672851019965165
              ],
              [
                82.46637009395477,
                20.666336534288135
              ],
              [
                82.47375941402078,
                20.660196397569322
              ],
              [
                82.47047165487243,
                20.651085883246466
              ],
              [
                82.46576788064561,
                20.650609809027657
              ],
              [
                82.45815069608437,
                20.65497178819433
              ],
              [
                82.45692999343021,
                20.650369737413072
              ],
              [
                82.4576786910581,
                20.643000759548542
              ],
              [
                82.45198207867247,
                20.635277777777645
              ],
              [
                82.43033495160728,
                20.636307237413135
              ],
              [
                82.4218714132059,
                20.64333848741306
              ],
              [
                82.42458951111558,
                20.648375922308944
              ],
              [
                82.43344367436623,
                20.652208930121432
              ],
              [
                82.431246409589,
                20.673721788194328
              ],
              [
                82.44478807103127,
                20.671833767360965
              ],
              [
                82.45198207867247,
                20.66771185980889
              ],
              [
                82.46096645020623,
                20.672851019965165
              ]
            ]
          ],
          [
            [
              [
                82.58534791263634,
                20.416332465277634
              ],
              [
                82.58166952863877,
                20.405834418402705
              ],
              [
                82.57782838428727,
                20.39856309678811
              ],
              [
                82.5782352851719,
                20.388402777777713
              ],
              [
                82.57768189996892,
                20.374596625433952
              ],
              [
                82.58590129783931,
                20.371776801215205
              ],
              [
                82.58847291143076,
                20.393236762152725
              ],
              [
                82.5948856693733,
                20.3987787543402
              ],
              [
                82.59989868827245,
                20.38816270616313
              ],
              [
                82.59665975723033,
                20.382042914496452
              ],
              [
                82.59722941846894,
                20.367569444444314
              ],
              [
                82.59648072084127,
                20.348615993923516
              ],
              [
                82.58816366675819,
                20.32958116319439
              ],
              [
                82.58884726024456,
                20.3124384223089
              ],
              [
                82.5807417946217,
                20.30860948350687
              ],
              [
                82.57701458251796,
                20.300735948350578
              ],
              [
                82.5713993503092,
                20.3009597439235
              ],
              [
                82.57185507930029,
                20.312361111111002
              ],
              [
                82.57172487101712,
                20.315775010850615
              ],
              [
                82.56135703647539,
                20.3153640407985
              ],
              [
                82.55422813297577,
                20.315644802517255
              ],
              [
                82.54262331974445,
                20.295035264756862
              ],
              [
                82.54029584668399,
                20.280468207465162
              ],
              [
                82.54063764342737,
                20.27204128689226
              ],
              [
                82.53835899847314,
                20.26119737413181
              ],
              [
                82.53407840116614,
                20.261368272569342
              ],
              [
                82.52883751777148,
                20.272452256944376
              ],
              [
                82.53222293313195,
                20.282112087673568
              ],
              [
                82.53424116152013,
                20.288443467881848
              ],
              [
                82.53638959819119,
                20.292528754340225
              ],
              [
                82.53840782657932,
                20.30302680121514
              ],
              [
                82.54063764342737,
                20.309415147569368
              ],
              [
                82.53907514403005,
                20.34899441189222
              ],
              [
                82.54303022062913,
                20.360298122829803
              ],
              [
                82.54115847655953,
                20.365445421006825
              ],
              [
                82.53222293313195,
                20.342528754340194
              ],
              [
                82.52431277993384,
                20.329609646267258
              ],
              [
                82.52126916131641,
                20.31998236762142
              ],
              [
                82.5134078362243,
                20.305110134548542
              ],
              [
                82.5107385664208,
                20.28282009548603
              ],
              [
                82.5136194246843,
                20.269018012152642
              ],
              [
                82.51334273208272,
                20.262068142360974
              ],
              [
                82.50090784104685,
                20.246776801215134
              ],
              [
                82.49293258370687,
                20.233235134548465
              ],
              [
                82.48632451333975,
                20.23011013454854
              ],
              [
                82.47685186074432,
                20.222851019965148
              ],
              [
                82.48179977550205,
                20.208739691840208
              ],
              [
                82.47711227731054,
                20.186319444444337
              ],
              [
                82.47364548177302,
                20.17978868272563
              ],
              [
                82.46184535611712,
                20.180256618923508
              ],
              [
                82.45927374252602,
                20.169416775173516
              ],
              [
                82.4530237449373,
                20.163626573350626
              ],
              [
                82.45097296447858,
                20.152945421006876
              ],
              [
                82.43142544597839,
                20.127453070746455
              ],
              [
                82.4238245374525,
                20.12386013454848
              ],
              [
                82.42281542325844,
                20.122777777777685
              ],
              [
                82.41021777186864,
                20.124116482204727
              ],
              [
                82.39843392224822,
                20.130358344183932
              ],
              [
                82.39034473266071,
                20.147480740017286
              ],
              [
                82.390572597156,
                20.153006456163084
              ],
              [
                82.39010059212973,
                20.157112087673497
              ],
              [
                82.38207650668386,
                20.152868109808892
              ],
              [
                82.37594044134295,
                20.153108181423477
              ],
              [
                82.36827442867553,
                20.15280707465267
              ],
              [
                82.36526336212864,
                20.162287868923485
              ],
              [
                82.34812469686597,
                20.173363715277688
              ],
              [
                82.35484669948102,
                20.17960150824642
              ],
              [
                82.34882456638758,
                20.188362087673553
              ],
              [
                82.34680633799962,
                20.198860134548482
              ],
              [
                82.34257456879897,
                20.205028754340162
              ],
              [
                82.33878225255359,
                20.213052842881865
              ],
              [
                82.3449671460009,
                20.230708279079778
              ],
              [
                82.3570602402936,
                20.241914333767255
              ],
              [
                82.3491175350245,
                20.253454047308963
              ],
              [
                82.34638316107942,
                20.267760687933944
              ],
              [
                82.33661753984705,
                20.267374131944322
              ],
              [
                82.33222301029258,
                20.26969346788185
              ],
              [
                82.32208304024618,
                20.272110460069314
              ],
              [
                82.31347301752623,
                20.27802680121519
              ],
              [
                82.30738578029155,
                20.280903591579786
              ],
              [
                82.30513968740803,
                20.292610134548482
              ],
              [
                82.30299125073697,
                20.298778754340162
              ],
              [
                82.30097302234884,
                20.3056431749131
              ],
              [
                82.30538382793873,
                20.318208279079755
              ],
              [
                82.32164358729074,
                20.333271755642215
              ],
              [
                82.32382457603256,
                20.344848090277637
              ],
              [
                82.31521455331261,
                20.34890896267349
              ],
              [
                82.30953421696262,
                20.355040961371458
              ],
              [
                82.30276338624145,
                20.357181260850624
              ],
              [
                82.29789685166071,
                20.362442491319328
              ],
              [
                82.2928187286198,
                20.367150336371438
              ],
              [
                82.2873825328004,
                20.37555284288183
              ],
              [
                82.29345349399995,
                20.390319281683958
              ],
              [
                82.28905896444519,
                20.402831488715137
              ],
              [
                82.2968063572896,
                20.421695421006817
              ],
              [
                82.29996390815478,
                20.438227810329778
              ],
              [
                82.31138968499675,
                20.45483344184015
              ],
              [
                82.32805634523339,
                20.457112087673508
              ],
              [
                82.33334605673417,
                20.459907497829747
              ],
              [
                82.34534149481482,
                20.45356797960062
              ],
              [
                82.35924122903549,
                20.459276801215168
              ],
              [
                82.36780242364927,
                20.461278754340142
              ],
              [
                82.37174122421294,
                20.452945421006888
              ],
              [
                82.37413380141498,
                20.448416612413055
              ],
              [
                82.37374317656571,
                20.438488226996412
              ],
              [
                82.36184539469747,
                20.430110134548514
              ],
              [
                82.35048472199708,
                20.438825954861016
              ],
              [
                82.34680633799962,
                20.43798366970472
              ],
              [
                82.35224253381887,
                20.427709418402642
              ],
              [
                82.34503225014225,
                20.417227647569305
              ],
              [
                82.35535125657776,
                20.41236111111104
              ],
              [
                82.35505828794095,
                20.404865993923522
              ],
              [
                82.3484013894676,
                20.405130479600615
              ],
              [
                82.34895477467074,
                20.39099473741308
              ],
              [
                82.36794890796779,
                20.388398708767255
              ],
              [
                82.37590788927213,
                20.384195421006822
              ],
              [
                82.38381804247024,
                20.381692979600643
              ],
              [
                82.40040332252988,
                20.371536729600606
              ],
              [
                82.4033981130413,
                20.36206814236101
              ],
              [
                82.40958300648845,
                20.35914659288187
              ],
              [
                82.41540982715708,
                20.352855902777662
              ],
              [
                82.42475227146957,
                20.353226182725606
              ],
              [
                82.42856086375008,
                20.365286729600584
              ],
              [
                82.44480434706668,
                20.367874620225578
              ],
              [
                82.44457648257134,
                20.373554958767244
              ],
              [
                82.42882128031641,
                20.385106879340157
              ],
              [
                82.42388964159397,
                20.391975368923568
              ],
              [
                82.43222297171229,
                20.39461208767348
              ],
              [
                82.43424120010042,
                20.40094346788186
              ],
              [
                82.43638963677148,
                20.405028754340137
              ],
              [
                82.43858690154872,
                20.411929796006874
              ],
              [
                82.4426396343602,
                20.419612087673514
              ],
              [
                82.44465786274804,
                20.42386013454849
              ],
              [
                82.44775030947176,
                20.429731716579738
              ],
              [
                82.45870408128735,
                20.42393744574646
              ],
              [
                82.46132452298468,
                20.43219346788183
              ],
              [
                82.46347295965603,
                20.436278754340194
              ],
              [
                82.46549118804387,
                20.442610134548488
              ],
              [
                82.47180628977418,
                20.450862087673485
              ],
              [
                82.4738245181623,
                20.457193467881865
              ],
              [
                82.47664027228427,
                20.46252794053808
              ],
              [
                82.49421839050268,
                20.458849555121475
              ],
              [
                82.50137984607312,
                20.463773057725575
              ],
              [
                82.50059859637429,
                20.483536241319314
              ],
              [
                82.507092734494,
                20.499348415798494
              ],
              [
                82.50274703304564,
                20.507555609808946
              ],
              [
                82.50318648600108,
                20.51844428168394
              ],
              [
                82.50930627530664,
                20.530028754340194
              ],
              [
                82.51132450369477,
                20.53427680121517
              ],
              [
                82.51555627289531,
                20.54044542100685
              ],
              [
                82.51757450128349,
                20.545759548611045
              ],
              [
                82.50715783863558,
                20.565445421006885
              ],
              [
                82.5051396102474,
                20.578026801215202
              ],
              [
                82.49988245081744,
                20.606359320746407
              ],
              [
                82.5032190380719,
                20.61587673611102
              ],
              [
                82.50295862150557,
                20.6221714952256
              ],
              [
                82.49444625499802,
                20.630073513454775
              ],
              [
                82.49055628254058,
                20.651549750433972
              ],
              [
                82.50009403927743,
                20.669551052517235
              ],
              [
                82.51248010220718,
                20.681029730902637
              ],
              [
                82.5154911687539,
                20.684276801215177
              ],
              [
                82.52115522906871,
                20.68627875434015
              ],
              [
                82.52382449887222,
                20.669612087673542
              ],
              [
                82.534534130157,
                20.65644476996519
              ],
              [
                82.53398074495374,
                20.642569444444376
              ],
              [
                82.53459923429858,
                20.626968858506814
              ],
              [
                82.5320764488136,
                20.617325303819385
              ],
              [
                82.53227176123812,
                20.612361111111014
              ],
              [
                82.53192996449508,
                20.603588324652677
              ],
              [
                82.53430626566166,
                20.596776801215213
              ],
              [
                82.53699181150063,
                20.585497504340125
              ],
              [
                82.54810834367004,
                20.553799913194325
              ],
              [
                82.55100547796911,
                20.535623643663058
              ],
              [
                82.55883425099023,
                20.52081651475686
              ],
              [
                82.55048464483667,
                20.508678656683912
              ],
              [
                82.5538049560555,
                20.496036241319374
              ],
              [
                82.56632122726859,
                20.48795111762145
              ],
              [
                82.57509401034218,
                20.47848253038184
              ],
              [
                82.5784143215613,
                20.46112413194436
              ],
              [
                82.5755660153684,
                20.428356391058884
              ],
              [
                82.58534791263634,
                20.416332465277634
              ]
            ]
          ],
          [
            [
              [
                82.95712511295352,
                20.938459743923516
              ],
              [
                82.96355414693159,
                20.941409776475624
              ],
              [
                82.98075791633602,
                20.950756293402705
              ],
              [
                82.99573186889222,
                20.951647406683918
              ],
              [
                83.01031519659932,
                20.95077663845474
              ],
              [
                83.02107365599045,
                20.951419542100624
              ],
              [
                83.02965112663958,
                20.943757595486034
              ],
              [
                83.03212508401845,
                20.938345811631834
              ],
              [
                83.04045841413676,
                20.92641547309013
              ],
              [
                83.0361289887237,
                20.919119737413112
              ],
              [
                83.03022078787802,
                20.913838161892272
              ],
              [
                83.02732365357906,
                20.9075311957464
              ],
              [
                83.01409123680929,
                20.90146023220474
              ],
              [
                83.00663681260176,
                20.896251898871412
              ],
              [
                82.99529241593677,
                20.899287380642235
              ],
              [
                82.97777940186006,
                20.888459743923548
              ],
              [
                82.97354763265952,
                20.890551215277696
              ],
              [
                82.97403591372114,
                20.898762478298508
              ],
              [
                82.96679307797353,
                20.896565212673508
              ],
              [
                82.95933865376617,
                20.892512478298485
              ],
              [
                82.94879178283537,
                20.890543077256865
              ],
              [
                82.94104438999096,
                20.8863316514756
              ],
              [
                82.92795845753955,
                20.884293077256828
              ],
              [
                82.91350533811561,
                20.877929144965194
              ],
              [
                82.90512317989118,
                20.87533718532974
              ],
              [
                82.87896759102352,
                20.852082790798505
              ],
              [
                82.87424754076136,
                20.846809353298497
              ],
              [
                82.86174754558391,
                20.841999782985994
              ],
              [
                82.85904572370941,
                20.833235134548488
              ],
              [
                82.84859650899097,
                20.826590440538098
              ],
              [
                82.8441531513302,
                20.814220648871483
              ],
              [
                82.84879182141543,
                20.805675726996427
              ],
              [
                82.84275341228687,
                20.798457302517306
              ],
              [
                82.83004182864937,
                20.792626410590145
              ],
              [
                82.82359651863584,
                20.78911892361097
              ],
              [
                82.81348910066026,
                20.79617458767349
              ],
              [
                82.79547152948675,
                20.797248806423525
              ],
              [
                82.79058871887048,
                20.79459581163185
              ],
              [
                82.77978143137318,
                20.792577582465213
              ],
              [
                82.77403599088149,
                20.78614447699644
              ],
              [
                82.76962518529155,
                20.782209743923488
              ],
              [
                82.7686486231683,
                20.78111111111103
              ],
              [
                82.75111933305612,
                20.78238064236102
              ],
              [
                82.7506310519945,
                20.790522732204778
              ],
              [
                82.75373977475351,
                20.807217881944354
              ],
              [
                82.76129185517311,
                20.817626410590165
              ],
              [
                82.78388299229078,
                20.84221137152771
              ],
              [
                82.78803338131462,
                20.864407823350575
              ],
              [
                82.79097934371964,
                20.870840928819348
              ],
              [
                82.80082634512911,
                20.87963406032982
              ],
              [
                82.80313754215399,
                20.884671495225618
              ],
              [
                82.81164990866176,
                20.89227647569436
              ],
              [
                82.82006461895679,
                20.901692165798494
              ],
              [
                82.82867464167674,
                20.907710232204764
              ],
              [
                82.83642203452126,
                20.911262478298482
              ],
              [
                82.8467084888859,
                20.91970974392352
              ],
              [
                82.85308869475779,
                20.92167914496514
              ],
              [
                82.86337514912253,
                20.930126410590177
              ],
              [
                82.87097605764842,
                20.932474229600587
              ],
              [
                82.88303659987037,
                20.945975206163084
              ],
              [
                82.89192331519206,
                20.95080105251725
              ],
              [
                82.89885690626681,
                20.95121202256938
              ],
              [
                82.90927356891478,
                20.950593532986005
              ],
              [
                82.92729114008853,
                20.95166775173604
              ],
              [
                82.94858019437521,
                20.93249050564225
              ],
              [
                82.95712511295352,
                20.938459743923516
              ]
            ]
          ],
          [
            [
              [
                80.16835665761784,
                20.938455674913058
              ],
              [
                80.14986708141777,
                20.962308213975618
              ],
              [
                80.15411512665389,
                20.989615342881876
              ],
              [
                80.16337619078928,
                20.99679307725684
              ],
              [
                80.17092827120894,
                21.000259874131828
              ],
              [
                80.17688530016079,
                21.005582139756854
              ],
              [
                80.1728325673493,
                21.013052842881862
              ],
              [
                80.17725964897465,
                21.02272081163187
              ],
              [
                80.19076875834605,
                21.027567003038087
              ],
              [
                80.20172253016182,
                21.028218044704715
              ],
              [
                80.21412486912698,
                21.025329047308915
              ],
              [
                80.22538788561513,
                21.020161404079758
              ],
              [
                80.23210988823001,
                21.007795681423516
              ],
              [
                80.22553436993348,
                20.998375922308924
              ],
              [
                80.22668996844612,
                20.97903184678806
              ],
              [
                80.22348358947471,
                20.958442654079803
              ],
              [
                80.21353893185307,
                20.951500922308966
              ],
              [
                80.199460161243,
                20.94715115017351
              ],
              [
                80.19475638701618,
                20.944595811631856
              ],
              [
                80.18264701668784,
                20.939041612413092
              ],
              [
                80.18114962143233,
                20.937361111110974
              ],
              [
                80.16835665761784,
                20.938455674913058
              ]
            ]
          ],
          [
            [
              [
                83.20922462506786,
                21.200963812933907
              ],
              [
                83.22413347348265,
                21.192378200954764
              ],
              [
                83.22800716990508,
                21.184012315538084
              ],
              [
                83.22214779716563,
                21.17265977647557
              ],
              [
                83.23210873082263,
                21.148127712673514
              ],
              [
                83.21353777444568,
                21.130293240017224
              ],
              [
                83.21137306173915,
                21.126810167100558
              ],
              [
                83.21835548092025,
                21.116527777777634
              ],
              [
                83.21010353097876,
                21.10436957465265
              ],
              [
                83.20300717955001,
                21.100923122829784
              ],
              [
                83.19879168638482,
                21.098758409288124
              ],
              [
                83.19260679293745,
                21.09888454861101
              ],
              [
                83.18821226338292,
                21.098795030381837
              ],
              [
                83.17844664215062,
                21.09376573350687
              ],
              [
                83.16824156796264,
                21.097256944444368
              ],
              [
                83.15928974849965,
                21.090465766058955
              ],
              [
                83.14259053619224,
                21.080089789496384
              ],
              [
                83.14156514596277,
                21.07902777777764
              ],
              [
                83.13617777824959,
                21.080130479600555
              ],
              [
                83.12810486469749,
                21.079963650173482
              ],
              [
                83.11762309790811,
                21.088423122829724
              ],
              [
                83.11088481925765,
                21.091694607204772
              ],
              [
                83.09771750662952,
                21.0949050564235
              ],
              [
                83.08323183513477,
                21.09461208767354
              ],
              [
                83.07956972717255,
                21.094685329860965
              ],
              [
                83.08023704462329,
                21.12722520616306
              ],
              [
                83.09470644008263,
                21.130049099392266
              ],
              [
                83.09900331342504,
                21.132254503038098
              ],
              [
                83.10614849296002,
                21.132112087673534
              ],
              [
                83.11531190088323,
                21.132295193142284
              ],
              [
                83.12419861620464,
                21.127717556423534
              ],
              [
                83.13966084982263,
                21.12803087022563
              ],
              [
                83.15155863169059,
                21.136099717881876
              ],
              [
                83.1618125339848,
                21.130814073350578
              ],
              [
                83.16741149015792,
                21.14236599392349
              ],
              [
                83.1738730762068,
                21.15088243272558
              ],
              [
                83.17595640873628,
                21.167846137152694
              ],
              [
                83.18131122437865,
                21.183519965277696
              ],
              [
                83.1863730713842,
                21.188382432725575
              ],
              [
                83.18848895598444,
                21.19490912543391
              ],
              [
                83.19483660978551,
                21.201004503038078
              ],
              [
                83.20302345558537,
                21.200837673611005
              ],
              [
                83.20922462506786,
                21.200963812933907
              ]
            ]
          ],
          [
            [
              [
                82.57581015589932,
                21.35703884548603
              ],
              [
                82.55995729743205,
                21.369742296006876
              ],
              [
                82.55730430366401,
                21.376016710069322
              ],
              [
                82.54874310905024,
                21.386205512152685
              ],
              [
                82.54626915167125,
                21.394844021267303
              ],
              [
                82.53855431089761,
                21.405407172308898
              ],
              [
                82.54089805999348,
                21.41301215277764
              ],
              [
                82.55313763860471,
                21.421622178819376
              ],
              [
                82.56739544560395,
                21.43399603949645
              ],
              [
                82.57776328014563,
                21.437983669704792
              ],
              [
                82.58822877089983,
                21.429605577256808
              ],
              [
                82.59070272827881,
                21.418212348090222
              ],
              [
                82.60051717761729,
                21.41407009548601
              ],
              [
                82.60662069088738,
                21.398217230902645
              ],
              [
                82.60769490922308,
                21.38961534288184
              ],
              [
                82.60159139595282,
                21.368297797308884
              ],
              [
                82.59097942088027,
                21.359813910590134
              ],
              [
                82.58207642952351,
                21.357266710069325
              ],
              [
                82.58114869550633,
                21.35611111111102
              ],
              [
                82.57581015589932,
                21.35703884548603
              ]
            ]
          ],
          [
            [
              [
                83.63057862917515,
                21.559935980902637
              ],
              [
                83.63666586641017,
                21.557063259548514
              ],
              [
                83.64148357288468,
                21.551863064236016
              ],
              [
                83.64506430066984,
                21.548546820746424
              ],
              [
                83.65321859439894,
                21.548868272569365
              ],
              [
                83.6584920298643,
                21.560021430121452
              ],
              [
                83.66555582922268,
                21.563362087673553
              ],
              [
                83.68090413059286,
                21.571475694444345
              ],
              [
                83.69055581957741,
                21.57377875434021
              ],
              [
                83.69831948845723,
                21.57649685329848
              ],
              [
                83.71189370197027,
                21.57366075303814
              ],
              [
                83.71944578238993,
                21.565494249131874
              ],
              [
                83.72805580510988,
                21.56344346788181
              ],
              [
                83.73718666096221,
                21.557160915798534
              ],
              [
                83.74908444283045,
                21.544327256944328
              ],
              [
                83.7533324880664,
                21.526472439236002
              ],
              [
                83.7526488945802,
                21.50908555772564
              ],
              [
                83.74355059079875,
                21.48692572699639
              ],
              [
                83.7347615316894,
                21.48219346788187
              ],
              [
                83.72369382762616,
                21.490685492621452
              ],
              [
                83.7155883620033,
                21.49036404079851
              ],
              [
                83.70712482360187,
                21.496858181423505
              ],
              [
                83.69937743075747,
                21.496548936631868
              ],
              [
                83.68757730510168,
                21.499645453558912
              ],
              [
                83.67790934008144,
                21.494534776475604
              ],
              [
                83.66820882299072,
                21.494917263454752
              ],
              [
                83.65806885294433,
                21.491365017361034
              ],
              [
                83.65372315149597,
                21.47764024522563
              ],
              [
                83.64465739978522,
                21.471776801215213
              ],
              [
                83.6436482855911,
                21.470694444444334
              ],
              [
                83.63819581373633,
                21.472419704860997
              ],
              [
                83.61562095265413,
                21.488760850694376
              ],
              [
                83.60684816958047,
                21.5036778428818
              ],
              [
                83.60736900271291,
                21.516719021267264
              ],
              [
                83.6066203050849,
                21.52169542100684
              ],
              [
                83.58948163982205,
                21.51568956163186
              ],
              [
                83.57698164464472,
                21.52007188585057
              ],
              [
                83.569510944402,
                21.517451443142235
              ],
              [
                83.55378829421761,
                21.518074001735968
              ],
              [
                83.54063725762484,
                21.532282986111028
              ],
              [
                83.53323166152353,
                21.531985948350595
              ],
              [
                83.52636317459002,
                21.53225857204852
              ],
              [
                83.52388921721132,
                21.553405219183944
              ],
              [
                83.52869064765048,
                21.562479112413087
              ],
              [
                83.5369100455211,
                21.5700881618923
              ],
              [
                83.54472254250715,
                21.57377875434021
              ],
              [
                83.55240483120991,
                21.577843695746438
              ],
              [
                83.56068933322194,
                21.580468207465145
              ],
              [
                83.57774661830797,
                21.579792751736022
              ],
              [
                83.5863240889571,
                21.586360134548528
              ],
              [
                83.59263919068724,
                21.588362087673488
              ],
              [
                83.5996216098685,
                21.590807562933918
              ],
              [
                83.61189374055056,
                21.588244086371432
              ],
              [
                83.62276613218938,
                21.576500922308938
              ],
              [
                83.63057862917515,
                21.559935980902637
              ]
            ]
          ],
          [
            [
              [
                82.88759388977883,
                22.184618598090125
              ],
              [
                82.89462513706638,
                22.18209581163181
              ],
              [
                82.91010364671973,
                22.180024685329798
              ],
              [
                82.92991158178614,
                22.16845241970475
              ],
              [
                82.93629178765786,
                22.160489366319354
              ],
              [
                82.92411731318816,
                22.149604763454732
              ],
              [
                82.92183866823399,
                22.144367947048522
              ],
              [
                82.93017199835225,
                22.14054307725688
              ],
              [
                82.93420845512827,
                22.13834581163188
              ],
              [
                82.94053983289393,
                22.135440538194317
              ],
              [
                82.95100532364808,
                22.13220974392354
              ],
              [
                82.96007107535883,
                22.128954535590154
              ],
              [
                82.97086208682055,
                22.123091091579752
              ],
              [
                82.9845665086167,
                22.098567165798514
              ],
              [
                82.98414333169649,
                22.091405707465142
              ],
              [
                82.97906520865587,
                22.08319444444433
              ],
              [
                82.9696251081312,
                22.08417914496519
              ],
              [
                82.95124946417872,
                22.09416856553814
              ],
              [
                82.94045845271694,
                22.09667914496515
              ],
              [
                82.93599881902088,
                22.099108344183918
              ],
              [
                82.92802356168119,
                22.098632269965194
              ],
              [
                82.92297799071099,
                22.098933376736
              ],
              [
                82.9051720079973,
                22.111376410590125
              ],
              [
                82.89387643943849,
                22.117956000433935
              ],
              [
                82.88437123477235,
                22.117390407986036
              ],
              [
                82.8760053525832,
                22.123876410590185
              ],
              [
                82.86404246657361,
                22.127571072048482
              ],
              [
                82.85933869234657,
                22.130126410590222
              ],
              [
                82.85504181900438,
                22.132095811631842
              ],
              [
                82.84683869716918,
                22.138459743923477
              ],
              [
                82.82660758518267,
                22.141613226996455
              ],
              [
                82.81850211955981,
                22.132531195746466
              ],
              [
                82.81096631517534,
                22.136620551215216
              ],
              [
                82.80725537910718,
                22.149104275173514
              ],
              [
                82.81700472430413,
                22.153584255642244
              ],
              [
                82.81962516600146,
                22.159293077256876
              ],
              [
                82.82231071184037,
                22.16422064887145
              ],
              [
                82.81962516600146,
                22.171679144965154
              ],
              [
                82.81767204175503,
                22.180582139756865
              ],
              [
                82.82600537187335,
                22.192512478298468
              ],
              [
                82.82795849611983,
                22.196793077256885
              ],
              [
                82.83433870199173,
                22.205012478298528
              ],
              [
                82.83629182623804,
                22.209293077256845
              ],
              [
                82.83920523657247,
                22.214643825954752
              ],
              [
                82.85715770360463,
                22.21080674913189
              ],
              [
                82.86638621566931,
                22.204365505642286
              ],
              [
                82.86975535499442,
                22.18986762152764
              ],
              [
                82.87637970139701,
                22.183951280381834
              ],
              [
                82.88759388977883,
                22.184618598090125
              ]
            ]
          ],
          [
            [
              [
                82.40505826865075,
                22.24589382595481
              ],
              [
                82.39249316933177,
                22.230183376736008
              ],
              [
                82.39052376905005,
                22.216625434027662
              ],
              [
                82.38599903121212,
                22.20894721137141
              ],
              [
                82.38686166108783,
                22.202042100694385
              ],
              [
                82.38132780905613,
                22.192923448350598
              ],
              [
                82.37582650909513,
                22.18851671006938
              ],
              [
                82.37489877507807,
                22.187361111110988
              ],
              [
                82.36869760559551,
                22.188443467881868
              ],
              [
                82.35813445862908,
                22.19464870876726
              ],
              [
                82.33972626260606,
                22.197326117621444
              ],
              [
                82.33302053602648,
                22.20650173611098
              ],
              [
                82.33466441560051,
                22.219652777777668
              ],
              [
                82.3324997028941,
                22.237031521267284
              ],
              [
                82.34179331910013,
                22.253474392361042
              ],
              [
                82.34888967052922,
                22.25259141710059
              ],
              [
                82.35164032050972,
                22.262190212673545
              ],
              [
                82.36130828552962,
                22.26925808376727
              ],
              [
                82.36850229317076,
                22.27015326605894
              ],
              [
                82.37898405996032,
                22.262499457465182
              ],
              [
                82.39257454950877,
                22.271142035590174
              ],
              [
                82.39862923467291,
                22.266287706163126
              ],
              [
                82.40707649703887,
                22.25473171657974
              ],
              [
                82.40505826865075,
                22.24589382595481
              ]
            ]
          ],
          [
            [
              [
                83.24652929817586,
                22.272029079861014
              ],
              [
                83.24993098957168,
                22.262995876736028
              ],
              [
                83.25292578008282,
                22.236221788194328
              ],
              [
                83.25709244514206,
                22.22894639756936
              ],
              [
                83.25162369725211,
                22.216031358506797
              ],
              [
                83.24211849258563,
                22.210587022569342
              ],
              [
                83.22934180480678,
                22.215388454861014
              ],
              [
                83.22564714477386,
                22.20899197048604
              ],
              [
                83.22642839447235,
                22.201354437933958
              ],
              [
                83.21542579455064,
                22.198917100694374
              ],
              [
                83.21448178449822,
                22.197777777777645
              ],
              [
                83.20365822096556,
                22.198860134548525
              ],
              [
                83.19838478549991,
                22.212947048610957
              ],
              [
                83.19459246925481,
                22.219555121527648
              ],
              [
                83.1920696837696,
                22.225369737413132
              ],
              [
                83.18367124950987,
                22.22901150173604
              ],
              [
                83.17660745015183,
                22.234879014756828
              ],
              [
                83.17375914395899,
                22.242471788194365
              ],
              [
                83.17187112385403,
                22.25100043402766
              ],
              [
                83.16562112626531,
                22.259683702256808
              ],
              [
                83.167916047255,
                22.269392361111002
              ],
              [
                83.17450784158689,
                22.27733100043389
              ],
              [
                83.18248309892664,
                22.283947211371412
              ],
              [
                83.18673114416265,
                22.29376980251729
              ],
              [
                83.20245379434675,
                22.30682725694433
              ],
              [
                83.20380470528391,
                22.320014919704803
              ],
              [
                83.20015887335734,
                22.329707302517235
              ],
              [
                83.20126564376358,
                22.340486111111005
              ],
              [
                83.2002402535341,
                22.350467393663124
              ],
              [
                83.21570248715216,
                22.35705512152768
              ],
              [
                83.23399675092753,
                22.35467068142347
              ],
              [
                83.23474544855543,
                22.347297634548482
              ],
              [
                83.23020443468232,
                22.339363064236053
              ],
              [
                83.23259701188425,
                22.3327387152777
              ],
              [
                83.24023047248096,
                22.329430609808938
              ],
              [
                83.25050065081024,
                22.320906032986016
              ],
              [
                83.2515097650043,
                22.310879991319354
              ],
              [
                83.24871028691774,
                22.304422471788072
              ],
              [
                83.24073502957793,
                22.297794053819345
              ],
              [
                83.24010026419779,
                22.291527777777645
              ],
              [
                83.24094661803787,
                22.283222927517272
              ],
              [
                83.23756120267745,
                22.271117621527665
              ],
              [
                83.24652929817586,
                22.272029079861014
              ]
            ]
          ]
        ]
      }
    },
    {
      "type": "Feature",
      "properties": {
        "name": "Восточно-Африканское плоскогорье",
        "name_en": "East African Plateau",
        "description": "Плоскогорье с столовыми вершинами и каньонообразными долинами, сформированными эрозией."
      },
      "geometry": {
        "coordinates": [
          [
            [
              40.73597224876758,
              -0.9270904114686118
            ],
            [
              36.86732553420731,
              3.1028884127117777
            ],
            [
              29.29292249307042,
              1.2717849213737082
            ],
            [
              29.577980672038763,
              -6.3707906005616906
            ],
            [
              33.52807258058763,
              -8.671847600843108
            ],
            [
              34.912640878429954,
              -12.195588584523833
            ],
            [
              40.002965502850486,
              -11.837116589924292
            ],
            [
              38.82201018998455,
              -7.4219026236689984
            ],
            [
              38.69984239900003,
              -5.722857776671688
            ],
            [
              39.47357174191143,
              -3.3685444354865126
            ],
            [
              40.73597224876758,
              -0.9270904114686118
            ]
          ]
        ],
        "type": "Polygon"
      }
    },
    {
      "type": "Feature",
      "properties": {
        "name": "Западно-Австралийское плоскогорье",
        "name_en": "Western Plateau",
        "description": "Высокое плато с разрежённым воздухом и большими суточными колебаниями температур."
      },
      "geometry": {
        "type": "Polygon",
        "coordinates": [
          [
            [
              130.2732039722712,
              -20.71563079219341
            ],
            [
              131.0070906910212,
              -20.66875579219345
            ],
            [
              131.2480574878962,
              -20.67534758906838
            ],
            [
              131.4589949878962,
              -20.692559503130923
            ],
            [
              131.8776961597712,
              -20.703545831255937
            ],
            [
              132.72278893320876,
              -20.65764739375591
            ],
            [
              132.93238365977126,
              -20.67266204219345
            ],
            [
              133.13599694102126,
              -20.72039153438091
            ],
            [
              133.32911217539626,
              -20.79802825313091
            ],
            [
              134.3989363941462,
              -21.392632745318394
            ],
            [
              134.6242781910212,
              -21.54375579219345
            ],
            [
              134.71509850352126,
              -21.597100518755894
            ],
            [
              134.90430748789626,
              -21.678399346880937
            ],
            [
              134.99549401133376,
              -21.72771575313095
            ],
            [
              135.1059676441462,
              -21.80791594844345
            ],
            [
              135.21692955820876,
              -21.90361907344341
            ],
            [
              135.31812584727126,
              -22.00872161250591
            ],
            [
              135.39954674570876,
              -22.116631768755965
            ],
            [
              135.4386092457087,
              -22.188042901568437
            ],
            [
              135.7020369800837,
              -22.820977471880923
            ],
            [
              135.7447615894587,
              -22.955132745318394
            ],
            [
              135.7838240894587,
              -23.23394133906845
            ],
            [
              135.77137291758376,
              -23.51580169063091
            ],
            [
              135.6464949878962,
              -24.696343682818394
            ],
            [
              135.6434432300837,
              -25.141045831255894
            ],
            [
              135.6268416675837,
              -25.377496026568423
            ],
            [
              135.5589705738337,
              -25.844659112505894
            ],
            [
              135.5035506519587,
              -26.102227471880965
            ],
            [
              135.46680748789626,
              -26.22075774531845
            ],
            [
              135.41920006602126,
              -26.32940032344338
            ],
            [
              135.2092391285212,
              -26.65129973750591
            ],
            [
              135.1507674488337,
              -26.766534112505937
            ],
            [
              135.04041588633376,
              -27.05498626094341
            ],
            [
              134.97535240977126,
              -27.193780206255937
            ],
            [
              134.89039147227126,
              -27.32427337031838
            ],
            [
              134.1027938160212,
              -28.168511651568423
            ],
            [
              133.95923912852126,
              -28.295830987505923
            ],
            [
              133.78614342539626,
              -28.392632745318423
            ],
            [
              133.5490828785212,
              -28.464410089068394
            ],
            [
              133.2976180347712,
              -28.50750090938088
            ],
            [
              133.04224694102126,
              -28.53423430781841
            ],
            [
              132.35680996418884,
              -28.564659024975697
            ],
            [
              126.0129500660212,
              -28.84624602656838
            ],
            [
              125.4397078785212,
              -28.943658135943423
            ],
            [
              124.95289147227126,
              -29.109185479693394
            ],
            [
              124.34878030214847,
              -29.402837418556203
            ],
            [
              124.02271569102126,
              -29.56133391719341
            ],
            [
              123.53614342539626,
              -29.733208917193423
            ],
            [
              122.9262801441462,
              -29.84722258906838
            ],
            [
              120.6318465503962,
              -30.03264739375591
            ],
            [
              120.19654381602126,
              -30.02642180781838
            ],
            [
              119.7639266285212,
              -29.980401300005923
            ],
            [
              119.3392440113337,
              -29.89031340938095
            ],
            [
              118.6391707691462,
              -29.674371026568423
            ],
            [
              117.7058211597712,
              -29.31743743281845
            ],
            [
              117.5859481128962,
              -29.260186456255923
            ],
            [
              117.47754967539626,
              -29.191827081255937
            ],
            [
              117.2885848316462,
              -29.005425714068394
            ],
            [
              117.1279403003962,
              -28.77642180781845
            ],
            [
              116.7661238941462,
              -28.16887786250591
            ],
            [
              116.0672713550837,
              -26.50591399531845
            ],
            [
              115.6628524097712,
              -25.255059503130937
            ],
            [
              115.49647057383376,
              -23.97795989375591
            ],
            [
              115.7137557300837,
              -22.703667901568423
            ],
            [
              116.08057701914626,
              -22.04424407344345
            ],
            [
              116.21802870364345,
              -21.930607791024357
            ],
            [
              116.51986619153033,
              -21.681067815260093
            ],
            [
              116.59559166758376,
              -21.618462823443394
            ],
            [
              117.2423201832087,
              -21.37468840938088
            ],
            [
              118.00416100352126,
              -21.261529229693423
            ],
            [
              119.7491561207087,
              -21.140313409380923
            ],
            [
              121.33267561464507,
              -21.093342122946055
            ],
            [
              122.0537215503962,
              -21.071954034380937
            ],
            [
              122.7019149097712,
              -20.968560479693423
            ],
            [
              125.93311608164626,
              -20.85491301875595
            ],
            [
              127.1700545582087,
              -20.738824151568423
            ],
            [
              128.3145858082087,
              -20.712823175005965
            ],
            [
              128.44319041094943,
              -20.69962178564748
            ],
            [
              128.9270125660212,
              -20.649956964068437
            ],
            [
              130.2732039722712,
              -20.71563079219341
            ]
          ]
        ]
      }
    }
  ]
}